job_title,country,salary,doj,dob
Support Engineer,USA,62026.12,2023-10-03,1984-11-21
Junior Developer,Netherlands,51292.70,2017-03-21,1996-03-31
Finance Manager,Japan,128769.91,2019-10-25,1972-02-27
Junior Developer,Switzerland,46171.72,2017-02-05,1981-09-05
Marketing Manager,Mexico,84111.54,2021-08-04,1990-10-30
Project Manager,South Africa,80336.83,2016-08-19,1980-06-27
Software Engineer,UK,83492.50,2018-04-08,1985-12-31
Compliance Officer,UK,112133.02,2018-08-08,1979-06-17
Customer Success Manager,Ireland,94745.39,2024-02-07,1984-09-07
Finance Manager,Ireland,91285.52,2021-09-16,1976-04-26
Technical Writer,Norway,68073.71,2022-07-01,1977-05-15
Scrum Master,Switzerland,86533.63,2021-02-11,1988-10-06
Project Manager,Switzerland,92826.21,2021-06-01,1999-06-20
Software Engineer,UAE,66476.59,2020-04-11,1986-06-03
DevOps Engineer,Brazil,102095.51,2022-12-08,1981-09-02
Data Analyst,UK,57170.81,2020-01-20,1996-06-14
Frontend Developer,UK,82929.05,2024-09-12,1979-03-30
HR Manager,Denmark,83805.02,2020-02-07,1972-05-08
Accountant,Canada,64853.24,2017-03-11,1985-06-06
UX Designer,Brazil,70374.39,2021-02-05,1979-05-21
Product Manager,Norway,120707.14,2023-02-22,1995-04-09
Machine Learning Engineer,France,121820.78,2023-04-25,1991-01-02
IT Specialist,New Zealand,59307.74,2017-01-16,1978-07-08
Software Engineer,Singapore,72620.75,2022-10-02,1983-09-10
VP of Engineering,UAE,201828.04,2018-05-16,1986-07-24
Financial Analyst,South Africa,69961.01,2017-03-06,1974-05-01
UI Designer,UK,60173.14,2020-08-20,1978-09-26
Financial Analyst,Japan,67695.17,2016-10-01,2000-05-15
Support Engineer,Japan,70994.95,2015-09-20,1999-07-18
Customer Success Manager,Sweden,77663.54,2018-02-18,1985-07-21
Compliance Officer,New Zealand,76623.69,2019-11-06,1997-07-27
UX Designer,South Africa,100616.45,2016-11-11,1996-05-08
Business Analyst,UK,65955.87,2021-08-30,1989-06-26
Support Engineer,Norway,74806.08,2016-10-17,1983-04-12
System Administrator,South Africa,71359.46,2016-11-09,1976-07-04
Frontend Developer,Norway,87177.54,2017-02-01,1988-11-16
Cloud Architect,Sweden,138721.29,2016-10-19,1972-08-28
Network Engineer,India,80112.81,2020-12-11,1998-06-01
Network Engineer,Singapore,88994.99,2024-07-30,1987-01-15
Operations Manager,New Zealand,76388.04,2017-07-02,1972-10-11
CTO,Switzerland,217990.35,2017-03-17,1971-02-22
Cloud Architect,South Africa,128737.16,2020-11-08,1997-05-14
Accountant,UAE,59158.70,2023-01-31,1995-03-13
Junior Developer,UAE,66521.01,2023-10-26,1997-11-28
Product Manager,Denmark,113748.58,2015-12-05,1990-07-25
Project Manager,Australia,103366.25,2017-03-17,1977-01-05
Finance Manager,Ireland,96058.93,2020-08-10,1990-12-14
System Administrator,India,83003.51,2018-08-25,1981-06-14
Software Engineer,Mexico,63070.20,2016-12-24,1970-07-01
DevOps Engineer,Australia,91122.73,2023-02-04,1984-02-05
UI Designer,Mexico,66789.32,2016-10-31,1974-01-09
Sales Manager,UAE,99479.36,2017-06-09,1981-08-04
Marketing Manager,Brazil,77596.74,2018-10-15,1999-05-16
Legal Counsel,Ireland,124000.24,2021-09-29,1980-11-14
System Administrator,Switzerland,86421.43,2015-04-25,1975-02-19
Backend Developer,Mexico,74672.58,2019-04-26,1987-05-08
Scrum Master,India,75693.64,2016-08-15,1983-01-20
UI Designer,Norway,62764.30,2020-06-10,1974-02-02
UI Designer,Ireland,92262.30,2022-08-23,1973-02-02
Senior Software Engineer,UK,130048.57,2015-04-23,1997-04-10
Security Analyst,Singapore,97873.96,2023-08-26,1997-08-01
Machine Learning Engineer,Germany,131772.11,2021-07-07,1973-12-29
Software Engineer,Netherlands,74016.93,2024-08-30,1978-12-23
UX Designer,Netherlands,75063.68,2022-11-29,1989-06-24
Data Analyst,India,73612.20,2018-04-08,1986-06-21
Frontend Developer,Germany,73725.53,2024-03-05,1988-11-01
Marketing Manager,Switzerland,89926.11,2024-07-19,1983-12-05
Cloud Architect,Germany,122291.84,2015-06-23,1972-03-20
Product Manager,Sweden,128309.13,2024-11-03,1998-10-01
Customer Success Manager,South Africa,77441.77,2023-01-24,1977-01-06
Software Engineer,Japan,79932.96,2022-09-16,1986-03-07
System Administrator,India,58651.97,2016-01-28,1982-12-11
Database Administrator,Brazil,67618.69,2018-02-12,1977-10-10
Operations Manager,Singapore,82714.29,2018-05-10,1989-03-14
Cloud Architect,Sweden,136516.77,2015-11-01,1971-10-30
Data Scientist,Netherlands,126820.13,2016-12-04,1971-11-22
Security Analyst,Ireland,90589.89,2018-06-29,1988-07-07
Cloud Architect,Denmark,142450.68,2018-10-18,1975-09-15
Backend Developer,South Africa,85931.30,2016-10-19,1994-03-23
Marketing Manager,Germany,82695.25,2017-01-29,1998-12-22
Legal Counsel,Australia,146247.56,2021-08-14,1995-10-20
Data Analyst,UK,88517.61,2016-09-26,1999-07-23
Legal Counsel,Singapore,142781.69,2017-10-27,1978-03-20
Support Engineer,USA,55991.57,2024-02-04,1977-07-03
Content Writer,Mexico,52541.78,2019-02-23,1978-06-30
Software Engineer,UK,84941.67,2019-05-08,1993-05-10
Sales Manager,France,79004.65,2019-12-19,1981-08-26
Support Engineer,UK,57246.08,2022-07-29,1979-02-19
Data Scientist,Denmark,97454.88,2015-04-18,1986-02-24
Operations Manager,UAE,90896.67,2020-11-09,1990-09-30
Data Scientist,UAE,101210.70,2022-06-18,1997-04-30
Data Analyst,USA,76616.98,2024-03-29,1997-08-19
Technical Writer,Japan,84201.30,2022-03-27,1978-06-02
Operations Manager,Sweden,84897.71,2021-05-12,1994-02-14
QA Engineer,Japan,84610.24,2017-06-22,1998-12-28
Compliance Officer,New Zealand,107315.42,2021-06-14,1996-10-10
Sales Manager,Netherlands,99417.41,2022-12-02,1984-04-26
Financial Analyst,France,93196.49,2017-07-17,1995-09-17
Customer Success Manager,Denmark,77439.04,2024-10-21,1983-06-27
Customer Success Manager,Switzerland,95982.90,2022-10-27,1986-06-23
Frontend Developer,UK,81487.93,2022-03-23,1995-03-23
Network Engineer,Singapore,88250.31,2018-11-28,1995-05-10
Business Analyst,New Zealand,62390.21,2015-05-22,1977-07-02
Support Engineer,Norway,69599.79,2018-02-19,1976-12-24
UI Designer,Brazil,92319.83,2019-08-27,1984-08-16
Graphic Designer,Germany,54810.62,2016-10-02,1972-11-11
Cloud Architect,Singapore,140951.00,2022-10-14,1998-10-02
Data Scientist,New Zealand,125197.89,2021-11-18,1991-08-25
HR Manager,Japan,89237.52,2022-10-03,1982-07-03
Customer Success Manager,Japan,86000.20,2017-02-13,1991-10-22
Legal Counsel,Australia,134998.33,2017-03-16,1984-06-12
Junior Developer,India,69829.65,2022-03-17,1977-11-22
Full Stack Developer,France,100996.54,2020-02-24,1996-10-03
Financial Analyst,Brazil,97064.46,2018-02-14,1982-02-23
Project Manager,Ireland,97286.60,2016-04-07,1997-12-06
Graphic Designer,Singapore,52912.11,2018-12-14,1989-12-21
Compliance Officer,Japan,91982.73,2017-03-16,1990-07-25
Security Analyst,Canada,102124.08,2024-08-19,1985-12-10
QA Engineer,India,74014.62,2018-11-01,1987-11-11
Backend Developer,Germany,81836.21,2021-03-14,1986-06-06
Customer Success Manager,Netherlands,98214.23,2024-03-08,1984-02-12
HR Manager,Norway,85716.89,2024-02-10,1974-08-01
Security Analyst,Sweden,92700.05,2023-02-27,1977-04-14
DevOps Engineer,Netherlands,119839.64,2024-12-03,1993-02-05
Technical Writer,Mexico,83075.77,2024-09-08,1993-01-06
Network Engineer,UK,74938.50,2017-08-17,2000-03-13
Graphic Designer,Denmark,57948.43,2017-04-28,1997-09-20
System Administrator,South Africa,85100.21,2023-01-10,2000-02-11
Technical Writer,South Africa,80095.30,2020-11-09,1984-12-10
Engineering Manager,Japan,139114.78,2020-01-05,1989-07-17
Financial Analyst,Sweden,85644.92,2020-09-13,1979-01-21
CTO,Sweden,199123.93,2022-03-22,1994-01-17
Full Stack Developer,Japan,89255.46,2021-07-13,1978-06-10
Data Scientist,Canada,116344.29,2019-02-04,1989-03-16
Technical Writer,France,73186.09,2023-11-01,1992-01-01
Machine Learning Engineer,UK,149263.18,2021-12-31,1988-04-18
Cloud Architect,France,105427.35,2015-11-23,1988-12-29
Graphic Designer,Mexico,71331.77,2023-03-15,1985-07-27
Cloud Architect,UK,107866.97,2024-01-17,1990-05-15
Software Engineer,Norway,94581.72,2021-11-01,1972-08-12
Full Stack Developer,France,102669.79,2015-03-30,1979-06-06
System Administrator,India,72305.86,2018-10-26,1973-08-08
Customer Success Manager,Australia,67697.74,2017-09-19,1970-02-23
QA Engineer,Mexico,77770.06,2023-07-20,1973-07-06
IT Specialist,Norway,75390.26,2015-05-13,1977-07-09
VP of Engineering,Mexico,219776.56,2021-06-30,1975-09-22
Compliance Officer,France,87512.32,2022-03-02,1998-02-22
Machine Learning Engineer,Singapore,134616.39,2023-05-08,1973-03-15
Product Manager,South Africa,127185.34,2018-01-02,1981-01-03
Machine Learning Engineer,Brazil,101996.38,2018-10-25,1980-01-27
DevOps Engineer,Denmark,80406.28,2021-04-18,1998-11-21
Full Stack Developer,UK,91601.06,2020-05-29,1993-02-20
Scrum Master,Mexico,98114.31,2019-01-20,1992-02-12
Frontend Developer,France,66353.82,2021-05-25,1985-12-27
Engineering Manager,Ireland,164906.42,2018-11-16,1979-06-07
Engineering Manager,Norway,117452.00,2015-08-31,1998-10-03
Content Writer,Denmark,61511.39,2020-09-14,2000-07-07
Engineering Manager,Mexico,131919.83,2022-11-04,1981-09-28
QA Engineer,Germany,57256.95,2017-01-28,1978-01-04
Machine Learning Engineer,Canada,97280.61,2018-11-15,1973-04-22
Legal Counsel,Sweden,106440.97,2024-01-26,1983-07-08
Data Analyst,Denmark,67314.50,2020-05-07,1982-11-20
Backend Developer,Ireland,96860.39,2016-06-12,1992-12-08
Finance Manager,Brazil,92718.48,2017-07-10,1979-08-16
Sales Manager,Brazil,88713.57,2017-01-15,1985-01-23
Support Engineer,Ireland,79586.70,2023-04-24,1982-12-11
Security Analyst,Ireland,87179.79,2022-10-30,2000-04-26
Database Administrator,USA,89101.98,2022-08-20,1984-11-15
Software Engineer,Switzerland,65267.65,2017-02-21,1990-05-15
Machine Learning Engineer,Norway,100161.78,2015-02-27,1982-12-11
Software Engineer,Japan,71780.36,2015-01-24,1995-04-18
Machine Learning Engineer,UK,117441.89,2020-05-28,1992-09-20
Junior Developer,Germany,60804.24,2015-01-19,1993-08-12
QA Engineer,Denmark,62074.65,2021-04-10,1998-03-15
Full Stack Developer,UAE,78485.50,2019-09-22,1980-05-13
Engineering Manager,Brazil,150686.80,2024-10-19,1997-09-28
DevOps Engineer,Mexico,81641.13,2024-12-18,1989-01-23
Product Manager,Norway,98561.24,2015-10-14,1993-05-05
Machine Learning Engineer,Canada,105373.58,2021-04-02,1978-12-25
Machine Learning Engineer,UAE,102231.21,2019-11-20,1995-03-17
UX Designer,New Zealand,70129.07,2021-10-05,1975-09-15
Content Writer,Mexico,46014.56,2024-02-14,1986-03-29
Marketing Manager,Ireland,91538.40,2018-05-28,1976-10-04
Machine Learning Engineer,Germany,147492.52,2020-08-22,1986-09-03
Data Scientist,France,80724.67,2024-04-05,1982-11-05
Project Manager,Denmark,82146.17,2018-05-05,1979-08-26
Sales Manager,France,97253.22,2019-06-02,1971-08-12
Database Administrator,Canada,75967.92,2022-08-22,1997-12-16
Junior Developer,Switzerland,66378.17,2020-02-13,1978-08-17
Machine Learning Engineer,Netherlands,136619.46,2018-03-13,1985-04-28
Technical Writer,Japan,80145.52,2020-03-25,2000-12-01
Frontend Developer,Denmark,62621.83,2023-01-24,1981-03-01
Finance Manager,Switzerland,97314.45,2022-01-24,1985-03-27
Financial Analyst,UK,70586.87,2023-06-13,1977-10-03
Full Stack Developer,Denmark,75645.73,2018-12-04,1972-11-15
Finance Manager,USA,97738.71,2016-11-19,1985-10-15
Scrum Master,USA,85413.40,2023-05-02,1972-10-31
Accountant,France,72590.71,2021-12-13,1991-12-28
Database Administrator,Denmark,77128.38,2016-02-06,1978-10-12
Software Engineer,UK,77075.07,2018-01-06,2000-07-07
Full Stack Developer,Singapore,84762.90,2021-02-21,1982-11-08
Marketing Manager,UAE,100398.68,2017-10-19,1987-01-14
Security Analyst,France,108553.34,2023-04-19,1988-11-02
Product Manager,Singapore,101679.70,2019-02-11,1970-12-15
UX Designer,Australia,99684.78,2022-04-01,1989-05-27
UI Designer,Ireland,92958.13,2019-04-09,1993-11-21
UI Designer,Germany,78042.20,2024-10-01,1995-10-01
Marketing Manager,Japan,104198.75,2019-01-27,1998-09-22
Accountant,Germany,69189.53,2015-06-19,1995-05-08
Network Engineer,Canada,95868.98,2021-03-27,1976-10-20
Data Scientist,Ireland,110405.07,2022-02-26,1981-06-22
IT Specialist,Mexico,68968.92,2023-08-25,1991-02-04
Compliance Officer,Switzerland,80588.56,2019-04-10,1974-07-30
Product Manager,New Zealand,104840.64,2021-05-29,1986-01-21
Machine Learning Engineer,Netherlands,111625.40,2016-07-12,1991-05-06
Backend Developer,USA,96509.39,2022-06-15,1984-05-24
Senior Software Engineer,Switzerland,94301.95,2024-05-27,1988-08-16
Cloud Architect,Canada,154437.92,2016-07-24,1974-09-23
Security Analyst,Germany,75541.11,2020-02-20,1970-10-09
Frontend Developer,UK,79368.66,2024-06-20,1994-06-22
Finance Manager,Norway,115117.36,2024-09-11,1972-01-31
Backend Developer,Brazil,71955.61,2022-05-29,1999-10-22
Graphic Designer,Australia,65330.35,2015-01-03,1973-06-12
CTO,Sweden,250260.43,2023-05-15,1971-09-30
HR Manager,France,73453.42,2016-12-08,1979-07-28
Security Analyst,Japan,116787.72,2018-09-25,1970-11-28
Junior Developer,UK,63912.27,2024-03-07,1977-04-13
Cloud Architect,UK,129337.79,2016-06-17,1978-01-20
Network Engineer,Japan,87035.99,2022-08-06,1974-08-08
Legal Counsel,UAE,103236.70,2022-08-30,1976-04-10
QA Engineer,UK,68084.96,2019-02-20,1979-05-28
Data Analyst,France,67010.16,2024-01-02,1996-02-11
Senior Software Engineer,Netherlands,112041.80,2023-12-29,1985-03-04
Scrum Master,UK,77270.51,2022-02-14,1986-04-20
Project Manager,Brazil,85090.95,2022-06-29,1974-10-13
Compliance Officer,Mexico,89278.71,2022-12-05,1978-01-09
Engineering Manager,Mexico,166820.82,2017-12-18,1974-05-01
Backend Developer,France,78502.13,2022-01-07,1988-09-23
IT Specialist,USA,64299.54,2016-02-28,1996-09-30
HR Manager,UK,97436.33,2023-12-05,1992-12-20
Accountant,Brazil,58643.02,2016-03-28,1980-01-26
Cloud Architect,Netherlands,156256.56,2023-05-14,1976-02-13
DevOps Engineer,USA,88087.60,2022-06-28,1978-07-27
Support Engineer,France,61689.02,2015-09-12,1976-11-16
Frontend Developer,USA,77119.63,2023-06-01,1994-12-02
Database Administrator,Japan,76885.50,2024-10-20,1985-12-05
Data Analyst,Japan,78916.95,2019-02-16,1981-08-20
Finance Manager,India,111104.40,2018-12-25,1974-06-06
Content Writer,New Zealand,59965.93,2023-04-15,1981-09-28
Software Engineer,New Zealand,80198.53,2019-08-09,1975-09-05
Technical Writer,Denmark,81098.85,2016-12-29,1977-05-15
Full Stack Developer,UK,94288.66,2022-04-30,1988-05-11
Sales Manager,Canada,83065.44,2018-05-27,1980-05-07
Accountant,USA,71234.08,2015-10-21,1998-03-02
Customer Success Manager,Ireland,94129.41,2016-08-08,1975-12-21
Sales Manager,South Africa,118277.38,2019-09-28,1988-07-02
Finance Manager,Mexico,100558.56,2022-05-26,1975-09-22
Accountant,Ireland,78012.12,2019-07-30,1975-02-08
UI Designer,Denmark,63437.77,2019-12-31,1983-03-26
Junior Developer,Japan,67117.56,2019-09-20,1981-11-05
HR Manager,Brazil,94067.73,2022-03-26,1984-04-30
Product Manager,Brazil,102242.09,2020-09-09,1979-02-07
Accountant,New Zealand,57486.83,2015-04-18,1991-04-20
DevOps Engineer,South Africa,82274.26,2023-10-25,1974-10-10
Frontend Developer,South Africa,66303.90,2022-04-05,1985-01-28
Support Engineer,Netherlands,68561.90,2021-05-22,1998-12-24
Technical Writer,Japan,77225.64,2024-04-12,1971-08-19
Accountant,Brazil,79172.99,2017-12-22,1981-12-18
Sales Manager,Japan,103981.53,2015-07-22,1984-06-09
Sales Manager,Canada,89875.31,2023-04-15,1975-08-05
Full Stack Developer,Denmark,77237.42,2018-07-06,1997-09-19
CTO,Germany,208802.15,2021-05-17,1987-08-15
Network Engineer,Ireland,80626.21,2019-07-06,1991-11-30
VP of Engineering,Switzerland,163226.07,2018-05-22,1994-05-20
Scrum Master,Canada,99669.96,2020-06-04,1989-10-06
CTO,Australia,263223.36,2015-05-26,1992-02-24
Junior Developer,South Africa,46746.77,2017-10-14,1994-09-10
UX Designer,Ireland,70263.90,2017-03-31,1992-06-06
Operations Manager,Ireland,109594.73,2019-10-04,1971-06-13
Accountant,Singapore,75936.50,2024-03-18,1973-07-09
Database Administrator,Brazil,72736.66,2017-12-28,2000-06-16
CTO,Australia,271895.88,2016-11-29,1975-08-05
Security Analyst,USA,105989.52,2024-06-08,1998-08-29
Database Administrator,South Africa,68837.48,2018-03-29,1985-10-31
Product Manager,Japan,144251.83,2024-06-12,1997-02-28
Support Engineer,UK,60399.12,2023-08-03,1974-07-04
Finance Manager,Ireland,95908.92,2018-08-23,1979-05-02
Marketing Manager,Canada,97872.70,2023-07-09,1978-01-05
Software Engineer,India,72692.11,2017-03-24,1988-12-17
CTO,South Africa,226195.95,2023-01-08,1994-01-28
Security Analyst,Canada,116403.86,2016-09-30,1983-05-23
HR Manager,UAE,98212.72,2015-04-07,1978-05-09
Cloud Architect,UAE,148122.47,2019-10-28,1978-10-12
UI Designer,Ireland,62949.65,2018-08-04,1977-11-05
Database Administrator,UK,90878.84,2018-01-13,2000-10-11
Machine Learning Engineer,India,118178.23,2024-07-15,1987-08-22
Cloud Architect,USA,140400.43,2023-02-23,1978-07-13
HR Manager,Norway,99405.85,2023-03-20,1985-02-23
Machine Learning Engineer,Australia,96847.80,2017-07-10,1985-12-09
Operations Manager,Germany,112045.56,2016-07-28,1982-01-20
Data Analyst,Singapore,68705.87,2019-07-30,1988-08-05
Frontend Developer,Australia,86137.78,2022-02-09,1997-05-26
VP of Engineering,Canada,197108.22,2015-10-03,2000-07-10
DevOps Engineer,UAE,106911.80,2018-04-23,1971-10-28
Scrum Master,Denmark,76605.04,2017-06-22,1979-04-25
QA Engineer,Australia,76514.24,2018-05-07,1978-08-16
Finance Manager,South Africa,122537.21,2024-09-27,1987-05-10
Machine Learning Engineer,Norway,105427.44,2015-08-29,1995-03-29
Financial Analyst,Australia,73791.50,2022-10-19,1978-06-12
Customer Success Manager,Australia,72545.67,2022-06-19,1973-11-19
Business Analyst,UK,69346.60,2024-06-07,1971-07-30
Engineering Manager,Sweden,125058.80,2023-08-06,1985-04-22
DevOps Engineer,Mexico,117067.05,2024-05-02,1989-12-08
Data Scientist,UAE,117437.44,2017-04-30,1973-09-19
Technical Writer,Germany,71902.81,2020-05-13,1995-06-18
Technical Writer,UAE,78831.46,2015-10-19,1990-05-30
Junior Developer,Ireland,59705.99,2018-11-15,1981-02-04
Compliance Officer,Switzerland,85115.30,2016-09-03,1977-11-23
Content Writer,UAE,43907.75,2024-12-22,1978-12-25
Security Analyst,Australia,109206.63,2024-06-10,1994-08-04
IT Specialist,India,82698.17,2022-12-23,1974-06-30
Data Scientist,Norway,80372.78,2017-12-27,1985-11-18
IT Specialist,France,56691.23,2017-02-17,1983-02-27
Finance Manager,Singapore,113316.31,2023-11-30,1985-04-14
DevOps Engineer,Sweden,87431.75,2016-05-05,1985-03-09
Project Manager,Switzerland,115567.63,2015-06-26,1976-03-05
CTO,UK,224143.67,2021-10-29,1990-05-15
Frontend Developer,India,88712.12,2015-09-24,1995-01-31
Security Analyst,India,85753.94,2018-10-04,1991-01-19
Support Engineer,Mexico,54716.32,2022-07-31,1989-08-09
HR Manager,Switzerland,82801.43,2024-06-16,1998-08-28
Scrum Master,Netherlands,104651.25,2019-08-12,1977-04-02
Product Manager,Australia,117899.90,2020-12-25,1998-04-05
Database Administrator,Mexico,95887.56,2017-10-10,1987-02-02
Customer Success Manager,Sweden,80611.31,2022-04-18,1970-04-19
Financial Analyst,Australia,84087.85,2015-05-04,1978-03-04
Project Manager,Australia,106746.17,2021-12-10,1979-08-28
Machine Learning Engineer,Denmark,100853.30,2023-04-08,1984-10-16
VP of Engineering,New Zealand,192110.94,2019-02-04,1989-04-07
UI Designer,USA,67640.48,2017-09-13,1982-10-01
System Administrator,France,73914.25,2023-02-24,1970-12-25
Sales Manager,Germany,91745.98,2015-11-16,2000-04-27
Full Stack Developer,Australia,71579.69,2023-05-20,1996-03-01
Sales Manager,India,76961.91,2017-02-02,1980-06-09
Compliance Officer,USA,76735.50,2016-10-31,1970-08-27
Project Manager,New Zealand,82399.88,2019-01-28,1997-12-04
Product Manager,Singapore,113264.76,2016-10-31,1997-06-14
Project Manager,Denmark,105365.45,2023-04-10,1997-08-18
Scrum Master,Brazil,79917.87,2024-08-23,1993-12-16
Database Administrator,Ireland,83006.76,2023-08-26,1989-06-13
Junior Developer,Sweden,66511.67,2019-07-04,1992-10-28
Project Manager,Australia,105815.55,2018-02-03,1997-03-25
Backend Developer,Singapore,84033.77,2021-07-30,1973-07-06
Frontend Developer,France,77837.78,2019-12-25,1996-11-25
Sales Manager,Denmark,89881.75,2018-02-27,1986-09-26
Legal Counsel,New Zealand,114149.23,2019-11-30,1970-07-23
Content Writer,Canada,53788.22,2021-02-26,1991-08-11
Accountant,Australia,53617.87,2020-03-13,1995-02-25
Senior Software Engineer,Ireland,98284.93,2015-09-10,1989-08-02
Sales Manager,Mexico,104613.15,2019-11-17,1992-03-23
Engineering Manager,UK,167835.62,2019-12-01,1995-07-11
Sales Manager,Japan,104440.01,2022-04-18,1987-08-02
UI Designer,Brazil,68446.52,2022-01-08,1995-07-19
HR Manager,Germany,74597.62,2022-06-29,1995-08-20
Support Engineer,USA,62634.72,2019-04-11,1997-03-20
Engineering Manager,Brazil,122995.89,2018-04-04,1995-05-26
Content Writer,Norway,44595.26,2018-02-28,1979-10-01
Financial Analyst,India,75046.47,2016-10-30,1999-12-17
UI Designer,Australia,73248.94,2020-09-04,1993-07-14
Accountant,Norway,69455.22,2019-08-22,1974-11-09
Network Engineer,UAE,99024.84,2022-01-13,1995-07-19
Engineering Manager,India,150209.17,2024-09-29,1998-12-25
Financial Analyst,UAE,94948.47,2017-08-11,1975-07-14
Database Administrator,USA,83492.67,2015-06-01,1998-02-26
Sales Manager,Japan,117222.35,2020-03-26,1995-06-27
Project Manager,Denmark,110848.98,2022-05-23,1983-01-10
Operations Manager,India,88367.39,2023-04-07,1995-03-18
Sales Manager,Germany,108685.40,2015-05-03,2000-08-04
Support Engineer,Germany,72045.41,2020-02-28,1990-08-22
Graphic Designer,Singapore,54986.91,2020-11-17,1982-03-29
Engineering Manager,India,137932.36,2015-11-21,1987-06-10
Accountant,South Africa,64852.41,2023-03-28,1975-04-13
HR Manager,Mexico,75975.38,2015-06-12,1977-10-10
Security Analyst,Japan,119465.01,2023-03-17,1980-07-08
Technical Writer,Sweden,57039.55,2015-10-11,1999-08-01
HR Manager,Singapore,99626.73,2023-03-23,1973-09-29
Backend Developer,New Zealand,79658.04,2015-05-31,1996-11-07
Operations Manager,UAE,106504.32,2016-03-23,1999-09-14
QA Engineer,Ireland,80293.89,2016-07-07,1970-05-24
Engineering Manager,Brazil,139981.85,2018-04-20,1971-08-15
Machine Learning Engineer,USA,126288.48,2024-05-30,1976-05-15
Frontend Developer,Switzerland,75464.19,2018-04-02,1982-12-20
System Administrator,India,79627.25,2020-11-15,1974-01-31
Financial Analyst,Singapore,84821.19,2023-08-26,1986-04-02
VP of Engineering,UK,213918.34,2015-02-07,1985-02-09
Sales Manager,Norway,93377.46,2019-03-04,1975-01-27
Senior Software Engineer,Switzerland,129453.46,2019-05-24,1992-03-06
Compliance Officer,Norway,75504.28,2021-10-18,1984-08-30
Software Engineer,Brazil,87497.44,2022-03-07,1993-04-24
Support Engineer,South Africa,69216.97,2018-05-02,1987-10-14
Financial Analyst,UAE,91919.56,2016-06-11,1979-10-08
IT Specialist,Singapore,82850.21,2016-03-05,1990-04-29
CTO,France,250533.91,2016-04-05,1979-06-15
Technical Writer,USA,68431.10,2023-04-15,1984-12-12
Frontend Developer,Canada,72591.07,2020-09-16,1979-03-03
Financial Analyst,UAE,71381.84,2020-05-29,1979-02-04
System Administrator,Brazil,84505.26,2018-06-13,1977-06-09
Accountant,Mexico,72102.90,2023-01-13,1991-03-30
Security Analyst,South Africa,98212.67,2021-07-29,1971-07-16
DevOps Engineer,Australia,108684.24,2022-04-28,1975-11-10
Business Analyst,Netherlands,63089.65,2015-03-22,1992-08-21
Sales Manager,Norway,100377.91,2015-04-15,1996-08-09
Support Engineer,Denmark,55520.35,2018-02-18,1997-02-12
HR Manager,Sweden,96055.56,2017-11-15,1988-01-10
Accountant,Norway,59782.03,2021-07-20,1988-04-27
CTO,Norway,253235.27,2015-10-12,1989-06-28
UX Designer,Norway,78540.46,2024-04-08,1992-07-02
System Administrator,New Zealand,71798.50,2015-08-12,1989-05-31
Data Analyst,UAE,75575.57,2022-05-18,1993-11-29
Project Manager,Mexico,94730.65,2023-09-27,1986-07-21
Software Engineer,South Africa,85211.98,2023-02-09,1994-03-12
UI Designer,Ireland,75860.57,2015-09-10,1982-01-18
Engineering Manager,Ireland,117827.71,2019-12-05,1979-07-15
Machine Learning Engineer,Netherlands,121657.01,2016-11-25,1973-02-14
Project Manager,UK,96528.51,2022-11-01,1973-12-27
Sales Manager,France,87285.71,2017-02-26,1987-04-13
Network Engineer,UAE,74965.91,2022-09-17,1977-04-01
Data Analyst,USA,87749.98,2015-10-20,1973-01-03
Engineering Manager,South Africa,128413.10,2023-03-18,1972-08-30
System Administrator,Australia,57009.62,2024-06-02,2000-02-10
HR Manager,Australia,86658.97,2024-01-13,1988-03-04
Data Analyst,Switzerland,71515.24,2018-04-16,1985-11-26
VP of Engineering,India,188158.63,2021-05-23,1973-10-12
Full Stack Developer,UK,78827.17,2016-12-09,1983-09-02
Scrum Master,Canada,92034.14,2015-05-07,1997-08-15
Compliance Officer,France,82157.51,2018-03-06,1981-05-09
Network Engineer,Denmark,84584.77,2021-05-17,1990-09-16
Database Administrator,UAE,69265.09,2021-09-27,1979-04-11
Project Manager,India,104797.35,2017-05-01,1997-07-11
Cloud Architect,Singapore,112018.96,2015-03-08,1988-01-22
Finance Manager,Sweden,113726.84,2022-12-30,1986-04-25
Data Analyst,Switzerland,60201.17,2019-08-24,2000-09-13
CTO,Singapore,269249.20,2018-03-30,1983-01-07
Business Analyst,New Zealand,83491.06,2015-08-20,1979-01-06
CTO,UK,240611.08,2024-12-16,1973-07-04
QA Engineer,Switzerland,59985.87,2017-12-21,1970-10-26
Full Stack Developer,Ireland,95518.45,2015-12-17,1985-04-01
UX Designer,India,66317.49,2016-06-16,1985-11-12
Support Engineer,France,71488.97,2015-10-28,1989-09-09
Finance Manager,Norway,115316.86,2015-08-30,1992-03-20
Product Manager,India,141930.52,2020-02-21,1972-12-23
UI Designer,France,70696.42,2015-06-14,1999-09-28
Product Manager,Brazil,111676.77,2022-07-12,1972-01-11
Data Scientist,Canada,86654.33,2024-07-02,1979-03-12
Senior Software Engineer,Singapore,103014.99,2018-01-29,2000-07-08
Senior Software Engineer,Norway,113043.26,2022-09-06,1972-06-20
Compliance Officer,Switzerland,92300.72,2017-04-27,1999-08-29
Data Analyst,Brazil,77624.40,2015-11-04,1976-06-15
Content Writer,Netherlands,54791.19,2015-04-30,1990-09-05
Legal Counsel,Denmark,109705.29,2023-12-24,1984-10-29
Marketing Manager,Germany,94138.29,2018-11-26,1995-09-19
Cloud Architect,Switzerland,155268.87,2019-02-26,1988-08-02
DevOps Engineer,Japan,101052.70,2023-10-24,1971-11-11
Data Analyst,Japan,87684.11,2015-02-08,1994-12-30
Frontend Developer,UK,86369.23,2017-06-07,1998-03-30
Sales Manager,Switzerland,104532.20,2015-12-28,1994-06-26
Customer Success Manager,Canada,91303.35,2019-02-01,1995-12-09
UX Designer,Singapore,81114.98,2023-03-01,1984-10-31
Frontend Developer,New Zealand,87481.52,2020-11-08,1994-08-01
Customer Success Manager,Switzerland,65841.65,2020-10-04,1987-03-08
Engineering Manager,USA,167053.04,2020-02-10,1997-05-10
Business Analyst,Mexico,75340.56,2021-03-01,1990-04-01
Cloud Architect,Netherlands,109349.74,2018-07-20,1997-04-08
QA Engineer,Japan,64103.45,2015-06-09,1978-06-25
Sales Manager,New Zealand,94392.37,2019-05-05,1984-11-18
Engineering Manager,Australia,133527.92,2019-08-28,1993-05-22
System Administrator,Denmark,76264.82,2015-03-05,1983-06-07
Operations Manager,Netherlands,102513.32,2023-08-24,1979-02-22
Technical Writer,Switzerland,61659.43,2019-10-30,1981-06-23
UI Designer,Mexico,92524.97,2019-12-28,1977-03-24
Scrum Master,UK,103685.33,2024-01-31,1978-06-13
Engineering Manager,South Africa,150800.44,2019-01-05,1974-06-24
Content Writer,Sweden,54126.69,2022-04-06,1981-09-28
Full Stack Developer,France,82371.87,2016-04-19,1995-06-14
Data Analyst,USA,73131.42,2017-12-30,1982-05-28
Content Writer,Switzerland,52638.97,2016-04-20,1984-12-15
Database Administrator,Brazil,95757.87,2017-12-20,1977-06-30
Cloud Architect,Netherlands,144604.19,2020-11-09,1974-07-20
Senior Software Engineer,Australia,135271.09,2017-07-22,1977-07-28
Legal Counsel,UAE,90984.00,2018-11-16,1985-07-03
Finance Manager,Sweden,99714.07,2015-10-22,1994-08-04
Financial Analyst,India,85274.85,2018-09-22,1989-06-08
DevOps Engineer,Denmark,95038.90,2019-07-10,1972-01-14
Product Manager,Singapore,124826.64,2015-03-28,1989-01-12
UX Designer,Norway,71606.69,2021-05-10,1976-03-26
UI Designer,Norway,76685.34,2018-12-09,1998-10-30
UX Designer,UAE,72374.48,2016-05-08,1970-03-22
Machine Learning Engineer,Norway,115917.75,2017-12-24,1998-01-06
Support Engineer,South Africa,72523.44,2023-01-25,1992-12-22
Operations Manager,Brazil,80853.71,2016-06-22,1974-10-28
Accountant,UAE,74215.82,2020-02-19,1994-09-28
Business Analyst,Australia,87232.15,2020-04-26,1971-12-31
Finance Manager,Switzerland,99732.75,2015-07-31,2000-08-06
Database Administrator,Germany,90704.30,2022-09-07,1982-03-24
Database Administrator,Mexico,70559.39,2016-10-01,1972-02-22
UI Designer,Denmark,68576.67,2015-09-24,1999-04-22
Software Engineer,Germany,93091.77,2018-11-04,1995-10-05
Data Analyst,Germany,80124.40,2023-09-24,1997-10-04
Engineering Manager,Norway,162918.15,2017-08-01,1996-03-25
Full Stack Developer,Germany,106872.48,2021-01-20,1975-03-07
Junior Developer,Denmark,65500.94,2019-05-10,1984-03-21
Marketing Manager,India,94229.54,2016-04-15,1975-07-27
DevOps Engineer,Canada,87454.11,2016-03-04,1983-07-19
UX Designer,Norway,103437.73,2018-10-03,1974-08-29
Compliance Officer,France,104106.22,2016-05-15,1983-02-03
Backend Developer,Australia,75819.28,2016-04-26,1970-02-04
Senior Software Engineer,Netherlands,98841.79,2015-11-21,1986-01-26
Sales Manager,Mexico,110143.08,2022-12-15,1972-09-03
Business Analyst,France,83797.80,2019-11-15,1995-01-18
Legal Counsel,USA,105198.92,2016-12-14,1985-08-22
Junior Developer,South Africa,51285.14,2024-09-13,1970-08-22
Junior Developer,Norway,66945.04,2023-02-17,1999-11-04
Senior Software Engineer,Norway,111521.18,2020-04-12,1973-07-21
DevOps Engineer,Brazil,97899.09,2024-06-27,1980-11-11
Graphic Designer,South Africa,46379.19,2016-01-30,2000-04-04
System Administrator,Denmark,58504.55,2017-11-14,1981-12-11
Machine Learning Engineer,Japan,147602.77,2017-05-01,1991-07-01
Backend Developer,South Africa,88979.81,2023-06-05,1998-03-24
CTO,Sweden,254364.62,2019-02-23,1982-03-27
System Administrator,South Africa,58042.69,2021-11-29,1977-03-31
Business Analyst,Sweden,61686.90,2017-02-28,1996-12-23
UI Designer,Norway,73244.99,2017-12-14,2000-11-11
Database Administrator,India,82962.07,2016-04-03,1988-01-05
Data Analyst,Ireland,60908.22,2015-05-27,1979-10-31
Operations Manager,UAE,107550.22,2019-05-29,1988-08-07
Senior Software Engineer,Singapore,109305.67,2016-03-06,1981-06-04
Security Analyst,Brazil,108247.04,2022-04-04,1973-03-28
CTO,Denmark,231995.34,2024-08-11,1978-03-12
Product Manager,Netherlands,118697.77,2019-09-24,1977-09-15
Support Engineer,Sweden,64126.26,2018-08-26,1988-06-24
Data Analyst,Singapore,89294.51,2015-02-12,1983-08-08
QA Engineer,Singapore,84009.07,2022-01-31,1990-04-15
Accountant,Switzerland,58155.17,2017-11-09,1976-02-01
Legal Counsel,Brazil,105034.81,2022-10-28,1984-05-14
Frontend Developer,Switzerland,95765.34,2024-10-16,1981-12-22
Content Writer,Sweden,46370.54,2020-08-05,2000-12-02
Cloud Architect,Brazil,101140.38,2017-02-04,1979-11-01
Junior Developer,Australia,51145.24,2018-07-24,1995-10-16
Database Administrator,UK,97729.93,2018-11-25,1977-12-31
Data Analyst,Netherlands,81573.28,2017-06-01,1982-10-20
Database Administrator,Mexico,88654.24,2016-05-12,1985-04-11
HR Manager,France,86794.62,2024-07-10,1979-07-04
IT Specialist,UK,57501.54,2022-11-02,1996-11-25
Marketing Manager,Sweden,108283.06,2015-05-28,1987-11-06
Marketing Manager,Brazil,94863.33,2020-07-27,1970-08-03
DevOps Engineer,Mexico,94580.42,2017-03-30,1982-12-22
Legal Counsel,Brazil,138000.12,2020-08-06,1975-09-04
Accountant,Ireland,56886.44,2015-11-01,1981-05-16
System Administrator,Germany,65489.35,2017-02-04,1971-03-05
Senior Software Engineer,Norway,92352.50,2016-08-19,1994-01-31
Security Analyst,Ireland,100265.08,2015-01-29,1973-10-02
System Administrator,Sweden,73908.13,2019-12-02,1990-05-06
Support Engineer,Singapore,70862.10,2016-08-17,1982-09-14
Content Writer,Denmark,45883.38,2018-08-11,1998-03-22
Project Manager,New Zealand,84059.87,2023-03-25,1982-05-27
Marketing Manager,Singapore,79902.96,2015-05-11,1976-03-14
Machine Learning Engineer,UK,96521.26,2021-02-13,1986-06-25
Sales Manager,UK,92776.89,2022-04-08,2000-03-05
IT Specialist,Japan,77236.05,2018-06-08,1980-08-23
Marketing Manager,Norway,80714.21,2018-08-07,1995-08-16
QA Engineer,UAE,67624.84,2024-02-15,1987-12-14
Project Manager,Germany,82724.68,2023-02-15,1993-09-06
DevOps Engineer,South Africa,86084.90,2023-05-21,1999-03-21
Cloud Architect,New Zealand,149954.73,2016-12-25,1985-02-19
DevOps Engineer,Brazil,121329.42,2018-05-16,1998-01-26
UX Designer,Canada,84758.38,2015-03-23,1978-05-02
Product Manager,Canada,117160.92,2021-02-25,1990-04-14
IT Specialist,Ireland,84083.31,2020-10-20,1989-05-27
Database Administrator,Ireland,73669.58,2019-11-25,1992-07-27
Legal Counsel,Sweden,148183.89,2023-01-24,1977-12-08
Security Analyst,South Africa,99796.55,2023-11-15,1970-11-10
Security Analyst,Singapore,75106.13,2015-05-22,1995-07-01
System Administrator,Brazil,82156.35,2023-04-18,1974-05-23
Software Engineer,Netherlands,90683.02,2021-11-02,1994-08-02
VP of Engineering,Singapore,161196.01,2019-10-22,1999-01-17
Sales Manager,Ireland,110990.93,2022-07-24,1994-08-16
Graphic Designer,South Africa,47303.37,2021-08-25,1974-07-31
Product Manager,Mexico,101828.37,2016-06-09,1977-06-03
Marketing Manager,Brazil,90046.97,2018-07-24,1976-11-02
Product Manager,UK,110188.50,2023-08-03,1983-10-04
Machine Learning Engineer,Mexico,96709.37,2017-08-01,1987-03-27
Product Manager,South Africa,124495.06,2024-02-11,1987-06-27
Operations Manager,Japan,84618.41,2017-08-19,1975-07-08
Operations Manager,Canada,78976.25,2019-07-28,1981-08-25
Frontend Developer,Ireland,66076.10,2015-06-09,1977-02-27
Technical Writer,UAE,57195.88,2016-02-11,1994-01-31
Marketing Manager,New Zealand,77793.90,2022-07-16,1971-10-04
Junior Developer,Norway,65342.22,2015-03-03,1997-02-27
Graphic Designer,Ireland,56849.34,2021-07-13,1991-11-25
Accountant,South Africa,72795.81,2023-04-01,1970-01-27
Frontend Developer,Netherlands,68674.04,2022-05-06,1977-03-29
Full Stack Developer,India,72662.72,2021-11-16,1970-05-12
Customer Success Manager,USA,91880.82,2021-06-13,1997-04-10
UI Designer,Switzerland,80777.65,2017-08-31,1990-12-30
Junior Developer,France,49435.83,2023-10-09,1996-04-30
Technical Writer,Mexico,60038.85,2015-11-01,1970-09-08
System Administrator,Norway,56592.55,2024-05-05,1997-03-31
HR Manager,Germany,73554.22,2024-10-09,1989-07-12
Security Analyst,USA,99716.89,2021-08-16,2000-03-28
Content Writer,Canada,62878.48,2016-02-07,1981-01-27
Data Analyst,UAE,71936.73,2023-09-02,1986-01-21
Technical Writer,France,56048.93,2022-11-28,1974-07-22
Cloud Architect,USA,106743.81,2024-05-22,2000-10-14
Database Administrator,UK,86784.88,2018-01-06,1984-04-09
HR Manager,Brazil,86153.83,2023-08-31,1997-12-08
Junior Developer,Switzerland,67439.14,2015-08-30,1973-06-22
Data Scientist,Sweden,127429.02,2015-04-16,1973-05-10
Software Engineer,Australia,63418.91,2024-02-06,1991-01-18
Content Writer,Germany,59332.08,2021-09-03,1985-04-28
Data Analyst,Singapore,72008.52,2021-11-08,1999-02-17
DevOps Engineer,Australia,94409.01,2022-08-29,1979-07-26
Accountant,Australia,77121.46,2020-08-30,1980-07-29
Data Scientist,Norway,114874.39,2016-04-13,1975-04-06
Marketing Manager,Singapore,70549.65,2016-11-05,1989-09-24
Customer Success Manager,Denmark,89470.47,2024-05-11,1972-06-18
Product Manager,France,127964.38,2023-01-23,1976-01-26
Customer Success Manager,Japan,87965.54,2024-08-29,2000-02-01
Customer Success Manager,Ireland,87359.90,2022-01-01,1985-09-18
System Administrator,Germany,81313.57,2020-01-25,1979-02-22
Frontend Developer,Sweden,63167.30,2022-12-07,1980-09-24
Content Writer,UAE,51572.84,2016-03-29,1992-05-18
Operations Manager,South Africa,109752.78,2023-11-16,1996-11-06
Scrum Master,Denmark,104501.33,2021-08-02,1991-04-06
Compliance Officer,USA,110342.99,2016-07-09,1970-01-28
Scrum Master,Switzerland,103729.01,2022-06-03,1993-11-02
Accountant,Norway,55224.92,2022-11-10,1987-06-18
Graphic Designer,Singapore,53820.78,2024-06-24,1972-04-22
Database Administrator,South Africa,75811.76,2023-11-20,1983-11-01
Business Analyst,USA,68346.03,2022-03-18,1999-01-12
UX Designer,UK,104647.51,2017-01-26,1980-07-28
Scrum Master,Norway,102445.53,2020-10-15,1990-12-24
Machine Learning Engineer,USA,123067.22,2020-11-03,1991-06-21
DevOps Engineer,Singapore,115015.28,2020-01-07,1985-07-03
QA Engineer,India,58411.98,2024-08-13,1994-09-08
QA Engineer,France,82394.36,2018-06-06,1990-09-02
DevOps Engineer,France,94067.73,2023-03-22,1978-01-29
DevOps Engineer,Japan,112345.22,2015-11-11,1986-07-01
Cloud Architect,Denmark,118266.70,2018-10-05,1978-11-24
Technical Writer,India,73564.19,2022-12-18,1990-12-16
Senior Software Engineer,UK,95678.33,2021-08-18,1973-11-16
Data Scientist,Brazil,128818.43,2024-09-07,1992-02-01
Security Analyst,Netherlands,77636.21,2017-11-18,1976-03-16
VP of Engineering,New Zealand,200087.20,2021-12-25,1971-08-05
Scrum Master,Netherlands,94335.73,2016-09-06,2000-09-17
DevOps Engineer,Mexico,80485.77,2023-12-23,1975-02-25
Marketing Manager,Norway,89305.31,2018-12-28,1984-07-03
Customer Success Manager,UAE,83656.35,2017-12-20,1980-05-03
Support Engineer,UAE,55591.27,2022-02-17,1980-10-09
DevOps Engineer,Sweden,81493.04,2017-02-24,1980-03-10
System Administrator,Canada,63908.05,2018-05-05,1971-02-11
System Administrator,Mexico,56630.55,2022-12-08,1970-05-02
Marketing Manager,Brazil,79496.62,2018-09-16,1978-12-16
Accountant,Singapore,79737.91,2024-03-16,1978-05-12
Full Stack Developer,Singapore,98759.73,2015-06-30,1985-02-06
HR Manager,South Africa,65338.46,2016-08-31,1987-03-04
System Administrator,India,85434.95,2019-07-18,1995-10-24
IT Specialist,Mexico,82992.76,2019-10-13,1988-08-25
Financial Analyst,Netherlands,72073.69,2017-12-03,1982-03-09
QA Engineer,Switzerland,73812.98,2022-03-25,1989-12-18
Sales Manager,Australia,100555.57,2016-12-12,1981-04-12
Full Stack Developer,UAE,74561.28,2020-05-16,1973-01-05
HR Manager,USA,94308.14,2017-09-21,1978-07-24
Project Manager,Ireland,86709.25,2020-12-21,1980-07-31
Graphic Designer,South Africa,56413.19,2022-12-17,1973-02-20
Project Manager,Sweden,107250.53,2019-11-11,1974-07-03
Backend Developer,Singapore,66000.29,2022-01-05,1986-01-02
Data Analyst,UAE,85139.24,2021-09-04,1974-02-07
Compliance Officer,Australia,109817.38,2024-07-30,1996-09-06
Full Stack Developer,Sweden,78587.80,2019-06-01,1988-08-06
Engineering Manager,Australia,125917.92,2024-06-02,1992-07-27
Accountant,USA,52282.40,2019-11-27,1980-03-04
Content Writer,Brazil,45835.91,2018-02-14,1997-05-16
Engineering Manager,France,150994.46,2021-02-25,1983-01-15
Data Scientist,UAE,117706.54,2015-09-14,1994-03-13
Project Manager,Japan,87476.09,2024-11-08,1983-07-05
Software Engineer,Ireland,75780.39,2015-12-07,1977-01-30
Content Writer,Switzerland,44004.43,2015-06-03,1976-04-29
Business Analyst,UK,65164.44,2018-10-01,1988-06-29
Product Manager,Canada,137791.99,2015-10-15,1999-06-06
Customer Success Manager,Ireland,95941.95,2023-08-04,1989-05-24
CTO,Australia,188825.78,2016-12-01,1978-11-10
Data Analyst,Norway,58909.61,2021-05-05,1973-11-24
Customer Success Manager,Mexico,80282.85,2022-03-08,1986-07-04
Business Analyst,South Africa,79739.98,2023-03-08,1983-07-30
DevOps Engineer,New Zealand,112649.60,2016-07-09,1979-07-10
Software Engineer,Australia,65796.85,2022-11-02,1970-10-16
Backend Developer,Norway,103182.73,2024-11-05,1996-08-07
Product Manager,Mexico,130981.20,2020-04-02,1997-08-01
HR Manager,USA,70861.29,2016-08-30,1971-04-26
System Administrator,Germany,68519.80,2024-03-09,1979-04-04
Accountant,UK,70389.00,2018-01-15,1998-10-20
Full Stack Developer,Mexico,74060.56,2017-02-13,1999-04-20
Technical Writer,Brazil,77723.73,2015-03-20,1983-12-17
VP of Engineering,France,178062.39,2023-04-03,1995-07-01
Accountant,Denmark,65166.10,2019-10-12,1975-04-10
Product Manager,Netherlands,96211.69,2020-07-11,1981-01-25
Support Engineer,India,62990.19,2020-04-12,1973-05-31
Graphic Designer,Sweden,72690.22,2020-07-31,1985-12-17
Sales Manager,New Zealand,110759.95,2021-12-04,1987-02-02
HR Manager,Brazil,90968.96,2020-10-17,1998-09-26
Backend Developer,Brazil,81457.38,2017-08-14,1985-05-15
Business Analyst,Denmark,64749.48,2022-06-09,1978-10-17
Engineering Manager,Australia,145868.17,2019-04-28,1987-01-04
Graphic Designer,UK,50385.55,2020-02-09,1989-05-20
Junior Developer,Germany,47396.27,2020-02-23,1992-04-03
Sales Manager,UAE,83496.09,2020-09-10,1973-12-12
Business Analyst,Germany,73894.19,2015-09-30,1979-04-18
Scrum Master,South Africa,83980.63,2015-02-17,1987-12-26
Support Engineer,Singapore,55078.55,2020-07-13,1983-09-25
Backend Developer,France,82696.94,2015-01-13,1988-10-13
System Administrator,Ireland,82289.98,2020-09-22,1978-10-13
Backend Developer,Mexico,71825.28,2022-10-02,1984-09-29
Sales Manager,UAE,76835.81,2024-12-27,1973-09-29
Frontend Developer,Sweden,82934.89,2016-07-05,1983-07-11
Operations Manager,Norway,78346.77,2017-10-26,1984-07-27
Engineering Manager,Singapore,151146.17,2015-08-09,1977-07-28
Backend Developer,Japan,102242.77,2020-08-23,1978-03-30
Backend Developer,UAE,78520.35,2021-11-02,1993-02-07
Support Engineer,India,69221.49,2023-11-20,1998-08-29
Financial Analyst,New Zealand,65810.46,2017-07-02,1976-02-01
Financial Analyst,Denmark,98089.83,2022-02-05,1979-07-15
Operations Manager,Ireland,75477.03,2019-01-08,1976-03-30
Engineering Manager,India,157516.45,2015-12-07,1984-08-01
Senior Software Engineer,Sweden,93880.18,2023-01-11,2000-10-24
Support Engineer,Brazil,65657.18,2022-10-16,1979-09-15
Frontend Developer,UK,91172.25,2024-08-28,1983-11-08
Support Engineer,Switzerland,51819.46,2024-12-09,1992-12-11
HR Manager,Switzerland,76995.11,2017-06-15,1999-08-09
Network Engineer,Canada,80657.56,2017-02-21,1984-05-26
QA Engineer,Ireland,78860.97,2023-04-29,1978-05-22
Network Engineer,Norway,65092.01,2023-07-19,1996-09-19
Business Analyst,UK,69081.02,2016-02-02,1990-01-17
UX Designer,New Zealand,77796.40,2018-12-26,1997-06-20
Customer Success Manager,Sweden,84171.20,2020-02-05,1995-06-27
Content Writer,Mexico,50321.51,2021-06-18,1979-07-01
Marketing Manager,Mexico,89575.53,2016-12-31,1981-06-20
System Administrator,UK,57179.97,2015-08-13,1996-09-27
Full Stack Developer,Australia,101266.76,2021-04-20,1988-03-24
Graphic Designer,Switzerland,60126.23,2017-01-08,1985-12-09
Software Engineer,Singapore,75265.74,2022-07-14,1989-08-27
Machine Learning Engineer,Japan,128548.44,2017-10-16,1990-06-17
Senior Software Engineer,Canada,92475.55,2023-11-16,1984-02-22
Scrum Master,Japan,75242.81,2019-11-06,1994-08-30
Cloud Architect,Ireland,139303.05,2019-04-28,1980-10-05
Operations Manager,Germany,84088.87,2015-12-10,1998-10-08
Cloud Architect,Brazil,101421.79,2024-04-17,1979-12-04
Software Engineer,France,75732.71,2022-12-20,1985-07-18
Backend Developer,Canada,75904.07,2019-05-06,1977-11-28
IT Specialist,South Africa,63823.46,2022-03-18,1975-05-09
Content Writer,Singapore,41008.44,2016-11-02,2000-01-05
Data Scientist,Ireland,126688.20,2015-03-08,1997-04-01
Machine Learning Engineer,Denmark,107776.10,2015-12-04,1992-04-04
Frontend Developer,Germany,73106.92,2020-01-02,1970-01-03
DevOps Engineer,Norway,120310.91,2024-04-07,2000-08-27
CTO,Netherlands,188421.07,2016-09-10,1987-05-21
Backend Developer,Norway,101110.80,2021-08-12,1983-03-14
Database Administrator,Brazil,80465.31,2024-02-07,1970-04-17
Support Engineer,Switzerland,63636.87,2018-08-25,1989-06-07
Project Manager,Sweden,103797.72,2023-03-24,1982-12-09
Operations Manager,Singapore,92707.64,2016-04-24,1973-12-18
IT Specialist,New Zealand,82895.42,2022-08-14,1976-06-11
Accountant,New Zealand,54126.36,2016-07-29,1978-10-21
UI Designer,South Africa,66558.94,2019-04-12,1998-09-27
Compliance Officer,Mexico,76031.95,2022-03-24,1973-06-04
Support Engineer,UAE,75402.52,2024-06-13,1984-07-05
UI Designer,Brazil,79150.02,2024-10-19,1982-08-08
Accountant,Switzerland,57087.74,2019-07-02,1971-11-02
Junior Developer,USA,45272.05,2015-08-26,1976-12-23
Support Engineer,Sweden,53238.20,2024-11-20,1983-10-29
Legal Counsel,India,135084.39,2022-08-25,1981-09-20
Graphic Designer,Mexico,46896.33,2021-04-21,1990-08-24
QA Engineer,Brazil,60798.33,2024-09-06,1992-07-25
Backend Developer,Japan,66107.54,2019-09-11,1979-03-03
Cloud Architect,Ireland,153723.47,2021-07-30,1970-05-17
Operations Manager,Singapore,108993.28,2019-09-30,1990-04-20
Content Writer,France,53354.09,2023-09-14,1984-12-25
Graphic Designer,Japan,47189.88,2016-03-28,1970-08-27
Product Manager,Netherlands,123987.30,2015-12-25,1974-10-20
Frontend Developer,South Africa,61581.61,2024-07-17,1987-12-09
Security Analyst,Denmark,76326.16,2015-03-23,1978-10-30
System Administrator,Sweden,65599.71,2021-03-21,1976-05-11
Machine Learning Engineer,Sweden,117067.64,2018-01-14,1992-04-25
UX Designer,Canada,67568.64,2015-01-07,1998-06-16
HR Manager,Brazil,88604.28,2022-07-21,1970-12-09
Senior Software Engineer,South Africa,121901.84,2017-09-07,1978-07-03
UI Designer,Switzerland,89117.24,2022-01-03,1999-03-11
Financial Analyst,Germany,94955.13,2015-04-21,1982-01-30
Support Engineer,Australia,64238.56,2023-04-29,1995-08-15
Legal Counsel,India,94658.39,2021-05-15,1975-02-28
Compliance Officer,Switzerland,78548.62,2017-01-09,1981-05-03
IT Specialist,Singapore,56470.72,2022-05-20,1974-08-02
Graphic Designer,Ireland,56786.31,2022-05-07,1970-09-28
Compliance Officer,USA,96630.77,2022-07-13,2000-04-24
Finance Manager,Sweden,127262.22,2020-05-09,1985-07-13
Marketing Manager,UAE,104312.29,2019-05-21,1975-08-17
Project Manager,Netherlands,102669.61,2020-06-03,1987-01-24
QA Engineer,Japan,82370.78,2017-06-05,1997-02-23
Support Engineer,Canada,66684.52,2023-06-30,1998-03-12
CTO,Mexico,275212.86,2019-08-15,1987-10-21
Database Administrator,France,87076.43,2015-03-26,1979-01-07
Data Analyst,Mexico,58134.77,2023-09-08,1988-07-18
Security Analyst,Switzerland,115240.54,2020-12-05,1983-05-08
Frontend Developer,New Zealand,91417.13,2019-09-06,1977-07-01
HR Manager,New Zealand,73911.58,2017-07-25,1990-11-01
Financial Analyst,Canada,66960.37,2024-12-16,1976-11-08
CTO,USA,253827.61,2024-01-08,1973-04-29
Database Administrator,USA,86145.77,2017-04-26,1978-05-30
Senior Software Engineer,Canada,105395.28,2017-06-14,1988-03-22
Technical Writer,Canada,63932.88,2024-02-26,1981-09-24
Network Engineer,Brazil,88965.90,2021-07-16,2000-09-10
Financial Analyst,Singapore,97901.18,2021-09-05,1984-01-20
System Administrator,New Zealand,73984.31,2022-04-08,1982-10-12
Product Manager,New Zealand,126170.43,2018-11-20,1979-02-04
Data Analyst,Netherlands,59216.46,2015-06-30,1987-05-21
DevOps Engineer,Japan,82809.84,2019-05-22,1991-10-27
Junior Developer,Ireland,48107.43,2019-05-21,1988-10-04
Cloud Architect,Singapore,159807.66,2022-11-16,1992-11-11
Data Analyst,Netherlands,88209.08,2019-07-15,1999-01-23
Network Engineer,UK,74603.12,2022-03-17,1991-07-31
Backend Developer,Singapore,101351.43,2020-07-13,1997-06-01
Marketing Manager,Denmark,97948.04,2019-10-20,1989-06-12
Senior Software Engineer,Sweden,114992.38,2015-02-05,1991-06-24
Marketing Manager,Australia,97808.10,2023-11-19,1999-07-26
Content Writer,Germany,51618.05,2023-01-11,1983-09-19
HR Manager,Mexico,79563.25,2018-10-26,1987-06-28
Engineering Manager,Mexico,114273.60,2018-12-21,1991-07-03
VP of Engineering,New Zealand,210235.82,2015-03-23,1998-03-29
Support Engineer,Norway,53877.39,2020-11-25,1978-05-05
UI Designer,Brazil,79757.30,2022-03-29,1987-05-02
VP of Engineering,UAE,201645.54,2015-04-19,1996-09-23
Graphic Designer,Singapore,47893.00,2022-04-10,1993-01-18
Software Engineer,Canada,61365.37,2015-06-01,1988-04-26
Full Stack Developer,Netherlands,76131.14,2018-10-23,1978-09-22
Software Engineer,Brazil,63309.51,2024-04-28,1970-03-20
Machine Learning Engineer,Singapore,118219.11,2015-07-19,1973-12-29
Finance Manager,Sweden,99899.78,2022-08-12,2000-12-29
Customer Success Manager,Japan,97619.51,2021-10-28,1980-06-05
UI Designer,Canada,76910.98,2015-08-07,1979-04-01
Accountant,UAE,78428.90,2021-02-24,1979-11-24
CTO,Denmark,255838.24,2017-06-12,1975-12-13
CTO,Brazil,184012.20,2015-06-26,1991-11-25
Compliance Officer,Mexico,110372.40,2019-09-01,1997-08-03
Operations Manager,New Zealand,101619.23,2022-01-07,1995-03-01
Content Writer,France,53877.97,2021-12-22,1994-09-05
Accountant,Ireland,57547.48,2017-02-04,1976-01-19
CTO,Brazil,278517.59,2019-01-17,1974-03-31
Support Engineer,Australia,78717.56,2015-07-16,1990-04-14
UX Designer,Netherlands,77213.35,2022-10-04,1970-01-20
Network Engineer,Australia,82668.06,2022-12-16,1977-09-02
UX Designer,Denmark,71486.51,2021-08-15,1998-10-02
CTO,Mexico,226044.88,2023-07-17,1988-09-15
Frontend Developer,Mexico,65439.40,2020-08-30,1999-11-21
Finance Manager,Mexico,123791.70,2024-04-20,1991-09-17
Database Administrator,Denmark,90498.49,2015-05-27,1975-05-31
HR Manager,India,67076.15,2018-12-10,1997-01-18
Marketing Manager,Switzerland,106696.25,2019-02-27,1995-06-03
Operations Manager,Mexico,100444.44,2024-12-29,1987-04-06
Junior Developer,Sweden,61108.32,2019-11-01,1973-03-01
Scrum Master,Ireland,81390.52,2018-04-23,1983-04-22
Financial Analyst,Japan,74372.06,2018-06-30,1997-01-17
Junior Developer,Sweden,59100.71,2023-12-21,1982-09-13
Senior Software Engineer,Mexico,113715.07,2015-11-15,1997-12-13
Finance Manager,Norway,95607.42,2021-07-24,1974-03-21
Project Manager,Canada,108350.14,2021-06-08,1994-03-24
Marketing Manager,South Africa,89954.04,2023-05-26,1985-10-13
Business Analyst,UAE,94246.45,2018-03-25,1975-05-14
Product Manager,USA,142652.42,2023-09-09,1983-10-29
Graphic Designer,Australia,63581.97,2015-10-04,1990-08-15
Database Administrator,Norway,95674.26,2024-06-19,1985-11-29
Junior Developer,Singapore,49754.36,2016-06-03,1988-12-13
Network Engineer,Canada,87001.72,2017-12-06,1975-07-12
HR Manager,France,76880.76,2017-05-15,1988-08-26
Engineering Manager,South Africa,138355.87,2019-09-08,1971-11-13
Support Engineer,Germany,70533.85,2015-09-27,1979-05-15
Operations Manager,Netherlands,75635.85,2019-05-27,1994-06-08
IT Specialist,France,76000.83,2015-07-17,1982-09-14
System Administrator,Japan,63922.76,2019-03-03,1996-02-28
UI Designer,New Zealand,91299.79,2015-02-22,1984-08-20
UX Designer,India,89496.28,2022-11-03,2000-12-31
Frontend Developer,Japan,83013.05,2017-01-07,1976-09-27
Data Analyst,India,69030.94,2021-09-08,1987-11-14
Support Engineer,New Zealand,62710.64,2022-02-16,1971-04-25
Marketing Manager,Canada,98554.70,2023-06-06,1988-10-13
Machine Learning Engineer,Singapore,138995.05,2021-07-21,1993-02-13
Support Engineer,UAE,59250.04,2021-11-03,1978-04-02
HR Manager,Switzerland,78444.35,2015-06-23,1977-01-27
Product Manager,New Zealand,119354.35,2019-12-09,1992-07-04
Business Analyst,Canada,69329.85,2019-06-23,1990-07-25
QA Engineer,Singapore,75319.87,2016-01-13,1995-05-28
Full Stack Developer,Sweden,79938.48,2021-07-08,1984-01-22
Sales Manager,Switzerland,100075.65,2016-04-26,1988-02-14
Network Engineer,Sweden,76168.33,2023-07-20,1973-03-19
UI Designer,Netherlands,86557.85,2022-01-25,1983-10-07
Software Engineer,Japan,87862.25,2020-08-29,1973-10-18
System Administrator,Canada,67138.12,2016-03-24,1970-06-26
Sales Manager,Denmark,106955.07,2023-04-28,1995-05-16
Marketing Manager,Mexico,94112.42,2018-06-25,1987-01-23
Data Analyst,Brazil,74357.58,2021-11-08,1987-02-28
Cloud Architect,Switzerland,133171.42,2024-11-02,1973-02-19
Legal Counsel,Brazil,129690.81,2021-01-06,2000-02-29
Cloud Architect,USA,124315.67,2017-05-12,1986-07-15
UI Designer,Norway,87616.19,2019-08-19,1997-08-03
Finance Manager,France,91998.44,2020-07-13,1977-08-12
QA Engineer,Sweden,62467.85,2020-11-07,1997-11-03
Operations Manager,Japan,113932.38,2017-12-15,1978-07-10
CTO,Mexico,266652.09,2021-11-03,1977-02-02
Project Manager,UAE,113217.44,2015-02-28,1985-02-18
Frontend Developer,USA,94275.50,2017-08-28,1990-04-08
Business Analyst,Canada,91323.39,2016-07-02,1993-09-04
IT Specialist,New Zealand,83172.30,2024-05-23,1996-11-15
VP of Engineering,India,194153.81,2016-01-19,1972-01-24
Legal Counsel,France,93391.25,2020-01-17,1994-07-18
IT Specialist,Ireland,58130.81,2019-12-18,1992-08-21
Customer Success Manager,UAE,79844.44,2018-02-17,1985-01-10
Support Engineer,Canada,57375.30,2021-04-27,1971-12-11
Financial Analyst,India,92284.06,2024-05-07,1988-12-31
IT Specialist,UK,58500.73,2022-10-19,1995-07-02
Accountant,New Zealand,70734.70,2016-01-19,1970-09-02
Marketing Manager,Mexico,75327.70,2016-05-02,1978-07-31
VP of Engineering,Ireland,176207.93,2023-08-07,1972-06-17
Finance Manager,India,116037.10,2020-05-12,1979-12-26
Operations Manager,USA,85217.04,2019-11-19,1982-10-24
Project Manager,Canada,107561.41,2019-12-03,1991-08-26
CTO,New Zealand,214336.86,2018-09-25,1973-03-12
Financial Analyst,USA,99030.23,2019-03-02,1973-07-07
Scrum Master,UAE,89546.08,2015-04-06,1978-04-03
VP of Engineering,New Zealand,178080.61,2022-10-09,1972-03-18
Product Manager,Switzerland,133984.10,2022-06-28,1976-02-28
CTO,Singapore,232817.91,2023-11-11,1991-01-11
Scrum Master,Switzerland,89685.65,2015-06-16,1979-07-15
Backend Developer,USA,100475.77,2018-02-17,1971-02-06
CTO,Sweden,199495.83,2017-02-10,1999-02-27
IT Specialist,Denmark,68781.10,2024-04-05,1976-03-26
Data Analyst,South Africa,64915.93,2020-07-15,1980-07-06
Accountant,Ireland,57990.34,2018-10-20,1993-09-10
Support Engineer,Germany,60892.09,2022-03-13,1998-01-19
Security Analyst,Norway,107247.08,2024-10-06,1986-04-08
Network Engineer,Brazil,90906.88,2017-03-26,1998-08-22
Project Manager,Brazil,115361.15,2023-04-11,1995-09-19
Security Analyst,Canada,117448.30,2024-10-21,1984-10-29
Project Manager,UAE,88135.43,2016-03-06,1974-05-15
Scrum Master,Australia,105494.20,2018-09-23,2000-10-26
Engineering Manager,Canada,166040.92,2024-03-06,1976-04-01
Network Engineer,Mexico,67941.85,2019-12-31,1996-07-31
UX Designer,Switzerland,69210.12,2018-12-22,1998-02-01
VP of Engineering,Netherlands,173767.38,2022-03-25,1976-11-29
Product Manager,Denmark,138917.47,2022-06-16,1971-07-31
Support Engineer,Switzerland,57949.30,2024-08-22,1990-11-05
Engineering Manager,South Africa,169497.60,2016-06-25,1976-11-02
Finance Manager,New Zealand,99960.24,2016-12-27,1976-08-08
Scrum Master,UAE,97454.08,2021-12-17,1978-11-02
Senior Software Engineer,Netherlands,98335.03,2018-08-12,1972-01-19
Legal Counsel,Mexico,138777.07,2015-08-03,1979-03-08
Customer Success Manager,France,87112.18,2023-01-12,1980-11-17
Cloud Architect,South Africa,131888.72,2021-01-14,1986-09-03
DevOps Engineer,Sweden,93467.72,2017-10-11,1994-10-29
Product Manager,Netherlands,137096.14,2024-03-26,1976-09-25
Full Stack Developer,Mexico,100731.02,2021-04-08,1979-12-26
Network Engineer,Mexico,78249.79,2019-06-01,1980-01-24
Financial Analyst,Norway,82698.35,2015-05-27,1995-11-08
Technical Writer,Ireland,81976.94,2017-03-21,1994-04-07
Finance Manager,South Africa,88356.75,2021-07-16,1997-09-09
Machine Learning Engineer,USA,129322.22,2015-08-30,2000-04-24
Security Analyst,Sweden,80535.74,2017-05-22,1986-02-13
Graphic Designer,USA,72295.50,2019-10-05,1973-01-12
QA Engineer,New Zealand,63193.32,2020-07-23,1974-09-26
Support Engineer,Australia,64733.58,2018-04-07,1975-05-20
Compliance Officer,Australia,99418.03,2021-03-24,1980-10-25
Legal Counsel,Denmark,144124.53,2019-10-25,1998-02-07
Network Engineer,Denmark,88121.96,2019-12-16,1997-10-24
Engineering Manager,France,127296.40,2024-07-14,1996-02-18
Data Scientist,Singapore,109331.79,2019-01-14,1992-04-19
Project Manager,UK,115137.69,2024-11-23,1991-01-24
Cloud Architect,France,159441.83,2019-06-09,1980-12-05
Data Scientist,Netherlands,88676.47,2020-04-17,1994-04-09
Software Engineer,Mexico,75432.45,2019-02-13,1999-09-02
Support Engineer,Canada,56128.92,2024-07-27,1990-07-14
UX Designer,France,73576.31,2017-04-13,1996-12-26
Machine Learning Engineer,Ireland,144907.82,2023-08-29,1977-01-21
Full Stack Developer,India,94732.84,2023-11-30,1989-09-10
System Administrator,UK,85875.34,2018-08-24,1994-09-24
Data Analyst,Singapore,68113.00,2015-11-04,1990-12-26
Graphic Designer,France,64354.42,2024-12-18,1987-07-01
Junior Developer,USA,65299.55,2018-07-16,1989-08-18
Graphic Designer,Ireland,55804.01,2017-10-14,1993-12-06
Business Analyst,New Zealand,89892.35,2017-11-25,1977-01-06
CTO,Japan,186115.53,2022-06-02,1981-01-11
Legal Counsel,Germany,108965.06,2022-11-01,1987-07-25
Marketing Manager,Sweden,74769.17,2020-07-15,1970-05-06
Database Administrator,Japan,77900.44,2018-03-11,1998-06-23
VP of Engineering,Ireland,216070.88,2017-04-07,1994-09-25
Finance Manager,Netherlands,88388.25,2021-09-17,1983-02-23
Sales Manager,South Africa,98806.45,2016-07-13,1978-03-07
Financial Analyst,UAE,94982.12,2020-07-26,1975-11-04
Graphic Designer,Netherlands,59403.21,2015-01-05,1996-08-10
Network Engineer,Brazil,84909.26,2020-10-23,1987-03-11
Machine Learning Engineer,Sweden,145457.07,2016-03-04,1988-04-22
Machine Learning Engineer,Switzerland,144372.67,2016-11-30,1984-10-04
Junior Developer,South Africa,46217.92,2015-08-21,1974-09-01
Project Manager,New Zealand,118314.43,2020-02-20,1983-08-31
Software Engineer,UK,88446.85,2021-02-13,1981-06-21
Junior Developer,Singapore,58942.63,2015-07-03,2000-10-14
CTO,Norway,206007.54,2023-07-21,1981-09-03
Engineering Manager,India,154409.01,2024-04-08,1992-10-31
Support Engineer,France,79929.26,2023-01-08,1986-11-26
Operations Manager,India,76028.44,2015-04-16,1985-03-14
CTO,USA,230317.21,2017-04-29,1990-08-12
HR Manager,New Zealand,69910.99,2020-07-10,1982-02-23
Backend Developer,Netherlands,81180.08,2021-01-19,1978-11-18
DevOps Engineer,Mexico,93493.70,2015-12-31,1971-01-23
IT Specialist,South Africa,83504.26,2024-08-08,1988-01-28
Product Manager,Mexico,130853.25,2015-01-09,1976-12-18
Support Engineer,Denmark,66052.18,2016-04-18,1971-01-16
Full Stack Developer,Australia,97222.18,2015-01-13,1987-02-21
Senior Software Engineer,UAE,138923.95,2017-10-17,1993-09-05
DevOps Engineer,India,122289.64,2022-02-09,1972-11-24
Marketing Manager,Norway,82341.54,2016-08-09,1983-11-18
Data Scientist,Germany,117238.86,2023-12-30,2000-04-27
Machine Learning Engineer,Brazil,149328.23,2024-09-14,2000-05-02
Data Analyst,Germany,77249.12,2015-01-23,1994-12-28
QA Engineer,South Africa,82627.49,2020-08-21,1998-07-12
UI Designer,Netherlands,82116.65,2016-09-15,1983-05-27
Financial Analyst,Sweden,65463.62,2024-07-01,1995-05-23
Accountant,Switzerland,62621.55,2017-09-07,1997-07-24
Marketing Manager,Singapore,99737.84,2017-11-19,1998-02-03
Legal Counsel,UK,113355.39,2016-02-01,1975-07-15
Security Analyst,Australia,107642.72,2024-02-11,1996-05-11
Accountant,Norway,61328.60,2023-08-14,1992-09-08
Database Administrator,Norway,95272.16,2019-07-17,1989-09-11
Financial Analyst,UAE,86932.94,2015-02-09,1976-05-02
Network Engineer,South Africa,73482.09,2021-09-12,1972-04-05
Financial Analyst,Switzerland,80605.59,2022-09-08,1977-10-08
Graphic Designer,Canada,54285.35,2021-11-22,1996-06-22
Software Engineer,UK,63585.39,2015-04-11,1993-01-20
Customer Success Manager,Australia,93421.78,2021-06-20,1973-07-20
Operations Manager,Australia,106959.19,2020-03-15,1972-10-28
Frontend Developer,France,91832.05,2018-11-24,1979-05-09
Support Engineer,Germany,65566.18,2020-06-26,1970-06-15
IT Specialist,UK,69732.54,2022-11-24,1970-03-19
QA Engineer,Singapore,83672.56,2020-10-31,1993-03-23
Backend Developer,Germany,90153.04,2020-12-30,1982-03-10
Scrum Master,Brazil,88501.51,2024-01-17,1980-08-29
Sales Manager,Germany,75402.94,2023-12-08,1999-01-07
Customer Success Manager,UAE,67713.43,2018-12-19,1979-10-20
CTO,UK,257274.33,2016-04-11,1996-03-29
Database Administrator,Canada,80321.97,2024-12-10,1975-05-15
Scrum Master,Switzerland,87249.87,2019-06-29,1982-12-28
Business Analyst,Sweden,60314.61,2019-06-21,1973-10-11
Accountant,Denmark,53224.43,2015-12-12,1995-12-25
HR Manager,Switzerland,70764.15,2021-04-23,1994-08-29
Product Manager,Australia,90122.40,2015-03-17,1975-03-19
Frontend Developer,Brazil,89085.89,2020-08-04,1973-05-21
Backend Developer,Ireland,72640.43,2024-11-13,1998-05-24
Product Manager,Japan,112842.32,2019-06-12,1989-08-25
Compliance Officer,UAE,75065.91,2017-12-03,1996-07-04
Customer Success Manager,Brazil,73901.18,2018-07-03,1988-05-26
Sales Manager,New Zealand,77371.64,2017-12-24,1981-03-06
Full Stack Developer,Singapore,106414.58,2021-09-20,1978-10-01
QA Engineer,Singapore,69417.93,2015-07-16,1970-12-13
VP of Engineering,UAE,189054.53,2018-02-23,1998-01-24
System Administrator,Mexico,83397.43,2017-07-03,1985-02-22
Database Administrator,France,83939.67,2023-10-17,1970-01-22
Finance Manager,Germany,120514.12,2021-08-13,1990-05-23
Cloud Architect,Mexico,157734.41,2018-03-29,1982-07-17
Machine Learning Engineer,Brazil,123129.06,2023-05-09,1995-08-20
Junior Developer,Singapore,50670.89,2022-07-13,1985-03-29
Project Manager,Japan,85346.57,2022-12-02,1972-05-15
Database Administrator,UK,97392.61,2024-12-11,1982-08-30
CTO,Canada,186007.79,2019-06-21,1982-09-09
UI Designer,Norway,73688.87,2023-01-17,1980-09-21
VP of Engineering,Canada,155596.39,2015-11-03,1977-08-30
System Administrator,Denmark,81163.65,2019-11-14,1989-10-13
Scrum Master,Brazil,96598.47,2022-04-03,1974-05-06
Finance Manager,UK,98291.06,2016-08-01,1996-06-29
QA Engineer,France,66157.77,2016-05-27,1977-06-14
Data Scientist,UAE,122523.35,2022-09-25,1995-08-03
Senior Software Engineer,New Zealand,120923.86,2016-11-22,1995-01-19
CTO,France,256285.99,2020-03-24,1999-03-01
Product Manager,Norway,123983.76,2022-09-26,1970-04-08
UX Designer,India,97576.56,2024-06-02,1976-05-16
Network Engineer,Brazil,91335.82,2024-11-19,1993-05-01
Finance Manager,Australia,105369.64,2019-12-24,1982-08-09
Technical Writer,USA,81252.89,2016-06-25,1999-02-25
Accountant,France,54917.80,2019-11-03,1981-10-30
Compliance Officer,Denmark,112257.41,2016-03-04,1975-01-01
Senior Software Engineer,Denmark,122366.57,2015-03-18,1988-05-12
Junior Developer,Canada,52147.94,2018-10-26,1973-11-17
Customer Success Manager,Switzerland,74739.26,2018-01-05,2000-03-29
Business Analyst,France,69439.03,2023-10-03,1986-12-12
DevOps Engineer,New Zealand,91582.47,2022-04-08,1996-07-20
Support Engineer,South Africa,50415.21,2023-11-17,1979-07-24
Engineering Manager,Norway,138541.14,2024-08-12,2000-09-04
HR Manager,Japan,94476.60,2015-06-04,1988-04-28
Network Engineer,Canada,70935.30,2016-11-24,1978-01-09
Full Stack Developer,Denmark,98222.26,2023-02-14,1982-03-31
DevOps Engineer,Singapore,103996.71,2019-04-12,1972-08-11
Frontend Developer,Sweden,76925.52,2015-03-21,1993-04-23
Content Writer,UK,57960.07,2023-05-13,1993-08-09
UX Designer,Singapore,79158.59,2024-07-10,1984-10-28
VP of Engineering,UAE,175774.98,2017-01-07,1975-02-22
Backend Developer,Australia,85752.76,2020-11-13,1999-05-16
UI Designer,Germany,92431.24,2022-04-15,1999-03-27
Scrum Master,India,86272.01,2018-05-23,1989-03-11
Database Administrator,UK,85964.10,2024-07-19,1980-06-08
Junior Developer,Singapore,66678.51,2023-12-02,1975-12-15
CTO,Norway,207326.06,2019-08-16,1980-10-15
QA Engineer,Netherlands,84258.58,2018-12-27,1992-09-11
Business Analyst,France,83089.43,2023-02-01,1974-08-28
Full Stack Developer,Netherlands,97901.17,2018-09-18,1978-10-14
DevOps Engineer,Brazil,89600.30,2021-07-23,1991-12-25
Product Manager,Singapore,131443.69,2016-08-05,1970-08-17
Compliance Officer,USA,94591.11,2016-01-08,1984-05-12
Sales Manager,Canada,109419.93,2022-12-07,1991-08-28
Full Stack Developer,Canada,90153.72,2020-12-12,1999-10-26
Cloud Architect,Germany,135582.00,2021-08-04,1983-03-15
Cloud Architect,New Zealand,101722.89,2018-07-22,1973-06-06
Customer Success Manager,Germany,76003.71,2019-04-19,1971-09-10
IT Specialist,Denmark,69335.81,2021-01-24,1980-11-23
Engineering Manager,France,138153.73,2020-09-08,1991-05-07
Operations Manager,UAE,107831.78,2024-01-24,1988-06-07
Accountant,India,69239.37,2019-06-30,1977-02-13
Financial Analyst,France,94701.62,2017-10-21,1977-11-10
System Administrator,India,62314.14,2024-10-18,1988-08-03
UX Designer,Norway,82743.12,2022-01-03,1985-01-04
Financial Analyst,Sweden,65555.42,2021-06-17,1996-12-16
Cloud Architect,UAE,118712.98,2017-06-08,1982-01-04
Database Administrator,Japan,86900.71,2024-07-12,1975-06-25
Database Administrator,New Zealand,66412.64,2017-02-25,1984-08-21
Machine Learning Engineer,Sweden,127264.65,2022-07-01,1975-10-09
Legal Counsel,USA,126314.65,2021-07-24,1986-02-26
DevOps Engineer,Switzerland,112839.35,2020-01-17,1993-12-16
IT Specialist,India,71064.56,2018-01-29,1979-06-09
Product Manager,South Africa,107405.25,2018-12-13,1993-08-12
Software Engineer,Sweden,87015.83,2017-02-18,1985-09-12
Machine Learning Engineer,South Africa,139951.94,2024-10-31,1973-10-02
Senior Software Engineer,Canada,101494.27,2021-10-20,1989-05-12
Machine Learning Engineer,Denmark,98062.11,2015-09-17,1980-07-05
Financial Analyst,Netherlands,73273.37,2020-12-20,1984-02-15
Accountant,New Zealand,79192.54,2015-06-24,1992-02-13
Support Engineer,UAE,63009.52,2016-12-22,1993-03-11
Data Scientist,Australia,81270.83,2017-08-13,1973-04-15
QA Engineer,Ireland,59001.04,2021-01-25,1975-04-28
QA Engineer,Mexico,65666.94,2018-04-19,1988-06-14
Software Engineer,India,79303.85,2021-03-29,1982-09-09
Product Manager,Sweden,112539.82,2019-12-11,1982-06-22
Senior Software Engineer,South Africa,121636.25,2019-08-09,1989-06-16
Product Manager,Sweden,111068.68,2015-12-12,1988-06-01
Database Administrator,UK,90084.05,2023-10-20,1992-06-13
Scrum Master,South Africa,104910.81,2022-03-02,1982-04-28
Finance Manager,Germany,103861.47,2018-05-29,1991-06-25
UI Designer,Canada,72502.92,2018-05-28,1974-10-10
UX Designer,Sweden,92060.53,2017-11-10,1978-07-12
Backend Developer,Australia,101288.07,2017-07-05,1977-08-27
Data Analyst,USA,68747.85,2023-03-17,2000-09-16
Operations Manager,Japan,111270.17,2023-01-12,1997-10-20
UI Designer,Denmark,71432.87,2024-07-02,1972-08-19
Sales Manager,Norway,78684.94,2017-07-08,1974-07-05
Software Engineer,Norway,65999.46,2022-07-05,1972-08-22
UX Designer,UAE,67277.62,2022-07-31,1977-12-22
Operations Manager,Denmark,95016.35,2023-08-13,1997-02-02
DevOps Engineer,USA,85828.88,2019-12-13,1999-02-09
Graphic Designer,Japan,49955.84,2017-08-07,1974-07-13
IT Specialist,Canada,59103.34,2019-03-28,1985-03-07
IT Specialist,Norway,64324.04,2023-08-25,1993-05-22
Marketing Manager,UAE,96216.01,2022-03-23,2000-03-28
Business Analyst,Switzerland,92020.67,2022-03-30,1985-04-17
Project Manager,Netherlands,101055.88,2015-06-01,2000-09-25
Full Stack Developer,USA,105057.97,2021-12-16,1975-06-02
System Administrator,Netherlands,59572.95,2024-06-25,1974-06-01
Engineering Manager,Germany,126645.38,2015-09-11,1994-09-18
Sales Manager,UAE,101209.25,2020-09-28,1986-06-29
QA Engineer,Japan,56826.56,2018-09-10,1993-07-31
Full Stack Developer,Brazil,83961.59,2019-12-01,1973-08-23
Frontend Developer,UAE,91447.12,2018-10-22,1975-06-02
System Administrator,Singapore,77162.09,2017-07-01,1972-05-21
Product Manager,Ireland,107690.77,2023-09-22,1974-03-17
Network Engineer,South Africa,78072.54,2023-04-12,1982-10-18
Customer Success Manager,New Zealand,76772.81,2020-03-31,1987-03-24
Scrum Master,Japan,103038.61,2021-10-05,1972-01-18
Content Writer,Canada,56022.74,2018-06-07,1975-11-27
Cloud Architect,Switzerland,128237.77,2019-12-19,1978-08-01
Project Manager,Ireland,98126.27,2019-05-27,1986-08-18
Senior Software Engineer,UK,126494.81,2023-06-15,1981-03-19
QA Engineer,UAE,72721.29,2017-06-04,1985-02-26
Engineering Manager,USA,112284.04,2016-03-04,1998-06-07
Machine Learning Engineer,Brazil,119599.42,2020-12-05,1996-07-23
Junior Developer,Netherlands,67362.74,2023-01-08,1987-10-26
Machine Learning Engineer,Ireland,145663.14,2017-06-11,1992-11-06
Compliance Officer,India,112061.45,2022-05-02,1977-04-24
VP of Engineering,UAE,204140.88,2017-11-10,1992-11-20
UI Designer,Singapore,71296.03,2017-01-06,1996-07-25
Backend Developer,Switzerland,100842.06,2022-12-20,1970-08-30
Network Engineer,USA,82004.42,2021-06-02,1974-05-15
Senior Software Engineer,Switzerland,132985.70,2015-03-07,1982-02-21
Frontend Developer,Sweden,82405.23,2015-02-23,1972-02-28
UI Designer,India,86231.96,2016-10-11,1994-02-16
Cloud Architect,Netherlands,143604.82,2018-03-15,1975-02-06
Cloud Architect,Japan,143645.23,2021-08-28,1976-04-22
Machine Learning Engineer,Australia,136245.16,2016-11-10,1980-11-14
VP of Engineering,Brazil,173118.06,2022-03-15,1985-02-05
Full Stack Developer,Canada,76818.54,2020-06-18,1989-03-27
Sales Manager,Ireland,117442.54,2021-01-09,1980-03-21
Full Stack Developer,New Zealand,107528.45,2023-12-06,1973-08-29
UX Designer,USA,94778.81,2018-11-01,1987-11-27
Finance Manager,Canada,122325.24,2016-10-05,1992-03-19
Scrum Master,Denmark,89675.80,2024-07-01,1987-02-28
Compliance Officer,UK,106724.38,2017-04-10,1987-09-24
UI Designer,Mexico,89599.57,2018-04-24,1972-03-14
Data Scientist,Denmark,82568.92,2019-06-25,1976-05-29
Graphic Designer,Switzerland,64790.15,2023-02-15,1990-04-27
Content Writer,Canada,60135.87,2022-05-21,1974-04-07
Business Analyst,France,87050.04,2015-11-18,1987-10-24
Scrum Master,UAE,104823.50,2018-07-23,1995-03-02
Finance Manager,Denmark,123336.31,2015-10-12,1996-02-26
Data Scientist,Australia,109449.42,2023-11-08,1978-01-29
IT Specialist,Switzerland,74036.09,2016-10-15,1990-10-11
Security Analyst,UAE,82882.01,2016-04-01,1993-09-18
System Administrator,New Zealand,64581.29,2023-06-22,1998-05-23
Scrum Master,India,98997.84,2024-02-18,1994-11-20
Full Stack Developer,New Zealand,103900.21,2019-10-13,1994-12-10
HR Manager,Singapore,79983.67,2020-07-07,1982-04-27
Sales Manager,Germany,114481.66,2019-07-10,1991-01-07
Compliance Officer,Canada,83361.02,2023-03-31,1992-12-29
Product Manager,Brazil,124329.52,2015-01-19,2000-10-16
Compliance Officer,Netherlands,94854.04,2024-03-15,1990-08-18
UX Designer,UK,92145.74,2020-11-12,1974-01-08
DevOps Engineer,Ireland,106316.03,2021-10-28,1994-06-17
Graphic Designer,Netherlands,73067.11,2019-08-02,1973-06-10
DevOps Engineer,UAE,107745.23,2015-07-01,1997-08-14
Financial Analyst,Australia,69977.32,2015-12-30,1978-12-01
Technical Writer,Brazil,79597.98,2015-03-22,1993-11-08
Backend Developer,Germany,91590.94,2019-03-29,1980-04-18
System Administrator,UAE,66879.67,2019-10-16,1983-10-12
DevOps Engineer,India,81712.13,2024-10-18,1992-05-14
Business Analyst,Australia,60032.25,2018-07-23,2000-01-12
Security Analyst,Germany,100212.18,2020-09-02,1989-11-25
Junior Developer,Canada,63990.20,2024-12-06,1972-01-19
Network Engineer,South Africa,76987.10,2021-12-21,1985-08-13
Financial Analyst,Switzerland,90007.45,2019-12-31,1973-12-24
HR Manager,India,97947.07,2020-08-18,1970-07-26
Accountant,Denmark,58486.06,2022-08-07,1999-02-01
Compliance Officer,Norway,91594.03,2016-10-17,1981-06-18
VP of Engineering,New Zealand,201785.70,2022-11-30,1991-04-12
Scrum Master,Mexico,91442.49,2018-06-25,1980-06-07
Technical Writer,Singapore,64604.91,2016-06-14,1970-01-28
DevOps Engineer,Norway,117672.05,2023-03-30,1998-02-17
Project Manager,India,101734.31,2019-02-22,1994-11-20
Content Writer,Australia,41729.77,2024-07-03,1971-05-17
Project Manager,Ireland,119727.62,2019-09-23,1978-04-16
Database Administrator,Netherlands,88650.02,2019-01-16,1993-03-14
UX Designer,France,89330.87,2021-03-12,1977-05-20
Support Engineer,Mexico,64462.23,2016-06-19,1974-03-27
Backend Developer,Denmark,93217.31,2023-06-22,1979-09-02
System Administrator,Netherlands,66679.83,2021-06-19,1975-02-07
Data Scientist,Norway,110751.35,2017-06-14,1973-07-12
Machine Learning Engineer,Japan,117947.68,2021-03-30,1983-05-16
Frontend Developer,France,72491.72,2024-03-04,1992-12-06
Frontend Developer,Ireland,88920.65,2018-09-12,1977-09-30
Full Stack Developer,UK,99913.48,2017-10-23,1983-12-15
Data Analyst,India,55761.79,2022-11-17,1998-03-21
Legal Counsel,South Africa,93573.05,2022-02-28,1974-02-22
UI Designer,Mexico,72395.85,2015-06-20,1983-07-01
Technical Writer,New Zealand,55672.66,2022-01-16,1980-07-01
Junior Developer,Netherlands,64765.09,2022-05-23,1970-12-09
Project Manager,Brazil,88179.72,2018-05-16,1982-04-17
Marketing Manager,UK,105405.76,2023-02-04,1983-04-05
Customer Success Manager,Sweden,67668.04,2018-04-21,1983-11-13
Finance Manager,Japan,108724.45,2022-01-08,1987-02-16
IT Specialist,Brazil,69945.40,2018-10-11,1995-06-10
Full Stack Developer,Singapore,89841.05,2015-03-14,1990-11-01
Backend Developer,UAE,82952.94,2022-09-24,1993-11-20
UI Designer,Switzerland,78244.78,2017-08-10,1998-02-12
Full Stack Developer,France,96028.28,2024-11-18,1996-05-29
Content Writer,Mexico,62548.35,2021-06-10,1983-04-23
VP of Engineering,Canada,219762.00,2021-03-04,1976-07-31
Junior Developer,India,67327.54,2019-06-24,1984-09-12
Product Manager,Germany,100372.66,2017-03-04,1995-03-28
Security Analyst,UK,84833.04,2020-11-28,1988-07-06
DevOps Engineer,Japan,102841.49,2024-11-28,1979-12-01
Marketing Manager,USA,81474.22,2017-03-24,1983-06-22
Data Scientist,UK,115594.92,2023-05-16,1996-01-01
Network Engineer,Australia,86453.99,2017-11-05,1970-09-15
IT Specialist,Denmark,69428.89,2019-03-25,1970-12-15
IT Specialist,Netherlands,79133.45,2019-05-17,1974-02-07
Scrum Master,France,103189.00,2021-10-04,1996-07-01
Marketing Manager,UK,71930.79,2023-06-22,1990-04-04
System Administrator,Switzerland,63582.31,2015-04-03,1988-10-30
Security Analyst,Brazil,119343.71,2020-11-12,1993-08-05
Business Analyst,Mexico,85829.48,2016-05-05,1997-04-27
Data Analyst,Norway,78708.12,2017-11-20,1980-02-22
Content Writer,Switzerland,41528.88,2018-04-20,1981-01-25
Data Scientist,Sweden,120760.10,2021-10-22,1982-06-01
System Administrator,Switzerland,65215.64,2020-12-15,1986-02-19
System Administrator,Switzerland,58039.30,2019-05-22,1970-04-29
DevOps Engineer,India,109254.73,2015-06-28,1972-09-29
Content Writer,Netherlands,46245.03,2016-07-16,1981-08-03
HR Manager,Brazil,87844.20,2021-10-14,1974-08-31
Scrum Master,Ireland,105275.66,2022-12-22,1997-09-28
Project Manager,New Zealand,82168.86,2019-07-15,1986-05-01
Product Manager,Canada,99940.39,2023-11-25,1974-01-02
Customer Success Manager,Sweden,65556.26,2018-09-16,1999-11-26
UI Designer,Sweden,81171.21,2017-07-11,1973-11-20
System Administrator,UK,61972.58,2017-01-20,1978-11-20
Cloud Architect,Sweden,113351.09,2022-09-16,1998-03-30
Senior Software Engineer,India,135529.70,2021-03-26,1971-12-19
Sales Manager,France,99312.93,2022-12-16,1979-08-15
VP of Engineering,USA,201181.29,2017-07-02,1971-03-08
DevOps Engineer,Mexico,110786.91,2024-09-16,1989-11-19
DevOps Engineer,South Africa,83006.63,2015-11-11,1987-06-13
Data Analyst,Norway,75312.32,2018-11-12,1987-07-03
HR Manager,New Zealand,97542.99,2022-06-07,1973-03-01
System Administrator,USA,71993.30,2017-04-04,1991-05-21
HR Manager,Switzerland,99175.43,2015-04-01,1970-03-10
Business Analyst,Japan,92613.06,2020-05-17,1987-05-14
Scrum Master,UK,92453.48,2015-03-10,1974-10-08
Network Engineer,Australia,81018.98,2020-03-24,1987-05-24
HR Manager,Singapore,81232.20,2021-09-27,2000-09-27
Database Administrator,UAE,73405.88,2023-12-13,1988-01-12
Database Administrator,India,79561.32,2016-03-03,1994-12-16
Software Engineer,Brazil,86783.56,2021-12-06,1982-01-02
Compliance Officer,UK,93245.61,2015-06-23,1988-07-24
Database Administrator,UAE,75890.32,2023-12-05,1983-12-11
Database Administrator,Singapore,77200.79,2018-04-08,2000-12-15
VP of Engineering,Denmark,173157.69,2022-11-29,1994-02-26
VP of Engineering,Netherlands,211993.77,2020-11-28,2000-04-02
CTO,Denmark,200802.73,2022-10-21,1976-01-29
UX Designer,Switzerland,100980.57,2020-07-25,1998-10-02
Senior Software Engineer,Brazil,115213.21,2020-10-16,1971-05-23
CTO,France,241338.06,2019-10-07,1996-11-19
Technical Writer,Netherlands,79177.68,2015-04-04,1993-06-04
Legal Counsel,New Zealand,131748.59,2015-11-07,1991-12-04
Content Writer,UAE,45051.06,2019-01-10,1975-09-04
Technical Writer,Denmark,78145.54,2015-09-12,1993-10-25
Security Analyst,Singapore,107486.26,2020-10-12,1983-11-20
Network Engineer,Canada,68775.75,2022-12-21,1993-06-22
Financial Analyst,Denmark,66768.27,2023-08-01,1973-03-06
Software Engineer,New Zealand,73363.65,2022-02-23,1992-12-17
Engineering Manager,UAE,122259.13,2023-12-28,1974-09-27
UI Designer,New Zealand,71029.69,2017-07-14,1993-12-24
Senior Software Engineer,New Zealand,100271.18,2017-09-04,1987-06-18
Cloud Architect,South Africa,149355.12,2018-02-09,1995-10-02
Software Engineer,USA,78807.47,2024-01-29,1987-08-22
Sales Manager,India,107921.26,2018-07-29,1997-02-09
IT Specialist,UAE,59058.82,2015-10-16,1976-04-07
HR Manager,Singapore,89190.16,2017-01-04,1980-02-26
Technical Writer,Netherlands,60657.77,2021-10-18,1982-08-06
Marketing Manager,Japan,107847.87,2020-12-01,1981-05-31
Backend Developer,Brazil,68289.80,2016-09-02,1981-06-27
IT Specialist,Switzerland,65956.70,2021-10-05,1972-07-02
Business Analyst,New Zealand,86082.25,2022-03-29,1984-08-25
Database Administrator,Netherlands,67444.16,2023-05-05,1986-08-05
UX Designer,UK,103952.19,2017-10-27,1989-09-25
Content Writer,Sweden,53000.54,2018-11-22,1976-05-18
Scrum Master,Netherlands,86772.64,2018-01-24,1983-11-13
IT Specialist,USA,78563.98,2023-06-14,1992-05-11
System Administrator,Netherlands,71257.85,2015-12-23,1990-09-09
Accountant,Netherlands,54297.69,2020-09-11,1977-09-04
Operations Manager,Germany,85015.96,2017-05-04,1973-09-20
QA Engineer,Singapore,67964.94,2017-03-27,1979-12-24
Cloud Architect,Switzerland,148016.84,2023-09-25,1995-08-08
Security Analyst,South Africa,94016.38,2020-07-25,1988-05-22
Business Analyst,New Zealand,73492.75,2021-04-13,1978-10-17
Finance Manager,Brazil,97664.84,2020-11-03,1999-03-01
Product Manager,Sweden,95836.80,2016-03-18,1988-02-10
Engineering Manager,Singapore,147934.52,2018-05-31,1976-11-07
System Administrator,Brazil,59315.36,2022-04-18,1971-02-24
UX Designer,Canada,97995.95,2020-07-05,1996-02-24
Content Writer,India,47642.74,2023-06-11,1973-05-03
Graphic Designer,Japan,60211.35,2022-12-11,1988-04-23
Business Analyst,Denmark,75294.28,2018-06-13,1970-05-05
Cloud Architect,Singapore,106441.75,2016-08-15,1999-08-27
Cloud Architect,Denmark,156175.67,2024-11-28,1982-03-23
Marketing Manager,USA,109143.20,2018-12-04,1996-03-16
Support Engineer,Switzerland,78775.51,2015-04-07,2000-05-15
DevOps Engineer,Japan,105311.92,2020-02-19,1983-03-19
Senior Software Engineer,New Zealand,102234.17,2024-01-02,1974-11-30
Finance Manager,France,129493.56,2018-06-17,1991-05-27
Frontend Developer,Canada,86436.10,2017-06-29,1977-01-25
Accountant,Denmark,63594.98,2020-11-25,1978-09-09
Marketing Manager,UK,105150.01,2024-06-19,1973-01-23
Compliance Officer,Mexico,110659.11,2016-06-28,1997-12-29
Frontend Developer,UAE,78144.47,2015-07-07,1971-04-14
DevOps Engineer,India,82453.93,2024-03-15,1972-10-21
Security Analyst,Brazil,101240.95,2017-03-30,1989-09-08
Machine Learning Engineer,Japan,97952.41,2021-09-02,1972-07-04
Senior Software Engineer,Germany,118339.28,2018-12-27,1987-07-06
Sales Manager,Sweden,112127.38,2024-04-06,1988-12-30
Support Engineer,USA,77546.80,2022-07-20,1993-08-22
Cloud Architect,New Zealand,120692.60,2015-09-01,1986-11-11
DevOps Engineer,Ireland,110001.33,2022-04-17,1980-11-21
Network Engineer,Switzerland,70518.91,2022-12-22,1989-08-23
VP of Engineering,Mexico,201836.89,2024-01-01,1976-01-08
Data Analyst,Switzerland,82124.41,2015-08-16,1974-06-25
Backend Developer,Japan,79448.98,2019-12-21,1994-06-22
Business Analyst,Sweden,81700.14,2020-09-13,1986-04-14
Finance Manager,South Africa,105427.78,2019-10-19,1994-11-20
QA Engineer,Canada,78052.31,2020-01-06,1995-11-02
Junior Developer,Canada,49020.20,2020-01-03,1979-09-01
DevOps Engineer,Canada,104578.91,2024-09-21,1985-07-06
Network Engineer,USA,83795.45,2018-09-25,1993-01-14
Business Analyst,Sweden,78575.26,2018-09-30,1981-03-23
Business Analyst,Switzerland,86827.87,2015-01-03,1999-05-24
Network Engineer,Sweden,86090.51,2015-05-22,1972-04-15
Accountant,UAE,52538.97,2023-09-19,1983-09-02
Product Manager,Japan,126844.33,2018-08-07,1991-08-06
Operations Manager,New Zealand,108089.97,2017-02-17,1971-10-08
Project Manager,Mexico,103578.75,2023-05-30,1986-06-05
UI Designer,Japan,93630.18,2018-07-29,1990-06-25
DevOps Engineer,Mexico,117356.81,2020-06-06,1973-12-18
Finance Manager,South Africa,101120.64,2023-12-03,1977-02-16
System Administrator,Brazil,57889.26,2024-07-14,1988-09-07
IT Specialist,New Zealand,75360.95,2022-02-22,1984-04-01
VP of Engineering,Australia,173366.94,2022-02-02,1987-06-02
System Administrator,Norway,75383.21,2024-03-06,1985-07-17
Junior Developer,Switzerland,63728.50,2019-04-21,1987-03-26
Operations Manager,New Zealand,103015.64,2022-12-30,1982-06-26
HR Manager,Australia,74670.45,2015-09-02,1974-07-11
Backend Developer,Germany,98448.44,2022-04-25,2000-07-12
Financial Analyst,UAE,78775.43,2017-06-19,1989-03-20
Scrum Master,Switzerland,109992.06,2019-05-27,1984-02-26
IT Specialist,France,84953.10,2024-08-17,1987-09-21
Technical Writer,Japan,67976.77,2020-01-27,1987-06-26
Senior Software Engineer,Norway,128372.76,2017-05-05,1988-10-27
Customer Success Manager,Brazil,70053.29,2017-06-08,1990-07-11
Financial Analyst,Singapore,93863.32,2019-05-13,1974-04-08
Data Scientist,India,80295.25,2015-10-06,1985-01-13
Database Administrator,France,74023.96,2018-01-07,1990-07-25
QA Engineer,Switzerland,84056.04,2017-01-10,1975-01-12
Data Scientist,India,88493.75,2017-11-03,1973-09-24
Product Manager,Ireland,138016.23,2020-04-16,1975-05-02
Compliance Officer,Norway,114131.73,2018-02-24,1976-04-18
Junior Developer,Singapore,66971.43,2015-12-13,1971-10-01
Junior Developer,UAE,63435.35,2018-12-30,1992-03-02
Engineering Manager,Norway,132540.85,2023-07-29,1970-10-22
Support Engineer,Mexico,66150.35,2024-04-15,1974-09-10
Compliance Officer,South Africa,88209.35,2016-01-17,1993-06-06
Product Manager,India,117154.08,2024-04-26,2000-11-23
Cloud Architect,South Africa,100560.13,2019-11-15,1999-06-24
Backend Developer,UAE,67765.06,2023-03-28,1970-10-17
Frontend Developer,Switzerland,83516.90,2017-07-06,1985-02-22
System Administrator,Ireland,81673.24,2016-09-05,1998-01-30
DevOps Engineer,Germany,106960.23,2021-11-27,1993-08-13
Data Scientist,South Africa,97332.49,2018-07-18,1995-06-04
System Administrator,UK,56576.82,2019-11-24,1978-08-08
Backend Developer,France,100731.61,2019-08-30,1986-06-22
Sales Manager,Norway,88556.75,2022-12-13,1995-07-22
VP of Engineering,Australia,181599.88,2015-09-21,1988-12-18
Technical Writer,South Africa,56304.64,2022-03-11,1992-01-02
Data Analyst,Denmark,87666.15,2018-02-01,1998-04-24
Sales Manager,Sweden,105558.15,2020-09-13,1996-06-14
Compliance Officer,USA,84140.40,2024-11-17,1978-05-02
DevOps Engineer,Ireland,102054.16,2023-08-18,1988-05-11
Operations Manager,New Zealand,105350.82,2023-11-29,1978-03-08
Compliance Officer,New Zealand,113122.21,2023-12-03,1986-03-21
Finance Manager,New Zealand,125666.39,2022-09-29,1985-03-18
Compliance Officer,New Zealand,104716.15,2016-10-02,1976-02-27
Content Writer,Ireland,62689.67,2022-11-04,1985-06-26
Accountant,Mexico,70930.36,2017-12-19,1990-08-27
CTO,New Zealand,185729.57,2022-04-26,1988-11-20
Software Engineer,USA,84191.73,2017-09-18,1973-07-04
Data Scientist,France,113301.57,2019-09-03,1985-09-04
Network Engineer,Switzerland,81149.92,2018-05-20,1971-04-09
Data Analyst,Switzerland,86510.82,2021-02-13,1980-08-29
Legal Counsel,South Africa,91947.12,2018-11-01,1978-05-31
Business Analyst,Australia,82233.60,2015-11-04,1985-07-29
Scrum Master,UAE,83445.97,2019-12-23,1997-03-31
Customer Success Manager,Netherlands,89536.87,2020-11-30,1998-03-05
Compliance Officer,Sweden,91934.31,2016-10-25,1993-01-09
Full Stack Developer,New Zealand,96916.83,2022-10-19,1998-12-17
HR Manager,Switzerland,68704.61,2020-01-16,1981-07-31
CTO,Germany,189774.41,2022-08-22,1994-01-08
CTO,New Zealand,246362.26,2019-01-21,1972-02-12
Machine Learning Engineer,UK,95691.73,2023-05-08,1993-02-18
Software Engineer,UK,77056.45,2020-07-22,1988-09-28
Junior Developer,USA,60452.07,2020-04-25,1972-12-10
HR Manager,New Zealand,93066.20,2017-04-11,1992-08-10
System Administrator,Netherlands,81101.46,2015-09-04,1989-05-04
Support Engineer,Mexico,61560.24,2023-07-21,2000-02-27
Technical Writer,Canada,63045.84,2019-05-04,2000-01-07
Content Writer,Australia,52035.79,2015-10-07,1998-07-08
UX Designer,Denmark,98721.27,2017-12-02,1993-03-03
Legal Counsel,Ireland,119267.74,2024-10-05,1978-07-30
Graphic Designer,South Africa,53657.44,2019-05-21,1970-06-14
Project Manager,Germany,87167.29,2015-05-01,1981-05-06
Business Analyst,Germany,77599.33,2015-11-24,1979-02-27
Legal Counsel,USA,145295.36,2020-07-10,1982-07-28
Business Analyst,South Africa,90589.08,2022-07-06,1976-07-04
HR Manager,Denmark,95422.14,2017-11-10,1977-03-23
Accountant,Germany,72808.42,2023-08-04,1996-08-02
VP of Engineering,Japan,202811.02,2015-12-19,1997-01-17
Accountant,France,64696.58,2021-09-05,1999-11-07
CTO,Germany,269911.30,2019-03-28,1992-04-01
Data Analyst,Netherlands,66845.76,2018-06-09,1994-03-26
Security Analyst,France,79063.94,2015-04-16,1986-10-05
Operations Manager,Netherlands,89202.27,2023-02-20,1979-09-24
Machine Learning Engineer,USA,97872.62,2015-09-04,1975-11-13
QA Engineer,Australia,82218.09,2015-09-09,1975-07-23
VP of Engineering,France,177388.31,2024-04-03,2000-12-29
System Administrator,Ireland,87743.79,2023-03-03,2000-12-12
Data Analyst,Switzerland,57458.27,2021-08-06,1970-02-24
IT Specialist,Netherlands,65757.22,2016-09-27,1972-11-23
DevOps Engineer,Singapore,101064.32,2018-09-03,1980-10-14
Operations Manager,Singapore,102702.75,2019-08-16,1979-10-29
DevOps Engineer,UAE,96416.26,2022-08-03,1996-02-24
System Administrator,India,69555.80,2020-09-23,1994-05-30
Backend Developer,UAE,81656.00,2023-11-11,1995-05-10
Database Administrator,India,95086.15,2017-04-08,1979-09-29
System Administrator,UAE,69510.40,2024-07-09,1970-06-07
Senior Software Engineer,Switzerland,139288.18,2022-08-04,1995-05-08
CTO,Singapore,269148.65,2018-09-13,1970-08-13
Backend Developer,Netherlands,104214.15,2021-09-25,1982-08-02
Junior Developer,India,59141.83,2022-05-05,1970-05-01
VP of Engineering,UAE,179440.45,2019-10-14,1972-02-17
Cloud Architect,Ireland,144776.13,2024-04-18,1981-02-03
IT Specialist,Mexico,66640.29,2016-06-01,1991-12-24
Scrum Master,Australia,89256.63,2020-01-02,1988-11-09
Compliance Officer,France,75566.04,2020-11-01,1985-06-18
QA Engineer,Brazil,72060.23,2017-10-18,1994-11-10
Data Analyst,New Zealand,67967.35,2022-01-07,1983-11-16
VP of Engineering,Denmark,158359.30,2024-01-20,1999-06-11
Content Writer,UAE,50333.02,2021-03-30,1995-06-12
Technical Writer,Brazil,80908.56,2020-04-24,1999-09-02
Support Engineer,Australia,52152.54,2020-05-10,1970-09-18
Data Analyst,Ireland,62246.76,2020-05-14,1974-10-04
Frontend Developer,Japan,73368.85,2019-04-16,1983-08-22
Graphic Designer,UK,74524.67,2018-09-07,1971-11-26
IT Specialist,Australia,60620.97,2017-12-03,1985-03-19
UX Designer,Norway,75431.96,2015-01-01,1989-05-29
DevOps Engineer,Brazil,96715.26,2016-07-03,1984-12-06
Finance Manager,Netherlands,88358.79,2017-07-08,1970-01-07
Network Engineer,Sweden,70200.67,2018-05-04,1976-08-22
IT Specialist,USA,66847.80,2020-04-13,1985-10-15
Security Analyst,USA,93184.09,2023-07-18,1990-03-11
IT Specialist,UAE,72803.77,2016-05-12,1994-08-05
Engineering Manager,Singapore,114891.45,2018-03-05,1991-11-29
Support Engineer,Singapore,54359.73,2018-11-12,1971-09-03
Legal Counsel,Norway,132541.36,2016-04-13,2000-03-03
Data Scientist,Denmark,125177.04,2024-12-07,1996-10-25
Cloud Architect,Brazil,127062.97,2017-03-02,1972-01-31
Technical Writer,Japan,77172.27,2020-01-25,1997-05-24
Database Administrator,Denmark,75916.15,2018-01-21,1984-07-29
Data Analyst,Sweden,84382.73,2022-05-22,1997-05-22
Customer Success Manager,Brazil,89490.16,2024-11-05,1972-07-11
Senior Software Engineer,Netherlands,109391.64,2015-01-27,1976-06-01
Full Stack Developer,Canada,89443.36,2023-09-29,2000-08-08
Product Manager,Canada,106729.49,2016-06-07,1990-09-05
Operations Manager,Switzerland,94269.40,2020-12-17,1996-12-30
Operations Manager,Norway,105146.57,2022-04-06,1995-04-14
Finance Manager,India,107836.05,2023-10-08,1970-04-24
Senior Software Engineer,Singapore,120325.85,2016-10-31,1982-03-02
Cloud Architect,Germany,124501.15,2019-09-09,1987-07-15
Software Engineer,Mexico,66936.89,2024-03-06,1978-08-27
Full Stack Developer,Mexico,92866.14,2018-12-29,1987-09-19
Software Engineer,Japan,92540.00,2023-12-12,1997-02-14
Marketing Manager,Australia,72338.21,2024-02-13,1973-01-19
Database Administrator,Norway,70671.27,2022-03-26,1996-09-07
Cloud Architect,India,137618.47,2023-08-27,1995-10-23
Compliance Officer,Brazil,85394.83,2019-11-03,1974-12-31
Financial Analyst,Netherlands,72170.30,2018-11-01,1993-02-28
Database Administrator,New Zealand,84974.62,2017-01-10,1978-08-27
Compliance Officer,South Africa,108231.13,2021-05-24,1993-05-27
Accountant,Japan,55496.07,2017-07-01,1988-11-02
Database Administrator,Australia,91667.12,2022-06-27,1981-12-18
Data Scientist,Mexico,120685.18,2019-03-22,1993-10-20
Software Engineer,Brazil,85612.11,2020-05-14,1994-04-05
Business Analyst,India,74768.47,2019-01-22,1978-06-03
Junior Developer,Sweden,48328.68,2019-05-11,1987-01-24
Business Analyst,Denmark,60151.35,2017-01-02,1975-12-21
System Administrator,South Africa,59217.55,2020-02-04,1988-04-29
Engineering Manager,Denmark,138960.61,2019-02-23,1996-04-27
Project Manager,Norway,96214.66,2023-07-17,1988-08-07
Legal Counsel,New Zealand,145002.86,2017-10-28,1973-07-26
Project Manager,Denmark,110646.04,2018-10-28,1988-07-11
Customer Success Manager,UAE,68870.87,2022-07-24,1978-09-12
Software Engineer,India,73665.86,2024-04-01,1987-06-11
Marketing Manager,Germany,108921.06,2017-11-24,1989-12-19
Customer Success Manager,USA,91360.10,2015-02-26,2000-02-19
Cloud Architect,Netherlands,105428.61,2017-08-17,1991-04-23
Finance Manager,Switzerland,122147.29,2023-09-27,1972-12-25
IT Specialist,Australia,80867.76,2018-06-03,1990-06-06
Cloud Architect,Germany,114623.02,2021-07-20,1990-07-13
Support Engineer,Canada,79885.86,2022-02-09,1984-04-11
IT Specialist,Netherlands,74547.57,2020-09-20,1978-04-23
Full Stack Developer,UK,103474.19,2023-06-24,1996-10-24
Full Stack Developer,Sweden,84512.83,2021-06-02,1988-06-09
UX Designer,USA,78835.94,2017-10-07,2000-07-20
Accountant,UK,74369.12,2021-10-14,1995-08-05
Compliance Officer,Ireland,75177.24,2020-01-13,1983-06-03
Operations Manager,Brazil,106524.67,2019-01-19,2000-03-15
Cloud Architect,Denmark,110426.61,2021-12-15,1978-01-26
UI Designer,UAE,60422.48,2019-01-06,2000-11-26
Operations Manager,South Africa,82542.53,2018-09-10,1987-04-05
Project Manager,France,96687.15,2017-08-28,1997-12-08
Product Manager,Switzerland,101334.68,2019-06-24,1974-06-15
System Administrator,Switzerland,80791.76,2022-05-13,1986-01-14
Customer Success Manager,Australia,82161.62,2018-05-07,1982-03-16
QA Engineer,Denmark,66211.40,2022-01-17,1994-03-27
Technical Writer,Sweden,73610.25,2016-11-25,1998-05-17
IT Specialist,Switzerland,63679.94,2017-01-12,1997-07-19
HR Manager,Norway,91822.29,2022-09-10,1990-09-24
QA Engineer,Sweden,70625.12,2015-07-21,1994-03-21
QA Engineer,Germany,79011.63,2024-08-07,1994-05-31
Graphic Designer,Norway,45056.02,2021-06-27,1973-12-11
Finance Manager,Sweden,98408.59,2017-12-09,2000-02-16
Frontend Developer,France,60335.99,2019-11-30,1998-07-21
Technical Writer,UK,84230.29,2015-05-18,1981-11-17
Financial Analyst,Singapore,66236.72,2018-09-20,1974-04-27
Data Analyst,Germany,84930.07,2017-11-18,2000-12-16
Compliance Officer,Japan,81373.89,2024-12-05,1976-03-15
Accountant,Switzerland,56097.18,2017-11-30,1981-07-26
System Administrator,Mexico,62630.06,2020-07-20,1984-09-16
Accountant,South Africa,53823.83,2024-09-15,1977-05-08
UI Designer,Germany,86844.63,2019-06-18,1989-12-12
Data Scientist,Switzerland,88705.74,2019-01-06,1991-03-10
Project Manager,Canada,97779.57,2020-08-27,1971-08-04
Operations Manager,Sweden,109594.94,2024-10-29,1986-03-22
Customer Success Manager,Switzerland,99543.54,2022-12-12,1971-09-18
CTO,UAE,200701.87,2022-10-31,1993-12-02
Data Scientist,Japan,119690.15,2017-04-02,1991-03-13
Software Engineer,Japan,64456.37,2021-11-04,1985-02-26
Backend Developer,Canada,93985.10,2022-06-02,1985-02-28
Database Administrator,South Africa,92546.63,2023-08-09,1971-11-02
DevOps Engineer,India,117757.37,2022-12-09,1984-06-13
Technical Writer,Netherlands,57425.91,2024-07-30,1989-04-15
Cloud Architect,France,133407.36,2015-02-15,1977-04-25
Database Administrator,Germany,89167.57,2015-10-06,1981-11-29
Product Manager,Denmark,98318.58,2021-04-21,1983-04-01
Security Analyst,Denmark,118440.38,2023-03-04,1993-12-19
DevOps Engineer,Norway,117566.21,2022-05-07,1973-08-09
Data Scientist,India,107002.14,2020-04-02,1994-05-19
Compliance Officer,Sweden,102469.29,2019-04-27,1994-01-27
Technical Writer,India,67878.02,2023-08-31,1993-11-26
Product Manager,India,135335.29,2022-10-02,1999-07-29
Marketing Manager,Brazil,98142.75,2024-10-19,1987-04-17
System Administrator,UK,75394.21,2021-10-20,1989-10-28
UI Designer,USA,77695.15,2016-11-04,1993-03-04
Security Analyst,Germany,119323.57,2024-05-12,1996-07-17
Backend Developer,Norway,103663.34,2020-01-02,1986-07-05
Legal Counsel,Sweden,129678.98,2015-09-13,1971-02-14
Graphic Designer,Japan,61865.46,2018-01-21,1974-07-20
Business Analyst,Brazil,66995.48,2024-08-13,1980-02-16
Senior Software Engineer,UK,122471.89,2017-09-10,1995-10-01
Accountant,Australia,69938.77,2020-09-25,1975-01-24
Graphic Designer,India,46922.25,2021-01-21,1995-11-19
Content Writer,Australia,42574.37,2018-09-18,1979-01-05
HR Manager,Germany,87955.14,2023-02-08,1993-07-29
Data Scientist,India,88178.96,2016-08-24,1990-09-10
Junior Developer,UK,64052.71,2024-09-17,1972-10-16
Operations Manager,Sweden,93665.31,2024-10-05,1989-08-29
Sales Manager,Mexico,110782.59,2020-10-28,1982-06-27
Network Engineer,Japan,66050.70,2020-01-21,1973-08-15
Cloud Architect,Mexico,156355.40,2015-09-15,1983-05-28
Software Engineer,Singapore,82314.18,2024-07-18,1977-07-19
Compliance Officer,UK,91955.95,2024-10-28,1970-12-26
Legal Counsel,UAE,113594.64,2018-12-17,1974-07-17
Data Scientist,Singapore,99614.15,2023-08-18,1980-10-19
Engineering Manager,Norway,153202.52,2022-09-25,1982-05-27
Project Manager,Sweden,104667.06,2020-10-21,1997-12-19
Backend Developer,Ireland,84206.46,2017-08-13,1999-06-10
IT Specialist,Australia,70213.55,2018-01-16,1994-02-17
Machine Learning Engineer,UK,130752.42,2022-04-22,1983-11-22
UI Designer,USA,65542.79,2022-04-10,1979-07-03
Security Analyst,Singapore,117824.57,2023-09-23,1994-10-07
UX Designer,UAE,78054.77,2017-12-27,1977-10-29
Finance Manager,South Africa,108193.97,2017-07-09,1994-06-26
Data Analyst,Australia,66770.06,2015-04-11,1999-10-10
UI Designer,New Zealand,66737.31,2016-06-22,1973-05-16
Technical Writer,Brazil,84315.33,2024-03-24,1983-12-08
Data Analyst,India,72196.75,2021-07-15,1970-09-30
Marketing Manager,Canada,71969.93,2021-12-14,1983-02-21
Network Engineer,Mexico,71056.14,2022-09-23,1987-07-07
Finance Manager,Germany,114880.95,2022-06-05,1977-12-08
Network Engineer,UAE,74732.78,2020-03-24,1983-12-30
Compliance Officer,Switzerland,114726.98,2023-01-15,1991-04-19
Project Manager,New Zealand,113304.12,2017-09-10,1993-11-27
Compliance Officer,Singapore,94622.71,2021-02-27,1989-08-16
CTO,Singapore,201870.76,2018-07-26,2000-10-31
Marketing Manager,Germany,95317.67,2018-06-26,1978-10-17
Content Writer,USA,44948.38,2018-01-12,1986-01-17
System Administrator,Netherlands,80979.31,2024-10-15,1989-09-27
Senior Software Engineer,UAE,123007.52,2024-07-02,1978-04-19
DevOps Engineer,USA,86988.52,2016-12-24,1979-09-04
Accountant,Sweden,57528.01,2024-01-03,1988-06-01
HR Manager,Denmark,77003.25,2018-02-22,1999-10-01
Sales Manager,Brazil,113044.08,2015-09-06,1977-04-17
Accountant,Japan,63446.41,2016-09-30,1991-08-08
Compliance Officer,Denmark,102546.51,2021-11-25,1980-03-12
HR Manager,France,79509.28,2023-08-18,1980-06-07
Cloud Architect,France,149828.04,2017-11-29,1972-02-16
IT Specialist,India,72461.42,2024-03-13,1992-07-01
Marketing Manager,Switzerland,83692.14,2024-12-14,1999-08-24
Support Engineer,Mexico,74398.75,2021-01-02,1995-08-04
Data Scientist,Norway,121416.66,2023-07-30,1970-07-08
Machine Learning Engineer,Sweden,135236.99,2015-01-31,1980-11-07
Business Analyst,Australia,61908.01,2018-05-20,1983-09-20
UX Designer,Netherlands,81112.33,2022-11-02,1984-04-15
QA Engineer,Denmark,68643.24,2019-10-04,1983-04-24
CTO,France,186158.76,2020-10-12,1983-11-26
IT Specialist,UAE,78690.59,2020-11-21,1987-10-19
Technical Writer,Denmark,58774.05,2019-04-27,1999-05-25
Network Engineer,India,95034.32,2022-11-17,1992-06-06
Support Engineer,South Africa,61940.51,2023-02-13,1982-09-16
Cloud Architect,USA,109105.76,2024-12-23,1981-03-03
Financial Analyst,UK,94722.53,2022-01-15,1978-01-05
Business Analyst,Singapore,81790.49,2021-12-14,1972-10-26
Product Manager,Brazil,133751.58,2022-12-23,1971-11-20
Security Analyst,New Zealand,102163.46,2021-04-04,1996-08-21
Engineering Manager,Ireland,140029.84,2022-02-19,1984-06-09
Operations Manager,Australia,81398.94,2021-12-21,1983-04-11
Software Engineer,Netherlands,85312.98,2015-07-11,1996-12-21
UX Designer,Australia,103248.01,2021-01-17,1987-05-13
CTO,UAE,203795.89,2022-12-27,1995-03-20
Machine Learning Engineer,Sweden,122653.17,2020-01-23,1988-10-11
Network Engineer,UK,70923.69,2019-06-29,1974-07-25
Security Analyst,Singapore,75179.00,2017-03-27,1991-11-08
Senior Software Engineer,Denmark,125652.10,2024-12-17,1990-08-28
UX Designer,Brazil,78120.25,2024-06-05,1999-11-05
Engineering Manager,Norway,126592.23,2017-11-10,1978-06-11
Graphic Designer,Canada,59004.15,2022-05-15,1972-07-26
DevOps Engineer,Ireland,102349.33,2016-12-14,1991-03-09
IT Specialist,New Zealand,63047.40,2020-06-20,1995-05-27
Finance Manager,India,89016.41,2016-11-09,1970-02-18
Operations Manager,Canada,90998.35,2018-06-12,1995-09-13
Network Engineer,Mexico,67971.44,2019-12-04,1997-10-30
CTO,USA,265711.84,2024-01-12,1973-05-29
Backend Developer,Canada,82618.54,2020-03-21,1995-08-15
UX Designer,Switzerland,98565.80,2016-02-29,1997-05-26
Support Engineer,South Africa,54129.98,2016-04-01,1998-10-03
IT Specialist,Sweden,82066.78,2018-12-08,1998-05-28
Accountant,Ireland,54995.70,2019-12-30,1999-04-01
Content Writer,Sweden,43346.94,2021-03-02,1992-06-21
Senior Software Engineer,Australia,137334.06,2020-02-12,1982-07-06
Customer Success Manager,India,91280.58,2017-03-03,1987-10-20
Software Engineer,Ireland,63798.23,2020-05-21,1990-01-01
Customer Success Manager,Australia,84862.39,2023-10-09,1988-10-23
Security Analyst,Mexico,89750.53,2021-01-08,1973-01-21
UI Designer,UK,69411.28,2015-12-15,1990-11-16
CTO,Switzerland,272896.48,2018-10-30,1970-11-11
Content Writer,Australia,56660.25,2024-12-21,1996-10-07
Scrum Master,USA,75829.43,2019-07-24,1995-10-05
Customer Success Manager,Canada,95009.63,2016-05-17,1986-09-12
Marketing Manager,Denmark,75241.61,2024-05-29,1975-04-19
IT Specialist,Australia,64147.64,2024-11-26,1974-02-27
Support Engineer,Denmark,75675.55,2019-07-12,1971-10-12
VP of Engineering,Mexico,190628.08,2016-10-04,1979-08-30
Accountant,Australia,58895.08,2015-09-24,1985-10-01
Engineering Manager,Netherlands,150254.18,2023-04-22,1988-02-14
Backend Developer,Netherlands,94787.23,2020-06-25,1977-04-24
Technical Writer,Australia,62680.76,2017-05-16,1984-04-15
Database Administrator,Switzerland,95043.11,2019-03-29,1991-08-23
Security Analyst,New Zealand,95610.83,2020-04-24,1987-11-06
Technical Writer,India,80009.67,2024-06-22,1975-12-19
CTO,Singapore,278675.22,2015-12-18,1973-02-03
Data Analyst,Switzerland,85220.44,2017-08-18,1972-07-18
Finance Manager,France,88457.09,2023-04-28,1998-01-27
UI Designer,Sweden,90849.37,2020-11-30,1996-09-10
Project Manager,Switzerland,116742.28,2023-02-07,1971-07-06
VP of Engineering,Brazil,187523.90,2020-07-21,1976-05-23
UI Designer,Norway,75292.53,2017-03-19,1993-08-17
Legal Counsel,Germany,127520.04,2015-09-16,1971-02-28
Financial Analyst,Switzerland,65575.95,2018-04-10,1985-07-17
QA Engineer,Canada,77104.03,2015-03-24,1990-05-08
Accountant,Brazil,76447.74,2022-11-01,1996-06-25
Network Engineer,Denmark,66188.68,2022-03-05,1985-05-28
Compliance Officer,Mexico,110791.71,2017-06-01,1986-10-05
Compliance Officer,Brazil,109032.61,2015-11-05,1971-01-17
Data Scientist,Canada,114871.98,2021-05-20,1971-01-28
HR Manager,UK,85801.83,2022-09-30,1972-06-16
VP of Engineering,South Africa,200418.41,2024-06-16,1981-07-09
Network Engineer,France,91068.50,2016-04-25,1983-05-12
Compliance Officer,Ireland,95622.73,2019-06-18,1982-04-20
Senior Software Engineer,New Zealand,97082.35,2019-10-08,1973-04-22
Scrum Master,UK,82290.05,2019-08-29,1985-06-13
VP of Engineering,Japan,198787.62,2024-09-21,1989-02-16
Business Analyst,Ireland,94054.09,2023-09-09,1987-02-23
Software Engineer,Germany,87450.63,2023-01-21,2000-07-01
Security Analyst,India,91406.71,2016-05-07,1980-09-08
Cloud Architect,New Zealand,156149.19,2019-10-04,1971-11-08
Technical Writer,Brazil,72734.58,2016-11-25,1986-10-17
Accountant,New Zealand,55648.08,2018-06-26,1990-02-18
Software Engineer,Japan,88247.33,2023-05-17,1977-01-06
Business Analyst,Canada,92328.89,2022-07-25,1992-04-15
Cloud Architect,Japan,134750.41,2022-05-31,1986-09-24
Data Analyst,Germany,64967.19,2019-06-15,1989-06-17
Junior Developer,Japan,48855.86,2021-12-03,1976-12-10
Cloud Architect,Denmark,127580.48,2023-02-15,1978-05-29
Accountant,New Zealand,62452.05,2021-02-12,1970-12-23
Machine Learning Engineer,Netherlands,100834.17,2020-11-11,1977-05-07
UI Designer,Switzerland,87125.04,2023-02-09,1975-02-05
Junior Developer,South Africa,61783.87,2021-06-22,1990-03-26
Accountant,Germany,62292.88,2022-03-18,1984-04-28
Accountant,UAE,71164.20,2023-03-19,1994-04-03
VP of Engineering,Australia,184490.58,2019-11-03,1995-06-29
Customer Success Manager,Mexico,66455.59,2020-05-18,1978-01-09
Security Analyst,Ireland,117122.44,2024-11-13,1995-03-08
Full Stack Developer,UK,75432.49,2019-05-30,1979-07-08
Senior Software Engineer,Norway,123447.06,2016-12-06,1995-04-27
Compliance Officer,Denmark,76162.71,2023-04-05,1970-12-25
System Administrator,Netherlands,85027.07,2015-11-08,1984-05-16
Engineering Manager,UK,123409.68,2020-08-19,1978-09-12
Compliance Officer,Germany,100355.47,2016-07-21,1990-08-12
Scrum Master,Japan,82513.24,2017-01-07,1971-04-25
Marketing Manager,Switzerland,107592.74,2018-07-02,1975-04-10
Legal Counsel,Sweden,96011.87,2020-03-17,1980-03-05
Data Scientist,New Zealand,83334.57,2021-05-21,1998-10-20
Product Manager,Netherlands,90627.36,2022-01-21,1991-06-13
Software Engineer,South Africa,91953.47,2022-01-24,1987-08-09
Customer Success Manager,New Zealand,86623.19,2017-01-12,1971-04-19
Compliance Officer,Sweden,90840.72,2016-05-30,1999-11-01
Support Engineer,Germany,64302.07,2017-11-21,1990-06-22
Customer Success Manager,Singapore,99247.56,2020-07-16,1978-04-15
Database Administrator,Japan,80500.64,2019-07-17,1970-03-20
Junior Developer,France,68606.45,2022-04-25,2000-02-19
Financial Analyst,Japan,71976.94,2024-12-23,1979-09-18
Graphic Designer,France,58313.95,2021-03-11,1976-11-06
CTO,Brazil,209523.81,2019-10-02,1982-07-11
Compliance Officer,Japan,85008.83,2019-12-08,1993-04-20
Customer Success Manager,Ireland,72832.61,2015-06-23,1997-04-07
Project Manager,New Zealand,115832.69,2022-09-14,1978-09-02
IT Specialist,Norway,65847.92,2020-02-11,1976-04-25
Security Analyst,Sweden,96735.59,2016-02-24,1980-03-15
Graphic Designer,Germany,58800.02,2019-05-27,1999-01-26
Scrum Master,Ireland,78522.42,2024-06-11,1990-11-18
Data Scientist,UAE,111446.33,2019-12-21,1991-08-09
Customer Success Manager,Mexico,65087.86,2016-01-12,1986-05-27
Marketing Manager,Sweden,86225.27,2022-02-25,1988-11-10
Finance Manager,Canada,123570.19,2018-01-01,1992-01-19
Project Manager,Brazil,99615.34,2020-10-26,1991-05-07
Software Engineer,UAE,70045.08,2022-06-19,1997-06-04
DevOps Engineer,Japan,118789.29,2021-05-26,1982-02-26
UX Designer,Netherlands,72751.47,2019-01-11,1986-11-11
Sales Manager,Norway,93361.73,2020-02-29,1987-05-28
Software Engineer,USA,76741.07,2021-11-02,1994-06-18
Full Stack Developer,Germany,82705.87,2016-07-31,1984-08-02
Software Engineer,Ireland,73688.27,2018-09-29,1979-03-05
QA Engineer,Switzerland,68517.74,2020-02-12,1978-05-10
Junior Developer,USA,60025.92,2021-01-07,1982-06-10
Marketing Manager,Netherlands,73035.79,2019-02-26,1975-03-28
HR Manager,Singapore,73794.02,2022-10-04,1983-03-03
Accountant,Denmark,67909.77,2016-12-07,1992-09-01
Data Scientist,India,109517.18,2017-02-26,1982-09-10
Network Engineer,Japan,90994.34,2018-07-16,1977-01-03
Security Analyst,Australia,90377.37,2016-09-11,1988-10-10
Marketing Manager,Japan,109509.34,2021-09-13,1999-02-20
QA Engineer,Sweden,81827.97,2020-08-21,1995-03-11
Senior Software Engineer,Switzerland,122690.12,2015-08-14,1997-02-09
Marketing Manager,South Africa,89806.17,2015-04-17,1992-10-19
HR Manager,USA,98842.22,2023-10-21,1994-09-08
VP of Engineering,India,200307.72,2021-12-15,1971-08-01
Data Scientist,USA,82503.91,2017-02-13,1991-11-01
Customer Success Manager,Switzerland,77382.54,2018-04-12,1989-10-18
Scrum Master,Japan,108883.72,2023-07-04,1986-02-07
Support Engineer,India,62862.65,2015-10-15,1991-05-13
Database Administrator,Ireland,69357.92,2017-07-01,1998-06-03
UX Designer,UK,98993.40,2023-09-19,1982-10-27
Compliance Officer,South Africa,88220.63,2019-12-14,1989-08-12
VP of Engineering,Mexico,218671.43,2017-09-06,1985-06-15
Operations Manager,Sweden,80463.94,2017-10-25,1993-10-04
UX Designer,Netherlands,88591.88,2018-10-29,1985-03-13
Support Engineer,Sweden,55282.92,2018-01-08,2000-05-10
Full Stack Developer,South Africa,103564.81,2016-06-10,1989-09-10
Technical Writer,Australia,67587.19,2018-03-17,1994-08-20
Graphic Designer,Japan,54487.10,2020-05-13,1986-09-04
Senior Software Engineer,Germany,139221.94,2024-05-02,1987-09-12
Data Analyst,UAE,82207.43,2024-10-11,1983-06-05
Legal Counsel,UAE,143675.17,2024-03-05,1986-06-13
Graphic Designer,Australia,65592.62,2023-06-25,1973-12-08
Cloud Architect,Australia,133813.04,2016-01-28,1996-02-05
Finance Manager,Mexico,108205.63,2015-09-26,1978-01-19
Junior Developer,Singapore,52646.38,2018-11-17,1982-06-05
Senior Software Engineer,Ireland,132470.80,2024-10-27,1976-03-03
Data Analyst,Australia,82285.32,2018-07-12,1990-02-12
QA Engineer,USA,66583.16,2020-10-22,1995-06-22
Operations Manager,Netherlands,108279.31,2017-01-30,1980-11-10
Sales Manager,South Africa,102377.84,2024-08-13,1981-11-26
Data Analyst,Ireland,71339.60,2017-01-10,1987-04-24
Full Stack Developer,Netherlands,99332.62,2015-09-29,1994-02-21
Product Manager,USA,92248.69,2021-04-01,2000-07-26
Engineering Manager,Ireland,114220.37,2016-04-08,1975-09-19
VP of Engineering,UK,190593.49,2024-04-08,1999-04-09
CTO,Singapore,185559.56,2021-05-06,1997-09-03
Scrum Master,USA,106113.96,2018-09-26,1999-12-26
Machine Learning Engineer,Canada,96920.72,2015-12-12,1995-02-05
Security Analyst,Brazil,84433.57,2019-12-27,1986-04-17
Security Analyst,Australia,97791.06,2016-01-13,1974-02-03
Junior Developer,New Zealand,53005.65,2023-10-09,1987-11-17
Accountant,Netherlands,61774.65,2021-10-08,1985-07-07
Graphic Designer,Canada,72530.24,2015-01-08,1976-06-23
Engineering Manager,Canada,152545.64,2020-01-22,1978-03-27
Financial Analyst,New Zealand,87078.14,2024-03-24,1999-12-03
Operations Manager,Germany,104138.56,2015-04-17,1993-05-22
Customer Success Manager,Germany,74907.00,2019-11-16,1992-01-02
Accountant,UAE,75336.48,2020-02-12,1979-04-28
Sales Manager,Japan,108895.69,2020-04-17,1984-08-20
Cloud Architect,UK,113918.63,2022-04-29,1974-11-03
CTO,Singapore,237373.75,2019-10-17,1973-11-17
Junior Developer,Sweden,69235.42,2022-06-26,1994-09-15
HR Manager,Brazil,84406.53,2021-10-17,1990-12-12
DevOps Engineer,South Africa,92433.25,2017-03-19,1991-07-23
Machine Learning Engineer,Switzerland,106586.73,2024-04-09,1993-10-15
Data Analyst,India,75103.20,2024-10-05,1987-08-23
Business Analyst,India,71128.49,2016-04-24,1980-10-15
Marketing Manager,UK,93009.61,2017-05-08,1981-08-24
IT Specialist,Norway,69934.33,2016-02-03,1998-02-16
Security Analyst,Singapore,98565.41,2023-11-24,1973-01-18
Operations Manager,Australia,80738.06,2024-07-04,1982-04-12
Graphic Designer,Ireland,51033.84,2019-05-22,1982-10-08
Machine Learning Engineer,Netherlands,95729.98,2024-09-07,1995-02-10
Business Analyst,France,70282.76,2018-05-04,1991-06-18
Operations Manager,Brazil,112300.59,2018-07-04,1999-11-02
System Administrator,Ireland,73954.74,2017-09-25,1991-10-07
System Administrator,Norway,63859.17,2021-03-17,1989-10-18
System Administrator,Singapore,82753.26,2017-03-15,1983-06-26
Data Analyst,New Zealand,61130.02,2017-03-02,1989-12-16
Security Analyst,Japan,103361.64,2019-06-28,1988-04-13
Software Engineer,Germany,63624.76,2024-12-23,1978-10-30
Financial Analyst,Germany,98826.63,2018-04-27,1996-03-16
Project Manager,Switzerland,103316.98,2016-10-22,1989-12-30
QA Engineer,Denmark,56255.49,2018-11-29,1999-07-24
VP of Engineering,Netherlands,202898.73,2018-08-13,1973-06-21
UX Designer,Brazil,89046.55,2015-02-03,1970-10-26
Senior Software Engineer,Ireland,132990.94,2024-08-04,1978-09-02
Scrum Master,South Africa,75504.02,2017-07-02,1973-01-07
Content Writer,South Africa,47345.17,2019-01-17,1993-07-02
CTO,Sweden,246183.15,2017-09-29,1994-01-31
Graphic Designer,Sweden,53480.61,2017-09-22,1989-09-07
HR Manager,UK,93899.21,2022-10-15,1978-01-12
CTO,Mexico,211351.36,2023-04-10,1992-04-22
Compliance Officer,Netherlands,92939.23,2023-05-20,1991-10-28
VP of Engineering,Ireland,193739.88,2023-02-15,1995-07-03
Business Analyst,India,88715.23,2016-12-17,1988-10-04
Sales Manager,Germany,76635.81,2024-02-22,1972-06-16
Security Analyst,Germany,105745.86,2023-03-21,1988-05-20
Product Manager,South Africa,131818.30,2015-12-29,1999-12-09
Security Analyst,Germany,81278.50,2015-05-16,1994-03-12
Operations Manager,Japan,97312.88,2016-02-15,1992-09-04
Business Analyst,New Zealand,84839.87,2016-10-19,1993-05-31
Cloud Architect,Netherlands,140762.88,2018-10-13,2000-01-19
Data Scientist,UAE,129362.84,2018-05-13,1987-02-19
Product Manager,Brazil,111405.39,2022-10-30,1989-08-26
Compliance Officer,India,92208.24,2019-07-11,1999-12-13
Product Manager,USA,144655.95,2020-01-22,1982-09-07
Business Analyst,France,73553.49,2018-09-03,1977-11-02
Software Engineer,Australia,65786.15,2023-08-17,1970-05-31
Content Writer,Ireland,58197.82,2024-08-06,1984-10-29
Frontend Developer,Switzerland,83089.54,2021-09-06,2000-10-10
Machine Learning Engineer,India,112609.97,2015-10-10,1971-05-14
VP of Engineering,Switzerland,219674.74,2018-04-11,1999-10-26
Financial Analyst,USA,67486.18,2021-06-30,1984-07-21
Marketing Manager,USA,78080.50,2021-08-08,1991-02-11
QA Engineer,South Africa,83469.62,2022-07-01,1993-12-31
Data Scientist,Japan,95487.12,2021-10-15,1983-04-13
Cloud Architect,New Zealand,138859.94,2019-01-07,1988-02-05
Security Analyst,South Africa,100387.88,2024-07-09,1977-11-14
Full Stack Developer,UK,102724.25,2021-05-27,1976-06-21
Software Engineer,Japan,76463.46,2023-07-23,1973-02-15
Project Manager,Japan,88714.70,2024-07-23,1988-03-06
Accountant,Australia,63834.07,2023-06-26,1979-05-22
Machine Learning Engineer,New Zealand,110960.81,2020-01-14,1981-09-30
System Administrator,Norway,79490.25,2020-04-14,1988-04-03
Frontend Developer,Sweden,67776.98,2015-06-23,1984-10-28
Backend Developer,Netherlands,86121.90,2017-08-10,1974-02-26
Graphic Designer,Brazil,60316.00,2016-01-26,1993-10-31
Project Manager,Brazil,96298.68,2022-11-19,1988-02-26
DevOps Engineer,Singapore,87248.60,2024-01-10,1984-04-06
UI Designer,USA,86467.96,2020-05-20,1975-01-31
Content Writer,Japan,56612.73,2015-01-08,1985-07-12
Cloud Architect,Germany,138018.34,2019-01-16,1980-06-09
Operations Manager,Netherlands,109903.91,2019-10-22,1973-11-08
Engineering Manager,Canada,159136.69,2020-12-22,1975-12-14
Compliance Officer,UAE,103225.76,2022-05-18,1972-11-09
Compliance Officer,Ireland,82214.42,2023-02-19,1983-02-23
Project Manager,Sweden,110084.42,2016-05-30,1973-03-21
IT Specialist,Ireland,62270.68,2019-02-23,2000-05-09
Marketing Manager,Australia,76673.76,2021-03-10,1980-06-21
Customer Success Manager,USA,65154.52,2017-03-14,1993-05-20
Business Analyst,South Africa,64284.29,2017-02-03,1975-08-16
Business Analyst,New Zealand,92669.17,2015-06-18,1998-03-14
Customer Success Manager,Mexico,84573.42,2015-10-02,1997-08-15
Business Analyst,Singapore,79282.60,2017-12-24,1992-07-05
Cloud Architect,Switzerland,107033.18,2023-12-28,1998-10-13
System Administrator,Netherlands,62814.20,2017-06-05,1991-09-22
Network Engineer,Ireland,95349.27,2018-09-12,1997-12-20
CTO,France,187767.90,2018-06-09,1972-02-08
Cloud Architect,Japan,128194.24,2019-02-28,1993-11-06
Marketing Manager,Netherlands,86598.45,2019-05-10,1989-04-18
Machine Learning Engineer,Switzerland,113761.61,2024-01-09,1999-08-25
Business Analyst,UAE,89022.29,2024-09-09,1992-10-31
Data Scientist,Switzerland,100299.58,2017-03-01,1989-03-01
Accountant,India,63569.59,2023-10-23,1984-02-16
Data Analyst,Singapore,57501.66,2019-06-11,1974-11-06
Technical Writer,Brazil,59097.86,2024-10-23,1998-08-31
Business Analyst,France,84652.09,2020-04-12,1981-05-15
Content Writer,Switzerland,61846.34,2021-11-28,1989-08-03
Sales Manager,Germany,104920.18,2020-09-21,1988-05-21
IT Specialist,Mexico,71580.15,2020-10-12,1972-05-19
Frontend Developer,Germany,65390.95,2022-09-12,1974-08-07
UX Designer,Norway,66334.78,2024-01-05,1992-03-02
Backend Developer,Sweden,74106.75,2017-08-01,1970-08-19
Full Stack Developer,Denmark,106874.69,2019-11-25,1985-09-12
Financial Analyst,Netherlands,83573.31,2020-08-12,1995-06-03
Full Stack Developer,Brazil,109302.64,2019-11-11,1980-08-17
Legal Counsel,New Zealand,116634.66,2017-08-21,1997-07-19
Full Stack Developer,France,102153.08,2019-09-14,1988-08-09
Sales Manager,Netherlands,87141.72,2022-02-04,1990-10-10
CTO,Norway,215752.17,2024-07-20,1971-08-30
Security Analyst,Canada,103091.06,2024-05-02,1974-10-20
Frontend Developer,Netherlands,96325.86,2018-05-15,2000-11-06
Scrum Master,Netherlands,83337.95,2022-07-03,1985-01-06
UX Designer,India,98438.42,2018-07-01,1986-07-31
UI Designer,Sweden,67322.50,2023-01-25,1977-05-26
CTO,Netherlands,181295.96,2018-06-21,1978-04-03
Engineering Manager,Singapore,136274.37,2021-07-01,1987-05-23
Graphic Designer,Brazil,60895.93,2020-09-10,1983-10-30
Product Manager,Netherlands,96092.03,2024-10-29,1973-06-29
Sales Manager,France,114236.11,2016-04-24,1975-12-31
QA Engineer,USA,60092.43,2015-05-05,1981-10-18
Marketing Manager,Germany,100384.91,2022-06-03,1987-04-23
DevOps Engineer,Netherlands,101246.70,2019-07-12,1986-10-12
CTO,South Africa,272881.55,2017-03-05,1985-01-08
UX Designer,Japan,80120.20,2023-06-06,1976-12-01
Legal Counsel,Canada,110496.22,2016-06-25,2000-11-15
VP of Engineering,Germany,211631.12,2023-10-17,1999-07-10
Data Analyst,Australia,57245.05,2019-08-17,1996-12-18
UI Designer,Japan,92320.00,2024-08-21,1986-03-17
Data Analyst,Sweden,64863.14,2020-01-11,1991-10-25
Marketing Manager,Singapore,103661.10,2023-07-16,1995-03-06
Network Engineer,India,81681.87,2017-03-01,1990-04-17
CTO,Switzerland,205876.36,2021-05-01,1978-10-11
Support Engineer,Denmark,60904.65,2016-07-25,1984-03-24
UI Designer,Mexico,84303.44,2022-02-08,1975-02-23
Database Administrator,France,75821.12,2015-04-22,1987-01-07
Scrum Master,New Zealand,83010.78,2019-03-25,1994-05-11
VP of Engineering,Germany,174947.94,2024-03-15,1980-09-12
Security Analyst,USA,82996.41,2022-12-16,1976-04-05
QA Engineer,Netherlands,68302.07,2023-10-18,1970-04-04
Junior Developer,Netherlands,52511.21,2015-04-05,1978-01-26
Financial Analyst,Mexico,93236.67,2018-01-30,1977-02-19
Product Manager,USA,127285.75,2016-07-29,1990-10-10
Content Writer,Brazil,63728.37,2024-09-23,1975-07-31
Technical Writer,UK,70546.24,2021-07-05,1973-09-14
Compliance Officer,UAE,80848.66,2018-04-21,1979-08-13
Senior Software Engineer,USA,132803.46,2016-08-24,1999-04-09
Product Manager,Australia,97672.28,2021-11-28,1973-08-15
Database Administrator,Netherlands,79674.13,2021-11-02,1992-06-13
Data Analyst,Australia,84527.18,2024-09-08,1972-04-02
Legal Counsel,Brazil,126212.62,2016-07-28,1972-09-07
QA Engineer,Canada,84014.24,2023-06-25,1976-06-02
Finance Manager,India,116823.83,2015-11-09,1973-09-09
Frontend Developer,Sweden,92654.88,2016-01-02,1982-06-22
Backend Developer,UK,79612.01,2021-11-20,1996-12-12
Database Administrator,Mexico,68648.00,2024-04-20,1993-04-10
Project Manager,Mexico,117019.67,2016-12-17,1972-04-23
Legal Counsel,Brazil,139136.08,2017-12-26,1971-06-07
Security Analyst,Denmark,89160.34,2020-01-05,1993-12-08
System Administrator,Sweden,70147.32,2017-12-11,1981-05-24
Operations Manager,USA,110726.19,2017-05-20,1989-11-12
Junior Developer,Switzerland,64683.66,2022-03-15,2000-10-05
Technical Writer,Singapore,71303.38,2023-07-15,1984-02-18
Graphic Designer,USA,55329.57,2023-11-17,1984-12-06
Technical Writer,Singapore,64593.01,2022-01-27,1986-02-22
Compliance Officer,Australia,92113.00,2018-10-29,1990-01-13
System Administrator,Australia,80761.00,2015-07-25,2000-09-13
Customer Success Manager,Japan,82305.59,2019-10-31,1991-10-18
Backend Developer,Brazil,66483.09,2021-10-02,1981-01-23
Marketing Manager,UAE,84730.77,2022-06-11,1983-01-06
System Administrator,Japan,78135.66,2020-06-02,2000-10-20
Graphic Designer,UK,67527.19,2021-01-26,1998-12-10
Compliance Officer,UK,108856.83,2016-11-25,1979-09-19
Graphic Designer,Switzerland,60961.73,2015-09-02,1976-09-18
Database Administrator,Ireland,98969.43,2021-06-16,1995-02-20
Software Engineer,Germany,79060.86,2021-06-29,1978-02-04
VP of Engineering,Mexico,185280.34,2023-04-11,1980-04-08
Customer Success Manager,Mexico,72333.15,2017-04-28,1997-03-15
Operations Manager,UK,77708.44,2020-08-20,1973-01-23
System Administrator,Australia,75401.24,2020-05-20,1978-06-12
Business Analyst,Brazil,69071.19,2016-07-04,1975-09-19
Backend Developer,Netherlands,77944.44,2024-10-23,1999-09-19
Business Analyst,Norway,62118.63,2016-05-01,1972-12-22
System Administrator,USA,81579.08,2016-01-22,1994-08-30
Data Analyst,Sweden,66201.34,2016-07-20,1998-06-19
UX Designer,Norway,103122.84,2015-03-17,1980-10-24
CTO,UK,185162.06,2017-06-01,1988-08-27
Finance Manager,Switzerland,126478.29,2020-09-26,1987-07-04
Business Analyst,UK,70471.83,2016-09-10,1996-01-10
QA Engineer,Netherlands,77366.37,2023-02-10,1981-10-13
Business Analyst,Mexico,72043.59,2021-08-22,1997-12-23
Product Manager,India,101151.28,2021-11-24,1993-03-20
Graphic Designer,Mexico,52231.35,2020-08-31,1981-03-03
Technical Writer,Netherlands,61197.06,2017-02-25,1986-01-27
Full Stack Developer,Japan,91619.21,2021-08-03,1996-05-11
Data Scientist,Ireland,87536.49,2023-06-27,1993-01-04
Technical Writer,Singapore,64019.60,2024-03-15,1998-10-05
Support Engineer,UK,79147.06,2021-09-06,1970-06-12
Data Scientist,Ireland,97978.28,2024-11-14,1993-07-10
Marketing Manager,Sweden,81155.86,2024-05-09,1982-03-07
Operations Manager,Canada,87840.93,2015-06-17,1987-07-01
Graphic Designer,Brazil,46607.90,2016-03-05,1996-12-07
Database Administrator,Sweden,67699.56,2019-02-20,1993-02-22
VP of Engineering,Brazil,210450.28,2024-12-19,1992-04-21
Engineering Manager,Mexico,162427.38,2015-01-11,1979-04-04
HR Manager,Sweden,90286.36,2023-10-04,1976-03-14
Content Writer,Canada,61330.75,2022-06-22,1995-11-29
Frontend Developer,UAE,97542.68,2023-10-02,1990-04-30
Graphic Designer,South Africa,64139.04,2022-08-07,1984-02-28
UX Designer,Netherlands,81097.14,2019-02-14,1992-11-24
HR Manager,Germany,83739.51,2021-12-21,1982-03-29
Cloud Architect,Norway,100453.38,2018-12-02,1985-01-09
Network Engineer,Australia,87394.27,2018-05-05,1989-02-25
Accountant,Singapore,74122.95,2020-06-30,1976-05-10
Network Engineer,South Africa,98653.00,2019-10-11,1991-04-10
Backend Developer,Netherlands,104814.81,2015-11-19,1974-10-20
CTO,India,253898.56,2019-11-16,1999-01-22
Product Manager,South Africa,139939.83,2021-04-07,1978-07-03
QA Engineer,Canada,68919.62,2023-06-08,1990-11-30
Accountant,South Africa,61326.08,2015-09-07,1972-05-23
Machine Learning Engineer,Australia,131580.09,2023-02-09,1998-01-16
Network Engineer,UK,91160.44,2022-01-16,1976-06-11
Security Analyst,Denmark,92535.77,2019-05-10,1981-08-21
Support Engineer,Mexico,54821.14,2020-10-01,1983-05-29
Scrum Master,South Africa,107538.55,2015-05-22,1987-08-08
HR Manager,Netherlands,82893.71,2017-08-30,1997-05-15
Operations Manager,Brazil,100277.49,2015-06-06,1993-07-24
Scrum Master,Australia,95300.20,2018-06-25,1982-05-30
Financial Analyst,India,81194.26,2023-02-27,1985-08-06
Full Stack Developer,India,99433.46,2024-08-02,1995-04-19
IT Specialist,New Zealand,69442.05,2015-05-07,1994-04-21
Network Engineer,South Africa,90316.87,2015-01-26,1997-07-25
Support Engineer,UK,55395.90,2024-09-10,1971-04-22
Network Engineer,Brazil,96229.36,2018-08-31,1996-12-31
Senior Software Engineer,USA,100780.00,2022-08-26,1972-10-01
Junior Developer,Japan,56734.82,2022-10-25,1987-01-11
Data Analyst,Australia,62319.12,2018-01-11,1987-11-29
Full Stack Developer,USA,92260.37,2024-10-04,1971-04-06
Compliance Officer,Brazil,101058.10,2019-09-17,1995-09-25
Security Analyst,Ireland,87559.91,2020-11-03,1983-04-27
Customer Success Manager,Denmark,84609.32,2015-03-11,1990-12-19
Financial Analyst,UAE,80536.51,2015-11-21,1993-07-11
Graphic Designer,Norway,71107.83,2024-01-06,1978-11-26
Product Manager,Mexico,100198.15,2022-11-10,1972-06-14
Support Engineer,South Africa,65798.28,2023-08-15,1988-09-09
Senior Software Engineer,Ireland,118539.88,2017-04-01,1976-08-06
Compliance Officer,New Zealand,109712.57,2016-04-30,1989-02-04
Product Manager,New Zealand,140490.37,2024-03-13,1983-01-20
Financial Analyst,UK,92878.39,2024-09-30,1988-03-10
Cloud Architect,Japan,109301.02,2018-01-28,1984-11-15
Data Scientist,France,116195.20,2017-05-15,1992-07-09
Frontend Developer,France,98056.90,2017-09-11,1993-11-10
Compliance Officer,South Africa,78611.06,2019-09-02,1995-05-26
Security Analyst,India,110738.35,2015-01-04,1996-06-23
Finance Manager,Norway,128335.54,2019-01-05,1994-10-28
Legal Counsel,USA,145989.55,2020-07-14,1992-06-01
VP of Engineering,Switzerland,199118.85,2017-12-09,1977-12-17
VP of Engineering,USA,159764.85,2017-03-13,1982-01-02
Cloud Architect,Canada,145220.07,2017-01-30,1982-01-07
VP of Engineering,USA,150068.35,2016-02-24,1983-06-25
HR Manager,UK,97866.30,2023-04-01,1987-06-11
Engineering Manager,Japan,169931.33,2024-11-23,1980-11-17
Technical Writer,South Africa,66752.73,2016-03-17,1973-09-07
Legal Counsel,Canada,110911.05,2016-05-05,1976-05-20
CTO,USA,248520.31,2018-11-10,1993-10-09
IT Specialist,France,62521.18,2017-12-25,2000-09-11
IT Specialist,Ireland,76970.34,2021-06-10,1982-07-26
UI Designer,Australia,91900.26,2018-09-23,1976-04-09
Network Engineer,Sweden,77618.58,2021-12-12,2000-10-31
Sales Manager,Norway,90377.67,2022-01-30,1971-12-04
UX Designer,Norway,76128.19,2023-04-16,1995-12-25
Cloud Architect,Norway,150598.75,2022-05-09,1977-10-01
Customer Success Manager,Denmark,86452.07,2022-04-02,1990-07-27
Sales Manager,Canada,89323.39,2021-12-28,1983-09-18
Content Writer,Denmark,62438.52,2016-06-16,1996-04-13
Financial Analyst,Ireland,96073.59,2021-06-25,1981-01-08
Support Engineer,France,77490.14,2015-12-02,2000-09-30
Marketing Manager,USA,73421.53,2023-07-05,1995-06-10
Legal Counsel,Singapore,135949.36,2022-08-31,1971-12-27
Machine Learning Engineer,UAE,97814.13,2020-04-25,1996-06-01
Legal Counsel,Canada,103934.54,2021-09-04,1993-02-17
Data Analyst,UAE,69081.80,2023-04-01,1974-02-17
Network Engineer,Netherlands,65979.65,2016-03-17,2000-09-30
Full Stack Developer,Denmark,106183.16,2021-09-08,1973-08-03
System Administrator,Norway,60547.97,2019-04-02,1976-06-04
DevOps Engineer,Canada,86779.82,2024-06-12,1976-03-17
Backend Developer,South Africa,83993.74,2024-12-04,1971-09-16
UX Designer,Norway,78055.34,2021-12-20,1978-02-24
Network Engineer,Sweden,75596.76,2023-12-19,1973-04-27
UI Designer,Denmark,81433.06,2022-05-18,1985-04-22
Compliance Officer,Mexico,87334.07,2015-07-13,1999-06-03
Security Analyst,UK,95104.97,2021-10-02,1974-04-28
Backend Developer,Norway,97532.97,2024-09-10,1976-03-18
Machine Learning Engineer,Mexico,125066.50,2015-09-30,1998-12-14
CTO,South Africa,218030.33,2017-08-20,2000-09-19
Legal Counsel,Ireland,116581.73,2019-04-03,1992-10-11
Compliance Officer,USA,92065.29,2018-04-14,1985-11-17
Database Administrator,Mexico,92762.20,2015-09-27,1973-07-06
Security Analyst,USA,101289.60,2020-06-30,1979-06-07
UX Designer,Switzerland,82467.45,2022-03-20,1987-03-12
Frontend Developer,UAE,65571.27,2019-09-02,1992-11-10
UI Designer,Brazil,66814.46,2018-07-22,1982-07-06
Software Engineer,UAE,87281.12,2022-11-04,1971-06-10
Financial Analyst,Denmark,92781.47,2021-05-19,1984-07-25
Network Engineer,Denmark,67088.89,2016-06-11,1983-01-15
Legal Counsel,Germany,115069.58,2015-03-16,1974-11-08
CTO,UAE,265043.40,2024-06-06,1987-05-24
Scrum Master,Sweden,89272.41,2024-04-09,2000-01-08
Financial Analyst,Germany,83768.64,2019-02-18,1984-11-21
Data Scientist,Norway,99296.73,2021-06-08,1977-05-30
Engineering Manager,USA,167624.94,2018-05-24,1980-04-25
QA Engineer,India,61309.81,2021-01-29,1991-12-01
Operations Manager,Sweden,92530.16,2022-02-11,1970-05-09
Content Writer,Australia,41263.47,2017-04-15,1970-01-21
Cloud Architect,Sweden,140805.00,2023-10-26,1994-02-09
Legal Counsel,Germany,139440.33,2019-06-18,1990-04-11
Accountant,India,78294.68,2015-04-13,1992-05-06
Legal Counsel,Denmark,100490.34,2021-05-23,1991-05-11
Data Scientist,Canada,81014.24,2015-04-22,1986-09-05
Frontend Developer,Japan,66799.94,2024-12-23,1973-06-20
System Administrator,New Zealand,67652.52,2024-11-05,1997-07-25
QA Engineer,Australia,68180.87,2015-11-02,1972-06-02
Senior Software Engineer,France,116033.26,2019-09-19,1972-01-28
QA Engineer,New Zealand,78742.73,2024-03-31,1979-03-24
Legal Counsel,France,128392.23,2020-10-30,1977-11-22
Technical Writer,Mexico,66851.81,2015-02-25,1977-02-08
Financial Analyst,South Africa,97651.80,2016-03-15,1989-05-01
Operations Manager,Japan,101575.19,2023-06-25,1971-03-12
Compliance Officer,India,90717.27,2015-12-03,1991-05-06
Data Analyst,New Zealand,57731.19,2018-10-25,1980-11-07
Frontend Developer,Norway,68094.30,2024-03-29,1982-11-15
Support Engineer,Netherlands,50493.39,2022-06-03,1990-10-29
Project Manager,India,102164.37,2017-06-06,1992-11-08
IT Specialist,Denmark,66623.35,2023-04-27,1982-11-15
Content Writer,Netherlands,42578.20,2019-09-02,1980-10-04
Compliance Officer,USA,81307.90,2015-03-15,1977-03-18
Frontend Developer,UAE,75765.26,2021-12-31,1989-02-12
Engineering Manager,Ireland,163529.64,2019-04-26,1990-12-24
Financial Analyst,New Zealand,82995.23,2018-04-10,1981-07-05
Support Engineer,Norway,50428.44,2017-05-11,1993-11-11
Software Engineer,Ireland,93063.87,2021-10-28,1983-11-21
Senior Software Engineer,Switzerland,125049.94,2018-05-11,1988-12-09
IT Specialist,Switzerland,67156.77,2019-01-30,1982-03-18
Support Engineer,Mexico,68259.95,2022-01-31,1998-07-10
Cloud Architect,Canada,130934.00,2024-06-21,1979-11-01
Data Scientist,Singapore,120497.06,2017-03-12,1973-06-25
UX Designer,Mexico,96315.58,2022-05-07,1972-10-10
UI Designer,Japan,83362.16,2017-12-28,1979-05-15
Support Engineer,Ireland,58438.63,2021-10-25,1976-04-18
Full Stack Developer,Denmark,73229.44,2020-07-11,1979-10-17
Sales Manager,France,79063.72,2017-04-30,1980-05-28
Business Analyst,South Africa,88245.50,2016-05-31,1994-06-09
DevOps Engineer,New Zealand,90779.40,2015-08-29,1999-10-15
Customer Success Manager,UK,94863.17,2015-01-13,1985-11-17
Operations Manager,Singapore,103294.58,2024-07-14,1981-07-21
Operations Manager,UAE,109337.91,2021-07-17,1980-11-20
Network Engineer,Sweden,88793.43,2019-08-23,1990-01-12
QA Engineer,Singapore,61862.14,2015-05-17,1989-07-01
Product Manager,Switzerland,95225.95,2016-04-22,1991-08-01
Sales Manager,USA,107099.83,2019-03-03,1980-08-04
Frontend Developer,South Africa,87586.94,2017-03-15,1972-06-22
Business Analyst,UAE,73586.62,2018-10-03,1985-12-12
Technical Writer,Norway,62046.05,2017-04-05,1994-08-01
Compliance Officer,Norway,90013.82,2024-01-07,1985-05-19
Senior Software Engineer,South Africa,98946.19,2022-01-27,1994-02-19
UI Designer,New Zealand,86310.82,2023-11-15,1977-10-22
Software Engineer,Mexico,65028.71,2015-04-29,1973-06-18
Business Analyst,UK,69594.25,2019-01-09,1997-11-08
Database Administrator,Denmark,94298.00,2017-06-21,1988-12-19
Machine Learning Engineer,Brazil,111831.49,2017-01-03,1982-06-15
Accountant,Sweden,58703.13,2023-11-28,1985-04-23
Senior Software Engineer,Canada,90133.03,2023-08-25,1997-01-10
Data Analyst,UK,77248.13,2018-11-09,1997-06-27
Data Analyst,South Africa,70880.02,2019-11-05,1988-10-27
Support Engineer,Japan,77413.64,2023-05-10,1994-06-21
Project Manager,Mexico,114141.46,2016-12-08,1976-08-30
Network Engineer,South Africa,78242.69,2018-06-16,1976-03-20
Frontend Developer,USA,66513.65,2022-08-05,1982-03-06
Software Engineer,Mexico,80122.80,2021-04-15,1979-03-30
Project Manager,Ireland,83038.10,2021-02-17,1974-03-07
Compliance Officer,Mexico,108501.39,2023-04-28,1976-02-10
Machine Learning Engineer,UAE,129862.02,2024-08-17,2000-07-08
Support Engineer,France,65343.50,2021-04-19,1999-11-05
Graphic Designer,Japan,60811.46,2022-04-03,1973-08-02
CTO,Netherlands,187979.88,2022-09-20,1976-09-11
Machine Learning Engineer,UK,116045.74,2024-03-13,1985-12-16
Business Analyst,Norway,94385.01,2021-01-18,1986-05-28
Marketing Manager,USA,86582.88,2015-03-13,1992-06-29
Data Analyst,New Zealand,56531.58,2024-09-09,1992-07-05
Project Manager,France,106392.97,2023-12-19,1997-07-08
Operations Manager,Switzerland,77405.37,2018-05-15,1993-04-24
Junior Developer,Australia,66657.63,2021-09-06,1978-10-08
Support Engineer,India,76730.31,2020-07-22,1997-08-31
Full Stack Developer,USA,81847.77,2015-06-26,1977-07-22
Legal Counsel,Australia,125468.27,2017-12-20,2000-12-02
Business Analyst,Mexico,82299.98,2019-08-14,1979-03-30
Compliance Officer,Norway,92687.90,2018-02-05,1970-12-10
Data Scientist,Mexico,110624.16,2021-03-08,1991-05-29
Technical Writer,South Africa,65065.01,2024-11-27,1994-05-18
Data Analyst,Brazil,72888.93,2022-11-11,1975-05-12
Junior Developer,France,60855.06,2018-09-15,1981-12-27
VP of Engineering,Netherlands,157416.66,2018-08-14,1974-12-25
Business Analyst,Sweden,88798.93,2018-12-30,1975-09-22
Full Stack Developer,Sweden,85189.39,2016-02-03,1984-10-18
Machine Learning Engineer,Sweden,140135.63,2022-08-30,1990-12-19
CTO,Netherlands,270152.47,2019-07-15,1970-12-06
QA Engineer,India,63323.69,2021-05-24,1999-09-28
UI Designer,France,93754.13,2023-03-19,1988-07-04
QA Engineer,Canada,67492.40,2017-05-11,1990-03-18
Accountant,UAE,68794.59,2016-10-29,1972-08-16
Backend Developer,Sweden,86827.56,2023-01-17,1990-07-06
Financial Analyst,Denmark,75076.16,2018-03-04,1992-05-07
Legal Counsel,Sweden,149205.07,2015-05-10,1997-10-20
Content Writer,Canada,61841.01,2024-06-16,2000-04-06
QA Engineer,Switzerland,61625.47,2018-09-25,1999-03-31
HR Manager,Germany,93969.88,2023-07-30,1999-01-18
Accountant,South Africa,77275.33,2022-02-28,1978-05-13
Machine Learning Engineer,Canada,118681.54,2020-01-20,1983-06-19
UX Designer,Mexico,67239.13,2023-06-27,1981-05-18
Frontend Developer,Japan,67108.00,2023-11-22,1985-05-30
QA Engineer,Denmark,75498.84,2022-07-16,1983-06-24
Marketing Manager,Sweden,76115.05,2023-10-07,1991-01-13
Technical Writer,Australia,61343.78,2018-03-30,1984-08-14
Security Analyst,India,98617.43,2016-02-13,1999-05-05
Accountant,Canada,55851.26,2015-11-26,1997-01-10
Support Engineer,Australia,57982.30,2022-03-07,1989-08-26
Project Manager,Singapore,90169.75,2021-05-06,1973-02-11
QA Engineer,USA,80063.76,2017-04-19,1974-08-17
Marketing Manager,Australia,88436.60,2019-02-22,1980-05-05
Project Manager,Mexico,112010.12,2017-03-26,1974-12-11
IT Specialist,Japan,74267.17,2021-05-10,1986-10-09
Full Stack Developer,Brazil,70612.47,2016-02-07,1988-08-16
Software Engineer,Brazil,76241.92,2022-01-11,1993-08-12
Financial Analyst,India,71003.77,2015-01-07,1991-10-28
Compliance Officer,USA,95632.39,2017-08-18,1979-06-18
Business Analyst,Brazil,60839.24,2020-10-02,1975-04-03
Operations Manager,Japan,84755.32,2022-03-22,2000-03-23
Frontend Developer,Switzerland,86351.19,2023-09-14,1971-11-11
Sales Manager,USA,119571.13,2021-06-30,1975-11-09
VP of Engineering,Norway,194708.58,2015-10-29,1983-05-23
UX Designer,USA,94961.16,2022-10-12,1977-01-21
Project Manager,Switzerland,113621.34,2019-06-12,1987-05-15
Frontend Developer,Switzerland,77348.84,2024-02-18,1983-04-07
Financial Analyst,Denmark,68300.01,2023-08-17,1984-03-26
HR Manager,France,83931.09,2019-06-28,1996-12-23
HR Manager,Switzerland,73189.47,2020-07-31,1989-04-03
Project Manager,Sweden,88895.01,2019-12-10,1980-05-09
Network Engineer,UAE,71972.02,2022-09-15,1995-08-27
Content Writer,New Zealand,43051.47,2015-04-19,1982-07-20
Support Engineer,Netherlands,72918.78,2022-01-01,1989-03-04
System Administrator,Norway,63915.36,2024-09-22,1993-09-13
Marketing Manager,Norway,92996.44,2022-08-09,1982-11-11
Marketing Manager,Sweden,82671.58,2019-01-15,1986-08-26
Data Analyst,Australia,63941.37,2016-09-27,1993-01-13
Data Scientist,Japan,120518.92,2015-10-24,1979-08-03
HR Manager,UAE,70974.66,2020-09-09,1974-06-19
VP of Engineering,Canada,214337.71,2024-05-02,1970-07-25
Project Manager,UAE,114654.65,2018-09-22,1995-09-07
Accountant,France,70850.01,2022-08-02,1970-08-27
IT Specialist,India,63781.20,2020-08-27,1978-08-18
Junior Developer,France,63960.92,2024-07-15,1985-07-13
Machine Learning Engineer,Japan,104777.52,2019-04-01,1994-11-20
Technical Writer,Netherlands,55173.60,2020-12-13,2000-06-21
Project Manager,Norway,111320.11,2024-10-25,1985-06-22
Graphic Designer,Netherlands,60229.36,2023-01-12,1992-08-01
Content Writer,USA,56786.84,2015-06-25,1991-05-13
System Administrator,India,74210.60,2017-12-05,1976-01-25
UI Designer,India,72478.83,2022-10-17,1986-12-16
Senior Software Engineer,Switzerland,122678.77,2017-02-13,1978-07-17
Cloud Architect,UK,102853.52,2021-10-18,2000-07-23
Compliance Officer,Japan,98460.39,2017-12-02,1978-05-30
Security Analyst,Netherlands,119973.35,2016-08-14,1991-03-30
Finance Manager,Brazil,100939.68,2021-08-13,1985-09-12
HR Manager,Germany,68873.19,2015-02-27,1971-07-19
Finance Manager,Ireland,104821.93,2015-05-14,1978-05-27
Software Engineer,Japan,73736.66,2023-11-22,1992-01-08
Financial Analyst,Ireland,65125.49,2020-10-09,1998-06-07
Project Manager,Netherlands,118887.57,2022-08-04,1973-03-08
VP of Engineering,India,161054.59,2022-05-28,1997-03-07
System Administrator,Sweden,76254.71,2020-12-15,1976-12-08
Legal Counsel,Singapore,99974.67,2021-08-01,1987-06-12
Frontend Developer,Canada,98594.42,2016-08-08,1983-09-18
HR Manager,New Zealand,94786.31,2018-08-30,1978-04-07
Scrum Master,Switzerland,101573.52,2023-09-04,1974-12-15
Scrum Master,Switzerland,91702.93,2023-11-01,1970-04-20
Backend Developer,South Africa,74118.92,2021-01-20,1977-10-05
Finance Manager,Brazil,117060.49,2024-04-16,1980-07-22
Backend Developer,Singapore,76142.30,2022-02-11,1994-08-30
Junior Developer,South Africa,67950.97,2018-08-21,1989-09-08
Data Scientist,UAE,83167.77,2020-06-05,1977-04-14
IT Specialist,Australia,81622.03,2020-10-06,1993-02-27
UI Designer,Norway,70337.12,2023-11-13,1994-07-21
Business Analyst,Ireland,61896.19,2017-03-29,1971-05-24
QA Engineer,Sweden,79550.07,2021-10-29,1991-12-02
Financial Analyst,France,89079.97,2023-01-07,1981-03-10
Compliance Officer,Mexico,81750.63,2024-03-08,1989-07-02
CTO,Canada,184582.75,2021-02-07,1988-07-30
Finance Manager,Norway,119004.98,2015-07-04,1998-08-06
Scrum Master,Ireland,92022.04,2017-02-24,1983-10-19
Junior Developer,UAE,60008.85,2020-05-12,1995-07-13
Sales Manager,Germany,111633.77,2015-04-08,1992-02-22
Data Analyst,Australia,82591.45,2017-05-27,1971-11-17
Junior Developer,Brazil,50992.71,2020-01-27,1986-12-28
Database Administrator,Australia,73062.38,2020-04-15,1999-02-05
Customer Success Manager,New Zealand,98609.90,2017-04-24,1998-01-13
Compliance Officer,Brazil,86827.51,2023-06-06,1984-01-14
Software Engineer,UAE,86553.89,2015-12-05,1995-12-19
Machine Learning Engineer,USA,146238.98,2016-09-20,1997-11-01
Content Writer,India,64322.77,2015-07-31,1970-02-13
QA Engineer,Germany,75375.11,2019-02-17,2000-08-25
Software Engineer,Australia,68118.90,2021-03-10,1998-04-17
Scrum Master,Netherlands,97482.55,2023-11-11,1975-04-01
DevOps Engineer,USA,95965.10,2021-03-23,1995-04-07
Content Writer,Australia,45262.17,2019-08-05,1988-02-26
Finance Manager,Netherlands,111281.44,2021-05-10,1999-09-29
QA Engineer,Japan,62980.52,2022-03-16,1998-04-15
Operations Manager,USA,108719.07,2022-09-18,1981-12-25
Machine Learning Engineer,Mexico,125917.83,2018-06-06,1979-11-24
Technical Writer,UAE,65690.87,2020-10-28,1999-09-13
Data Scientist,New Zealand,106227.26,2018-12-24,1980-10-01
Scrum Master,New Zealand,81687.71,2017-04-20,1985-07-01
Scrum Master,Canada,109486.89,2022-10-05,1988-07-28
Engineering Manager,Germany,141364.21,2015-09-10,1976-06-09
UI Designer,Mexico,82419.80,2020-02-15,1978-06-23
Data Analyst,UK,83739.59,2017-10-29,1996-01-26
Legal Counsel,Mexico,107248.93,2020-11-01,1984-12-13
Network Engineer,Norway,79401.26,2020-02-23,1971-03-13
Product Manager,Switzerland,103518.56,2021-03-07,1977-09-21
Network Engineer,USA,69481.46,2015-11-15,1973-04-13
Business Analyst,Singapore,82709.73,2024-01-06,1973-06-20
QA Engineer,Canada,70460.27,2017-02-12,1975-06-02
Senior Software Engineer,Norway,130606.91,2017-11-15,1992-10-27
Support Engineer,Germany,59981.00,2015-04-02,1991-02-26
Finance Manager,Norway,87575.18,2023-02-08,1970-03-29
Support Engineer,India,74896.21,2021-08-23,2000-10-17
Junior Developer,Brazil,68433.85,2018-11-30,1971-12-25
Finance Manager,UK,108002.09,2022-10-02,1970-03-09
Content Writer,South Africa,52389.44,2022-05-02,1971-10-19
Accountant,UAE,53174.23,2016-04-26,1994-02-11
Scrum Master,South Africa,95459.30,2018-01-26,1976-04-12
Security Analyst,USA,112632.05,2015-02-28,1978-01-08
Software Engineer,Denmark,64127.15,2018-08-01,1975-09-26
Support Engineer,Canada,53757.72,2015-08-23,1972-06-21
System Administrator,Germany,62399.13,2023-05-04,1986-02-06
System Administrator,France,72087.93,2015-10-22,1980-07-30
Technical Writer,Switzerland,58143.18,2021-03-17,1975-11-21
Compliance Officer,Australia,99571.56,2016-02-18,1977-06-26
Engineering Manager,Sweden,138998.15,2017-09-21,1971-11-28
IT Specialist,Norway,63668.21,2022-12-19,1994-04-21
Technical Writer,Denmark,69115.61,2024-06-21,1996-04-22
UI Designer,Japan,84180.54,2022-12-16,1980-07-17
Engineering Manager,Singapore,144080.01,2019-05-02,1995-10-31
Business Analyst,Sweden,84213.53,2015-11-04,1986-02-13
Marketing Manager,Ireland,88866.62,2020-07-17,1987-03-15
Data Analyst,USA,71954.88,2024-11-07,1972-03-18
Project Manager,Switzerland,90056.98,2015-05-18,1993-09-26
Financial Analyst,Denmark,89998.98,2015-01-10,1995-08-17
Compliance Officer,UAE,76182.51,2015-06-02,1993-09-13
UI Designer,France,84850.88,2018-02-05,1971-05-12
Machine Learning Engineer,South Africa,114609.96,2020-10-09,1983-01-28
Content Writer,UK,53196.83,2024-03-11,1989-01-18
Data Analyst,Brazil,86138.26,2019-01-05,1987-03-07
UI Designer,Australia,84073.21,2018-05-31,1973-03-07
Engineering Manager,Sweden,164921.40,2023-03-02,1990-01-19
Database Administrator,UAE,83548.50,2022-05-15,1975-03-25
Senior Software Engineer,Ireland,106477.70,2016-03-23,1970-09-12
Operations Manager,Brazil,112337.26,2023-02-12,1974-02-18
Customer Success Manager,Denmark,91400.92,2024-07-14,1982-10-30
Customer Success Manager,Japan,81760.20,2023-08-24,1991-02-03
Data Analyst,Japan,82325.66,2023-04-24,1994-01-25
Data Scientist,Japan,109943.78,2016-07-07,1978-02-19
HR Manager,Australia,79170.15,2022-08-25,1981-10-28
Engineering Manager,India,166737.73,2017-02-26,1990-11-23
Junior Developer,Australia,56062.08,2022-06-18,1985-10-23
Database Administrator,Germany,72669.27,2017-10-24,1995-05-11
CTO,Singapore,217844.56,2020-09-04,1997-07-15
QA Engineer,Denmark,56741.53,2016-02-29,1974-06-21
Network Engineer,Australia,75226.46,2015-02-04,1975-06-19
Technical Writer,Singapore,81449.38,2024-10-22,1991-11-07
Legal Counsel,Denmark,118197.81,2023-02-18,1978-08-03
Backend Developer,Denmark,69141.48,2021-07-14,1995-06-20
Technical Writer,UAE,55200.40,2018-03-10,1971-12-22
Content Writer,France,42640.59,2022-08-10,1987-08-05
QA Engineer,UK,55047.16,2018-08-25,1988-10-13
Customer Success Manager,Netherlands,80272.47,2016-11-08,1984-07-17
Graphic Designer,New Zealand,62826.36,2018-07-27,1972-08-12
UX Designer,Netherlands,85042.83,2018-08-31,1988-01-27
Marketing Manager,New Zealand,76154.02,2024-11-30,1993-02-05
Technical Writer,UK,80205.82,2017-10-16,1993-10-24
Product Manager,Japan,97301.73,2022-11-06,1998-03-30
Product Manager,Mexico,119341.31,2021-06-01,1992-07-19
QA Engineer,USA,83323.51,2019-04-27,1986-05-18
Accountant,Netherlands,68754.50,2016-08-21,1990-09-23
VP of Engineering,UK,150332.30,2018-08-16,1989-04-09
Graphic Designer,Canada,51478.35,2024-06-10,1971-09-27
UX Designer,Denmark,74882.67,2019-01-19,1978-03-15
Software Engineer,USA,72775.55,2019-11-02,1990-11-08
Scrum Master,Australia,89075.38,2015-11-17,1978-10-31
Data Scientist,UAE,86836.62,2018-01-17,1975-06-08
Product Manager,UAE,123423.52,2018-01-06,1989-01-19
Software Engineer,Switzerland,84799.31,2016-02-19,1970-11-22
Security Analyst,Canada,96741.80,2016-09-28,1980-09-14
Software Engineer,Singapore,75440.49,2022-06-09,1985-08-17
IT Specialist,Canada,58971.96,2023-01-13,1972-05-21
Data Analyst,Ireland,87131.09,2023-07-23,1976-11-23
Marketing Manager,Netherlands,86749.43,2022-10-06,2000-11-22
Database Administrator,Switzerland,75138.42,2023-09-29,1983-09-13
Technical Writer,South Africa,71767.59,2023-03-24,1985-04-06
Finance Manager,India,87309.39,2021-04-29,1970-09-13
Senior Software Engineer,UAE,123321.97,2021-01-29,1987-09-02
System Administrator,UK,58452.65,2019-12-30,1978-12-09
Compliance Officer,India,82851.94,2015-09-08,1975-09-06
Machine Learning Engineer,Singapore,120843.42,2015-09-14,1990-10-09
Accountant,New Zealand,52084.93,2024-06-04,1972-09-23
Machine Learning Engineer,UK,112330.44,2015-08-28,2000-12-27
Marketing Manager,Norway,80464.99,2021-11-12,2000-02-28
Scrum Master,Switzerland,97663.39,2017-02-20,1985-09-04
Cloud Architect,Canada,104023.35,2022-06-01,1976-12-06
Junior Developer,Canada,53457.58,2016-06-13,1982-05-09
Scrum Master,Switzerland,92061.97,2016-05-11,1973-12-13
Backend Developer,Ireland,100456.24,2018-09-27,1999-08-27
Cloud Architect,Australia,109403.92,2016-08-19,1989-03-05
Product Manager,Brazil,135648.03,2021-08-08,1997-04-17
Frontend Developer,UAE,97872.48,2017-11-13,1981-07-15
IT Specialist,Ireland,61901.12,2016-03-17,1998-07-08
Junior Developer,Australia,60331.91,2020-07-25,1984-01-31
Marketing Manager,Japan,70456.96,2024-01-16,1989-05-06
UX Designer,Sweden,103252.74,2019-11-02,1983-06-13
UI Designer,South Africa,86700.55,2016-03-24,1987-02-12
Machine Learning Engineer,Denmark,114684.29,2016-03-29,1994-01-30
Software Engineer,Denmark,80979.55,2016-01-30,1988-08-24
Engineering Manager,France,118138.96,2024-12-03,1986-12-30
Engineering Manager,Japan,151891.21,2024-07-17,1990-12-10
Backend Developer,UK,98970.58,2018-06-15,1987-10-16
Senior Software Engineer,USA,92088.33,2020-10-10,1998-07-04
Full Stack Developer,Netherlands,96138.54,2017-08-17,1999-08-12
Content Writer,Singapore,64542.11,2016-10-07,1981-05-30
Network Engineer,UK,71587.21,2017-10-23,1988-06-20
Engineering Manager,Singapore,146005.29,2023-05-31,1997-07-18
Data Scientist,UK,107942.70,2022-11-21,1975-05-22
Support Engineer,France,64039.66,2015-06-04,1982-06-22
QA Engineer,UK,62102.19,2021-09-19,1977-06-09
Cloud Architect,Norway,142288.96,2019-07-22,1992-08-27
Engineering Manager,Canada,111811.71,2023-05-28,1983-09-07
Sales Manager,Canada,78783.93,2018-11-05,1970-05-17
Project Manager,Denmark,104776.05,2023-06-29,1970-10-12
Customer Success Manager,Canada,86084.37,2016-07-09,1970-03-24
Backend Developer,Japan,98430.70,2022-08-04,1970-08-10
Full Stack Developer,India,82183.21,2019-08-12,1974-12-03
IT Specialist,Brazil,84348.23,2024-02-14,1979-07-01
Graphic Designer,UK,53170.04,2015-11-09,1989-11-24
IT Specialist,Netherlands,69683.32,2016-06-23,1981-10-20
CTO,Germany,247196.22,2016-05-20,1978-08-02
Data Scientist,Brazil,112710.17,2019-05-09,1990-01-25
DevOps Engineer,Canada,118529.62,2024-03-03,1992-11-26
DevOps Engineer,New Zealand,81662.34,2023-11-02,1982-03-02
Engineering Manager,Switzerland,155651.07,2019-08-19,1991-12-10
Compliance Officer,India,113110.57,2023-01-04,1974-05-19
UI Designer,Japan,61394.79,2021-04-27,1970-10-10
Senior Software Engineer,Japan,139146.53,2018-05-07,1991-04-18
Network Engineer,New Zealand,81058.73,2020-10-15,1980-10-11
Customer Success Manager,USA,67374.83,2015-12-27,1992-10-09
Graphic Designer,Norway,54300.90,2022-11-18,1977-12-31
DevOps Engineer,Mexico,117029.63,2024-06-24,1978-07-18
HR Manager,South Africa,78627.57,2022-02-22,1978-02-04
Scrum Master,India,105106.57,2015-09-05,1976-08-09
Support Engineer,Switzerland,67248.92,2015-01-08,1984-08-01
Finance Manager,Singapore,127561.36,2015-11-12,1999-09-28
QA Engineer,USA,61990.43,2015-09-21,2000-09-24
System Administrator,UAE,68473.11,2016-11-05,1994-04-28
System Administrator,New Zealand,82292.83,2022-12-16,2000-12-10
Sales Manager,Canada,76409.36,2017-04-28,1980-01-02
Frontend Developer,Japan,68022.83,2017-06-17,1980-01-05
Content Writer,Norway,57179.19,2022-10-21,1991-07-28
CTO,New Zealand,182123.70,2015-04-04,1989-03-06
DevOps Engineer,Norway,101156.39,2016-05-17,1977-05-18
System Administrator,France,86798.33,2019-09-16,1998-10-22
VP of Engineering,UK,178102.61,2020-02-06,1976-05-03
Software Engineer,India,91637.84,2021-07-02,1979-05-19
Scrum Master,France,100525.54,2024-04-04,1980-07-22
QA Engineer,Canada,57897.13,2019-04-12,1982-01-18
System Administrator,Singapore,56791.25,2018-10-13,1984-10-12
Finance Manager,Mexico,123935.70,2019-02-19,1971-12-29
Data Scientist,UAE,81008.93,2022-01-06,1975-03-10
Data Scientist,Singapore,120517.90,2019-05-18,1985-05-10
Compliance Officer,Brazil,103230.47,2022-04-18,1982-05-19
IT Specialist,Sweden,69907.38,2020-03-18,1975-04-28
Full Stack Developer,Australia,105346.27,2017-10-03,1991-02-12
Junior Developer,Australia,55732.87,2017-02-03,1992-02-25
Database Administrator,New Zealand,87369.45,2017-06-25,1988-02-29
CTO,Brazil,269040.71,2021-02-24,1986-07-22
HR Manager,Sweden,66109.40,2023-02-25,1990-09-19
Legal Counsel,Ireland,141329.22,2022-04-04,1994-03-07
Operations Manager,Singapore,111476.30,2023-12-16,1988-11-28
Data Scientist,USA,120255.84,2017-02-26,1989-08-10
HR Manager,New Zealand,96424.49,2019-05-10,1973-07-10
QA Engineer,Singapore,70085.80,2020-08-30,1971-11-25
Full Stack Developer,India,101719.67,2018-06-13,1999-03-24
Graphic Designer,Netherlands,58689.46,2016-02-12,1972-04-06
Software Engineer,France,75887.32,2018-04-16,1971-08-09
DevOps Engineer,New Zealand,83075.95,2017-09-13,1970-11-08
Compliance Officer,Singapore,103756.36,2018-06-12,1985-10-07
Accountant,Singapore,78586.63,2018-02-27,1996-11-05
UX Designer,Ireland,88046.94,2019-05-30,1973-11-14
Cloud Architect,Switzerland,106052.06,2024-12-28,1975-07-02
Full Stack Developer,Ireland,82810.99,2016-11-26,1993-10-05
DevOps Engineer,Norway,100816.72,2016-12-18,1987-02-06
Junior Developer,New Zealand,50789.98,2023-12-29,1977-04-19
Junior Developer,India,51181.18,2020-08-31,1998-11-23
Security Analyst,Ireland,109343.89,2015-04-03,1982-01-11
Financial Analyst,Netherlands,69155.02,2023-05-30,1992-05-30
Project Manager,Netherlands,90547.61,2020-06-16,1997-04-16
Accountant,Ireland,75770.35,2017-12-16,1980-09-16
Finance Manager,Canada,104784.42,2022-06-06,1997-12-14
Machine Learning Engineer,Netherlands,125576.24,2021-10-04,1979-08-28
Backend Developer,UAE,93555.05,2022-03-19,1998-01-22
Support Engineer,Ireland,63477.61,2015-08-17,1979-03-31
Sales Manager,Japan,116080.95,2018-07-09,1983-07-09
Database Administrator,UK,97931.12,2017-03-29,1992-10-18
Finance Manager,Germany,102326.58,2020-09-29,1999-10-26
Compliance Officer,UAE,107368.68,2022-07-23,1995-12-04
Network Engineer,Japan,89298.36,2024-08-22,1973-10-28
Senior Software Engineer,UK,117460.84,2023-03-11,1982-10-17
Software Engineer,India,62333.66,2021-05-29,1972-07-08
Financial Analyst,UAE,98907.97,2023-09-25,1975-10-05
UI Designer,India,89435.58,2022-03-09,1987-09-16
Graphic Designer,Netherlands,62605.40,2015-02-25,1996-05-31
Security Analyst,Germany,80295.08,2018-11-04,1998-10-21
Business Analyst,South Africa,89732.37,2023-03-10,2000-04-13
Senior Software Engineer,New Zealand,127906.99,2021-11-18,1987-06-12
Full Stack Developer,Mexico,94951.71,2019-02-13,1980-02-09
Data Scientist,Netherlands,122393.27,2015-01-31,1973-11-13
Content Writer,UK,52722.28,2021-11-23,1984-05-10
Project Manager,Denmark,116471.85,2023-07-24,1985-08-05
Machine Learning Engineer,USA,104053.27,2023-03-07,1998-05-30
Financial Analyst,Mexico,85210.82,2018-01-12,1985-09-29
Support Engineer,Sweden,70213.11,2016-10-24,2000-04-29
Software Engineer,UAE,62239.35,2020-11-19,1993-08-01
Senior Software Engineer,Netherlands,133959.29,2022-03-10,1972-02-23
UI Designer,UK,60904.16,2015-10-09,1999-02-02
QA Engineer,USA,70894.85,2019-11-21,1970-11-06
IT Specialist,UK,57997.62,2021-02-03,1992-07-31
UI Designer,India,84349.10,2017-08-05,1991-07-29
Frontend Developer,Denmark,87095.49,2019-06-16,1986-08-15
Database Administrator,Ireland,84609.08,2016-09-16,1992-05-08
Junior Developer,UAE,53368.36,2018-09-19,1985-03-08
UX Designer,Brazil,79716.39,2019-12-31,1990-09-04
Cloud Architect,Japan,127911.96,2020-07-07,1984-09-26
Cloud Architect,South Africa,113614.58,2017-01-03,1974-06-03
Frontend Developer,Canada,88246.29,2015-12-18,2000-12-07
Data Scientist,Germany,93905.01,2015-04-18,1979-07-06
QA Engineer,Brazil,68671.99,2022-11-07,1974-12-02
Compliance Officer,Netherlands,91653.09,2020-08-17,1992-10-30
HR Manager,UAE,69339.25,2020-07-01,1980-01-08
Support Engineer,USA,59625.95,2017-01-27,1994-09-28
Junior Developer,UAE,59137.14,2020-03-27,1976-02-04
Technical Writer,Japan,84128.28,2018-03-20,1978-08-22
Graphic Designer,India,45653.96,2016-05-15,1992-01-13
Backend Developer,USA,97863.22,2015-07-26,1972-06-07
HR Manager,Singapore,80232.25,2024-05-03,1999-11-05
Content Writer,New Zealand,55556.34,2019-03-07,1994-02-10
DevOps Engineer,Japan,91495.31,2021-07-15,1982-08-07
System Administrator,Norway,74160.28,2015-11-22,1982-04-27
Data Analyst,UAE,87268.81,2018-12-03,1981-06-28
Senior Software Engineer,New Zealand,94773.90,2023-04-24,1987-05-31
Scrum Master,Ireland,101240.70,2020-03-01,1994-01-16
Business Analyst,Japan,60079.33,2024-09-30,1998-08-18
Engineering Manager,Denmark,113546.59,2021-06-03,1984-05-04
Finance Manager,UAE,118040.57,2020-09-15,1970-09-28
Data Analyst,Switzerland,56267.32,2023-05-21,1974-09-23
Content Writer,Norway,51114.07,2024-05-22,1999-12-13
Data Analyst,Switzerland,69360.41,2023-05-29,1978-11-19
Support Engineer,Singapore,54469.92,2024-10-25,1998-04-22
Cloud Architect,Norway,146453.52,2015-12-11,1994-04-19
Customer Success Manager,Singapore,99819.86,2019-03-09,1973-12-06
Backend Developer,Norway,67036.65,2018-10-22,1980-12-20
Graphic Designer,UK,57684.26,2018-10-08,1992-09-21
Software Engineer,New Zealand,93914.70,2016-01-09,1986-06-16
UI Designer,India,61412.26,2021-03-10,2000-05-03
Scrum Master,Netherlands,101905.59,2018-07-01,1983-05-20
CTO,UAE,240726.72,2021-08-25,1974-11-24
Project Manager,Canada,86356.28,2019-01-03,1994-08-20
Finance Manager,India,103500.58,2023-01-20,1983-11-06
Full Stack Developer,USA,99623.37,2023-11-11,1977-12-09
DevOps Engineer,New Zealand,87940.92,2019-02-16,1997-08-21
Product Manager,New Zealand,120899.89,2016-11-16,1980-02-17
CTO,India,246172.31,2021-12-25,1977-03-20
VP of Engineering,UK,173113.28,2019-10-04,1988-01-28
Machine Learning Engineer,New Zealand,138561.61,2017-11-14,1982-07-21
System Administrator,Sweden,60385.41,2017-10-07,1984-06-30
Sales Manager,Netherlands,116576.90,2022-01-11,1990-05-07
DevOps Engineer,Sweden,113418.83,2018-07-24,1972-01-23
Frontend Developer,Brazil,70344.92,2016-07-29,1972-12-12
Accountant,Switzerland,67660.71,2016-07-18,1991-01-30
Software Engineer,Japan,76989.82,2016-01-29,1990-02-18
DevOps Engineer,Ireland,117027.50,2020-06-05,1981-03-13
Financial Analyst,France,85972.27,2017-03-23,1980-04-02
System Administrator,France,86364.53,2016-06-09,1991-11-08
QA Engineer,USA,66245.02,2021-03-09,1999-08-28
Network Engineer,New Zealand,92893.68,2018-06-05,1971-09-15
Engineering Manager,Norway,148524.59,2016-08-02,1972-12-30
Frontend Developer,Canada,83862.31,2017-12-19,1972-02-13
DevOps Engineer,Canada,111034.40,2023-09-18,1988-12-09
Senior Software Engineer,UK,130622.39,2020-11-18,1986-03-18
Network Engineer,New Zealand,79275.29,2020-05-18,1978-08-22
Engineering Manager,Canada,159440.59,2022-03-19,1988-01-07
CTO,Switzerland,212170.28,2022-07-07,1971-12-26
UX Designer,South Africa,76034.37,2016-12-03,1985-07-09
Graphic Designer,USA,66982.92,2021-05-09,1983-03-19
System Administrator,USA,67817.88,2020-12-30,1995-05-06
HR Manager,Singapore,96546.76,2015-09-02,1991-10-27
IT Specialist,Ireland,68843.26,2022-06-09,1973-09-20
Senior Software Engineer,India,118014.61,2016-10-25,1978-04-01
QA Engineer,Germany,84351.23,2015-04-03,1991-03-21
System Administrator,UK,78344.86,2024-12-29,1995-11-29
Finance Manager,Singapore,117716.74,2016-09-26,1980-06-13
Marketing Manager,Japan,108189.99,2021-12-03,1973-07-18
Business Analyst,Japan,76951.02,2015-11-08,1998-02-16
Data Scientist,UK,83346.34,2022-03-20,1971-09-16
Product Manager,Mexico,93291.10,2020-02-23,1993-12-15
Machine Learning Engineer,Brazil,133546.84,2016-12-06,1976-12-27
Graphic Designer,Switzerland,50625.43,2019-04-22,1987-05-30
Finance Manager,South Africa,111413.61,2018-07-11,1977-05-27
Frontend Developer,New Zealand,87834.32,2023-09-10,1999-01-14
UI Designer,Singapore,72411.22,2016-03-11,1999-01-26
Security Analyst,Netherlands,107127.62,2022-05-01,1991-07-22
CTO,Netherlands,185514.34,2022-04-07,1990-12-27
Customer Success Manager,Netherlands,80055.75,2017-09-26,1984-01-25
Senior Software Engineer,Norway,130329.22,2023-01-23,1988-10-08
Machine Learning Engineer,Japan,120277.48,2017-12-12,1996-10-26
Engineering Manager,Switzerland,143494.72,2016-08-19,1997-02-28
Marketing Manager,South Africa,77801.58,2015-05-15,1997-07-20
Marketing Manager,Brazil,86052.09,2018-07-03,1970-01-05
Network Engineer,Mexico,91874.77,2022-01-04,1989-06-25
Compliance Officer,Germany,79272.73,2018-10-06,1970-12-28
Marketing Manager,Netherlands,81579.03,2024-06-06,1983-06-28
Data Analyst,Switzerland,62853.97,2020-07-02,1975-03-13
HR Manager,Canada,65700.72,2020-10-13,1992-09-03
Junior Developer,Sweden,46531.69,2023-06-14,1989-06-15
Machine Learning Engineer,India,145859.85,2016-03-31,1997-08-23
Data Scientist,France,97509.71,2017-09-27,1987-06-01
Data Scientist,Netherlands,127704.56,2016-03-13,1970-06-25
Support Engineer,Mexico,51766.17,2018-04-06,1997-05-25
Data Analyst,Netherlands,65273.10,2019-01-26,1986-02-14
Business Analyst,India,67034.24,2023-07-19,1987-03-28
Compliance Officer,USA,78984.10,2024-09-06,1988-01-28
Network Engineer,Japan,88872.71,2019-04-05,1974-07-02
Frontend Developer,Ireland,93868.90,2016-07-15,1973-10-23
Cloud Architect,Switzerland,127890.89,2023-02-03,1994-12-12
Operations Manager,Switzerland,80906.38,2019-03-08,1978-05-20
Compliance Officer,Germany,106056.44,2017-07-19,1994-09-13
Accountant,UAE,50017.93,2015-09-06,1995-11-22
VP of Engineering,UAE,157734.94,2017-06-14,1975-10-26
Security Analyst,Mexico,82008.73,2015-09-05,1973-11-25
Compliance Officer,France,92915.22,2024-11-28,1970-10-13
Finance Manager,UAE,129679.69,2016-07-21,1991-07-27
Scrum Master,Canada,100724.37,2018-02-23,1984-01-19
Graphic Designer,Ireland,59061.39,2024-07-13,1992-07-19
Customer Success Manager,Sweden,80367.75,2015-09-25,1989-04-28
Operations Manager,New Zealand,83519.63,2017-06-18,1983-08-25
Technical Writer,Netherlands,83724.55,2015-03-06,1979-11-04
Finance Manager,Canada,85417.18,2015-03-04,1986-03-13
Machine Learning Engineer,New Zealand,143034.03,2016-04-18,1995-03-20
QA Engineer,France,77832.27,2016-04-08,1980-08-26
UI Designer,Switzerland,66245.68,2017-05-13,1971-01-02
HR Manager,Japan,89370.52,2015-09-27,1996-04-01
Full Stack Developer,South Africa,76291.37,2018-02-27,1992-02-13
Software Engineer,Australia,85224.50,2019-10-04,1984-06-07
Technical Writer,Singapore,82503.22,2018-05-23,1980-01-06
Legal Counsel,Norway,131253.25,2024-05-04,1978-11-22
Engineering Manager,Sweden,122639.55,2018-06-13,2000-12-31
CTO,Australia,234775.80,2017-01-27,1986-12-06
UI Designer,France,63524.21,2015-12-09,1978-11-22
Scrum Master,Denmark,106795.65,2018-03-01,1975-01-24
Senior Software Engineer,Mexico,110360.11,2017-10-14,1981-09-30
Technical Writer,Norway,66929.18,2020-03-19,1995-12-10
Product Manager,UAE,141310.74,2022-03-15,1976-01-15
UX Designer,Brazil,71718.00,2020-05-12,1992-07-02
Customer Success Manager,Netherlands,95933.95,2020-08-18,1998-03-28
Frontend Developer,Ireland,61385.82,2022-08-08,1996-07-18
Support Engineer,Australia,72147.28,2024-10-23,1988-04-21
Data Analyst,Sweden,65920.38,2022-08-04,1995-12-20
Support Engineer,UAE,78522.65,2015-04-24,1974-03-28
Junior Developer,Denmark,54906.67,2024-07-07,1993-02-23
Content Writer,New Zealand,64600.48,2019-03-01,2000-10-10
VP of Engineering,UK,166249.42,2018-10-07,1988-02-19
IT Specialist,Singapore,57002.36,2022-06-11,1975-05-22
Support Engineer,UK,65308.25,2021-12-02,1999-07-29
Machine Learning Engineer,Netherlands,149758.63,2016-07-19,1991-04-21
Frontend Developer,Singapore,70908.37,2023-04-15,1984-05-06
Operations Manager,Switzerland,94299.69,2016-06-29,1999-01-05
CTO,France,213546.35,2024-12-30,1987-09-15
Junior Developer,Canada,46354.47,2020-05-13,1994-06-20
Full Stack Developer,Sweden,81310.39,2020-04-26,1989-05-18
Accountant,Ireland,74206.97,2015-04-07,1979-10-11
Support Engineer,UAE,79664.88,2022-05-29,1981-03-25
Legal Counsel,New Zealand,120742.37,2016-06-03,1984-03-24
Database Administrator,USA,99337.90,2019-10-17,1999-08-03
Accountant,South Africa,51344.10,2015-08-06,1982-05-01
Security Analyst,India,84187.40,2023-04-22,1996-07-13
Machine Learning Engineer,Mexico,129119.49,2018-06-06,1987-02-20
Database Administrator,Mexico,78677.33,2021-04-26,1982-07-20
Business Analyst,Denmark,91781.66,2020-03-25,1999-12-11
Product Manager,Canada,107614.99,2019-06-25,2000-09-07
Engineering Manager,Sweden,157732.35,2021-12-26,1977-08-10
Compliance Officer,Netherlands,89036.85,2022-04-18,1977-09-27
Engineering Manager,Brazil,149787.42,2020-04-21,1971-04-15
Technical Writer,New Zealand,60543.50,2021-11-14,1988-08-30
Operations Manager,Ireland,111411.45,2021-07-18,1995-06-21
Engineering Manager,Australia,124253.49,2023-04-03,1995-09-21
UX Designer,Canada,66180.47,2020-10-23,1999-10-20
Junior Developer,Canada,60595.82,2020-01-17,1976-11-14
Technical Writer,UAE,84720.93,2022-10-21,1985-03-06
Cloud Architect,Australia,113586.10,2017-01-22,1985-05-23
Data Analyst,Brazil,85279.81,2018-12-10,1993-09-19
Product Manager,India,98510.09,2019-07-09,1980-10-17
Support Engineer,UAE,73124.05,2022-07-14,1972-06-11
Legal Counsel,Switzerland,93325.37,2021-08-20,1970-06-27
Finance Manager,Denmark,121627.34,2019-11-22,1978-11-21
Business Analyst,Ireland,75118.59,2022-04-08,1985-09-08
Engineering Manager,France,136343.16,2023-09-29,1993-12-26
Operations Manager,Mexico,91237.80,2018-06-06,1972-08-25
System Administrator,Singapore,66304.01,2015-11-15,1999-10-12
DevOps Engineer,UAE,109519.29,2015-09-18,1994-10-02
Software Engineer,Japan,71351.26,2017-05-17,1990-08-20
Cloud Architect,UAE,144153.01,2018-11-25,1986-07-09
Backend Developer,France,72150.40,2015-03-05,1988-03-14
Cloud Architect,Switzerland,109406.33,2024-07-30,1998-02-05
Database Administrator,Denmark,99007.22,2020-01-09,1981-01-07
Content Writer,Ireland,42847.98,2022-10-01,1981-05-23
DevOps Engineer,New Zealand,118809.58,2019-11-15,1983-01-01
Software Engineer,India,94224.29,2023-10-26,1997-09-06
Marketing Manager,Canada,81101.64,2018-04-02,1974-05-07
Financial Analyst,Japan,76722.90,2021-12-06,1971-10-05
Software Engineer,Brazil,84544.63,2021-12-25,1992-09-27
QA Engineer,Mexico,83351.43,2019-04-07,1993-03-23
QA Engineer,Sweden,70017.37,2020-01-25,1985-08-11
Software Engineer,India,75201.76,2016-11-18,1980-06-06
Full Stack Developer,Netherlands,72931.15,2022-11-09,1983-01-08
Senior Software Engineer,Ireland,117507.49,2020-01-06,1995-01-04
Senior Software Engineer,Netherlands,90601.33,2022-12-04,1994-07-05
Customer Success Manager,Singapore,84390.72,2019-07-09,1980-10-07
Legal Counsel,Australia,94066.92,2017-02-17,1973-10-31
HR Manager,Sweden,99159.92,2017-06-10,1997-04-10
Project Manager,Canada,100771.75,2021-05-02,1978-05-13
VP of Engineering,Denmark,216749.99,2019-08-10,1989-10-07
Accountant,UAE,63592.52,2020-09-03,1977-05-04
UI Designer,UAE,66537.68,2015-04-18,1990-04-24
Project Manager,Switzerland,88943.12,2015-06-14,1989-11-06
Network Engineer,Australia,92151.83,2019-12-20,1992-09-13
Data Analyst,Mexico,70525.36,2016-04-08,1979-05-29
IT Specialist,Brazil,71737.67,2016-03-10,1982-12-11
Software Engineer,Australia,92738.05,2021-11-27,1972-02-11
Software Engineer,Ireland,82873.13,2024-09-07,1992-04-12
Legal Counsel,USA,113090.97,2018-03-03,1996-02-24
Legal Counsel,Brazil,111413.89,2020-08-06,2000-10-02
Support Engineer,India,74964.76,2018-07-10,1998-02-04
Support Engineer,Ireland,54001.49,2015-07-15,1978-06-06
Frontend Developer,Germany,64408.54,2022-05-19,1976-03-05
Data Analyst,UAE,59169.99,2023-10-04,1992-07-07
Scrum Master,USA,90416.36,2018-12-29,1973-07-18
Data Analyst,India,89751.62,2022-02-13,1994-12-25
Accountant,USA,60433.42,2017-01-23,1973-12-28
Software Engineer,UK,72788.88,2016-06-08,1987-04-28
Senior Software Engineer,Canada,114886.30,2015-07-06,1999-09-14
Network Engineer,USA,77745.95,2016-01-25,1991-04-04
Frontend Developer,UK,98277.60,2015-09-28,1973-11-10
HR Manager,Brazil,86801.31,2016-08-12,1992-01-11
Support Engineer,South Africa,61204.45,2024-12-01,1990-04-10
DevOps Engineer,UK,105295.81,2024-06-16,1999-11-08
Project Manager,South Africa,101264.10,2023-11-03,1974-03-17
Machine Learning Engineer,UK,143921.60,2024-04-29,1975-05-08
Content Writer,Switzerland,46673.41,2020-06-03,1970-04-21
Database Administrator,New Zealand,68241.35,2024-02-19,1980-02-19
UI Designer,France,87035.41,2024-02-03,1982-10-06
Network Engineer,Denmark,77028.55,2015-02-03,1971-12-14
Compliance Officer,Singapore,101945.21,2023-03-19,1977-10-30
Support Engineer,Singapore,67476.17,2018-02-28,1972-05-22
UI Designer,Ireland,89780.29,2016-08-06,1992-01-17
IT Specialist,Norway,75959.76,2016-06-10,1979-10-25
Junior Developer,UK,59733.16,2022-11-05,1989-08-04
HR Manager,Australia,87953.01,2019-02-21,1972-12-18
Software Engineer,UK,92647.21,2021-05-23,1992-05-05
Compliance Officer,Netherlands,87718.55,2023-02-17,1983-12-12
Financial Analyst,India,78900.12,2017-07-04,1984-04-29
CTO,USA,195046.91,2017-08-22,1990-05-30
Compliance Officer,Denmark,90966.72,2022-04-12,1981-09-27
Frontend Developer,Norway,72545.66,2023-01-18,1974-09-25
Customer Success Manager,Australia,65873.45,2016-07-20,1991-04-02
Operations Manager,France,90315.03,2017-05-11,1998-02-09
Graphic Designer,Norway,50612.59,2023-07-27,1997-07-07
Scrum Master,Japan,98292.92,2021-03-10,1972-12-23
HR Manager,UAE,67201.80,2015-12-18,1992-07-08
Project Manager,Switzerland,83495.70,2024-01-24,1982-03-15
Junior Developer,Ireland,65008.46,2018-06-01,1998-08-28
Full Stack Developer,USA,108059.04,2017-08-09,1993-09-15
Senior Software Engineer,Denmark,133627.78,2017-05-19,1970-04-05
Security Analyst,UAE,95103.12,2016-04-02,1970-10-22
Network Engineer,Sweden,98324.26,2019-07-23,1972-10-15
Technical Writer,Australia,57266.69,2015-11-01,1971-04-09
Engineering Manager,France,145101.81,2019-11-02,1970-09-09
Product Manager,France,116104.21,2019-07-22,1974-01-18
Project Manager,UK,100839.27,2023-04-14,1980-03-19
Operations Manager,USA,98518.46,2024-09-03,1980-09-17
Data Analyst,Singapore,62625.79,2021-12-20,1972-08-24
Data Scientist,Singapore,121755.55,2024-11-12,2000-10-29
Project Manager,Norway,86906.33,2022-06-14,1998-08-18
UX Designer,Canada,97104.61,2020-04-15,1977-07-23
Frontend Developer,Sweden,70684.73,2018-06-13,1975-04-09
Data Scientist,New Zealand,123415.10,2022-08-09,1982-05-24
Legal Counsel,Netherlands,138434.08,2018-06-13,1994-07-25
Frontend Developer,South Africa,73369.23,2024-11-03,1996-05-30
Business Analyst,Mexico,82622.80,2019-08-20,1970-10-29
Frontend Developer,Brazil,86761.52,2021-07-12,1981-06-14
Security Analyst,South Africa,103098.56,2020-06-15,1970-05-12
Customer Success Manager,UK,82237.96,2015-06-12,1973-07-29
Sales Manager,Ireland,105947.30,2020-06-20,1974-03-15
Scrum Master,Australia,78919.95,2016-04-13,1981-02-02
Financial Analyst,Australia,97827.11,2016-04-03,1998-10-28
Technical Writer,UK,67506.31,2021-10-08,1995-08-08
DevOps Engineer,Norway,84013.08,2020-11-28,1977-04-02
Support Engineer,Denmark,58316.95,2024-01-19,1974-11-20
CTO,Australia,217670.70,2023-01-18,1985-12-08
DevOps Engineer,Australia,94392.96,2021-07-03,1999-08-18
Senior Software Engineer,India,136925.42,2018-09-15,1998-07-17
Database Administrator,South Africa,93158.63,2015-10-06,1995-01-21
Scrum Master,France,90103.57,2023-11-18,1973-07-02
Software Engineer,UK,71738.52,2016-03-26,1996-01-11
Backend Developer,Norway,71046.74,2016-04-27,1976-09-23
Sales Manager,UAE,81351.18,2019-02-24,1990-11-28
QA Engineer,Japan,80405.58,2020-07-16,1992-01-27
Business Analyst,Canada,87680.29,2021-02-10,1976-08-09
Project Manager,Sweden,116117.91,2020-02-02,1981-12-16
Engineering Manager,UAE,156426.83,2016-06-09,1982-12-12
Finance Manager,UK,86760.68,2017-09-09,1981-03-16
Finance Manager,Netherlands,115442.86,2021-07-15,1998-12-09
Senior Software Engineer,India,94739.02,2015-09-03,1990-02-09
UX Designer,Australia,104582.56,2017-03-18,1988-11-11
Business Analyst,France,63752.39,2020-07-19,1982-12-18
HR Manager,South Africa,83480.89,2016-04-26,1984-06-16
Support Engineer,Singapore,53244.21,2018-08-11,1986-12-06
Security Analyst,Canada,101228.65,2022-04-04,1973-05-21
Security Analyst,South Africa,94922.78,2019-02-20,1993-03-23
Scrum Master,Ireland,96539.82,2020-10-13,1983-12-02
VP of Engineering,Netherlands,187467.09,2019-06-30,1989-02-14
Network Engineer,South Africa,66524.61,2015-02-12,1995-02-28
Engineering Manager,Norway,160404.27,2017-01-14,1995-09-21
Accountant,France,68032.72,2019-07-06,1974-06-05
Operations Manager,Brazil,113697.50,2018-05-19,1986-09-30
UX Designer,Ireland,75042.81,2016-06-17,2000-11-15
DevOps Engineer,Switzerland,100134.68,2017-05-11,1998-07-01
Full Stack Developer,UK,101637.09,2019-07-10,1994-06-18
Data Scientist,South Africa,95102.04,2024-10-03,1978-10-18
Full Stack Developer,New Zealand,96641.05,2016-12-29,1979-04-04
Customer Success Manager,South Africa,97106.00,2023-02-13,1987-10-26
Machine Learning Engineer,Singapore,130633.49,2024-06-04,1984-09-22
Engineering Manager,India,159124.42,2018-05-23,1997-11-10
Senior Software Engineer,Netherlands,134085.27,2018-10-20,1989-11-17
Machine Learning Engineer,Australia,139522.35,2023-12-09,1983-11-20
Compliance Officer,Netherlands,110769.66,2020-09-17,1991-11-12
Frontend Developer,Switzerland,80613.06,2021-01-11,1971-12-31
Technical Writer,UK,69626.01,2023-02-02,1998-03-29
DevOps Engineer,Switzerland,121667.87,2018-03-15,1996-06-28
Machine Learning Engineer,Netherlands,108735.65,2022-12-23,1974-09-05
Product Manager,Germany,130030.55,2019-03-22,1983-01-28
Technical Writer,Brazil,70635.87,2023-04-23,1993-02-12
UX Designer,Australia,65724.69,2021-07-06,1990-09-12
Security Analyst,Denmark,98174.33,2024-07-16,2000-11-05
VP of Engineering,Australia,206450.00,2017-04-25,1975-04-29
Software Engineer,UAE,81280.89,2020-01-01,1997-01-22
DevOps Engineer,New Zealand,80536.35,2015-10-11,1978-04-22
Accountant,Canada,75582.91,2024-02-10,2000-03-15
DevOps Engineer,Germany,120908.53,2018-02-25,1997-04-26
Junior Developer,UAE,57696.70,2020-03-06,1970-09-02
Legal Counsel,Ireland,122790.36,2022-04-03,1992-12-01
Marketing Manager,Netherlands,80710.83,2021-03-08,1980-01-22
Technical Writer,New Zealand,60777.71,2020-07-28,1979-12-30
Backend Developer,Switzerland,76304.79,2018-11-19,1993-06-04
Content Writer,Singapore,60983.83,2024-09-10,1975-11-22
Scrum Master,Ireland,86897.07,2015-04-16,1986-11-11
Business Analyst,Ireland,61166.60,2020-10-27,1985-08-04
Machine Learning Engineer,Switzerland,141136.69,2022-07-07,1988-12-07
UI Designer,Brazil,63930.71,2015-04-05,1975-06-11
Product Manager,Germany,129694.19,2019-01-02,1995-06-01
Marketing Manager,Germany,71928.99,2022-03-31,1991-02-02
Database Administrator,Brazil,78182.92,2022-10-12,1993-12-26
Finance Manager,Germany,127699.23,2020-02-26,1998-06-27
CTO,Ireland,202135.61,2022-01-12,1996-01-18
Cloud Architect,South Africa,157431.77,2015-09-26,1986-12-25
Product Manager,Singapore,118501.73,2015-10-04,1994-05-18
Marketing Manager,Singapore,102944.07,2024-12-20,1973-02-28
UI Designer,Japan,75124.09,2024-03-09,1976-01-31
Senior Software Engineer,Norway,130100.62,2024-06-23,1986-11-29
Software Engineer,Singapore,80660.46,2020-07-31,1988-02-01
VP of Engineering,Netherlands,194433.46,2020-12-05,1988-06-15
Frontend Developer,South Africa,98457.22,2017-11-23,2000-08-29
Cloud Architect,Denmark,146673.60,2022-02-02,1997-09-04
IT Specialist,South Africa,84989.50,2018-06-10,1996-01-12
Data Scientist,Norway,84860.67,2018-02-17,1975-04-21
Customer Success Manager,Canada,89557.94,2015-07-21,1987-04-10
Machine Learning Engineer,Canada,126261.76,2015-09-05,1995-10-02
Customer Success Manager,UK,79630.69,2016-10-01,1995-06-01
Financial Analyst,Japan,96139.79,2023-03-23,1977-01-29
Data Scientist,Netherlands,128040.10,2020-06-19,1990-07-11
Customer Success Manager,Netherlands,67628.02,2024-04-03,1990-04-28
Data Analyst,USA,86940.65,2017-12-02,2000-03-27
Finance Manager,South Africa,124604.41,2023-09-05,1971-03-16
Backend Developer,Singapore,101228.71,2020-09-15,2000-04-13
System Administrator,India,88697.71,2021-10-03,1992-07-14
Business Analyst,Ireland,89031.10,2017-11-12,1998-06-11
Marketing Manager,Norway,101031.19,2016-11-27,1989-01-13
Support Engineer,India,54325.60,2018-02-05,1986-11-26
Senior Software Engineer,Brazil,95737.59,2018-06-10,1985-12-05
VP of Engineering,Denmark,199395.69,2017-08-04,1990-06-15
Accountant,Sweden,71722.62,2019-12-14,1983-04-19
Data Analyst,Sweden,67135.07,2021-10-24,1994-03-07
Junior Developer,UK,58092.14,2024-04-05,1989-01-11
Full Stack Developer,Brazil,77605.84,2017-04-19,1986-08-26
UI Designer,Brazil,87206.40,2019-07-22,1996-10-14
Security Analyst,Mexico,77320.85,2019-05-16,1990-03-08
System Administrator,Ireland,83638.62,2019-10-19,1989-11-03
Product Manager,USA,104711.19,2015-08-02,1999-10-08
Full Stack Developer,UAE,90369.93,2018-03-19,1984-05-05
Scrum Master,Germany,94599.98,2018-06-21,1996-12-07
Operations Manager,Sweden,108567.82,2021-01-15,1990-10-24
Finance Manager,Norway,111315.46,2023-06-23,1992-01-01
Senior Software Engineer,Sweden,124512.12,2019-06-16,1989-06-15
Full Stack Developer,Ireland,82841.27,2023-10-24,1991-08-22
Frontend Developer,USA,62994.07,2023-03-29,1979-08-07
Machine Learning Engineer,Germany,104468.97,2020-02-22,1999-11-06
Customer Success Manager,Mexico,65157.50,2016-04-23,1998-02-10
Project Manager,Switzerland,103148.99,2016-05-04,1992-09-28
Legal Counsel,Canada,90029.26,2021-01-14,1970-09-14
DevOps Engineer,Australia,90084.14,2020-11-16,1971-10-05
UI Designer,India,85339.78,2015-11-08,1990-09-28
Frontend Developer,Singapore,70388.66,2019-07-26,1984-04-08
Senior Software Engineer,UAE,111636.77,2015-10-05,1971-07-11
Frontend Developer,Netherlands,76690.12,2020-11-24,1988-06-16
System Administrator,New Zealand,79039.70,2016-11-22,1993-07-12
Database Administrator,Germany,82340.27,2023-04-19,1975-12-21
Machine Learning Engineer,Canada,144582.86,2020-06-29,1978-08-15
Support Engineer,South Africa,53599.50,2023-01-15,1999-05-31
Operations Manager,Germany,91782.79,2019-12-10,1981-02-18
Backend Developer,UAE,79176.91,2022-03-25,1991-04-22
Marketing Manager,UAE,104024.83,2017-06-21,1980-07-17
Frontend Developer,India,96760.69,2018-04-26,1980-01-18
Machine Learning Engineer,France,129744.51,2024-03-27,1995-05-22
Senior Software Engineer,Australia,100554.09,2019-12-30,1980-09-17
Scrum Master,France,84989.33,2020-03-14,1982-07-08
Compliance Officer,Brazil,97987.98,2018-03-26,1990-12-23
Sales Manager,Norway,90541.36,2021-08-05,1982-09-03
Software Engineer,Japan,62006.91,2019-09-07,1974-03-10
Content Writer,UK,45878.02,2019-11-30,1999-10-19
Operations Manager,Denmark,95052.38,2020-10-22,1977-11-18
Operations Manager,India,102016.49,2023-04-23,1989-06-20
Business Analyst,Germany,73863.25,2018-04-09,1992-05-16
Product Manager,Ireland,125708.49,2019-03-16,1995-03-25
Scrum Master,Brazil,88927.75,2022-11-08,1992-06-07
CTO,Mexico,215170.96,2016-05-28,1988-02-20
HR Manager,Ireland,83492.71,2020-03-10,1985-02-26
Junior Developer,Switzerland,48604.20,2017-08-20,1990-02-18
CTO,Switzerland,252411.00,2022-10-03,1972-05-05
System Administrator,Sweden,87622.48,2017-09-19,1990-01-15
DevOps Engineer,New Zealand,119487.85,2022-03-15,1981-01-11
UX Designer,Netherlands,72601.21,2022-02-09,1998-12-03
Finance Manager,New Zealand,124945.94,2022-03-06,1994-06-07
Product Manager,Switzerland,132287.48,2016-02-24,1986-07-06
CTO,France,264701.99,2022-03-08,1981-09-24
HR Manager,Ireland,65803.84,2020-10-16,1988-01-23
Senior Software Engineer,Mexico,139808.77,2024-04-20,1970-02-19
Data Scientist,Sweden,129660.88,2024-01-03,1986-02-14
IT Specialist,Switzerland,81800.37,2020-10-30,1976-12-21
Frontend Developer,Brazil,99159.43,2016-03-04,1973-08-25
Financial Analyst,Mexico,84340.44,2018-07-25,1990-08-19
Project Manager,UK,99567.90,2019-08-29,1979-06-05
Software Engineer,Switzerland,68913.56,2020-07-22,1976-01-26
Sales Manager,Australia,116258.43,2018-09-01,1972-12-28
Content Writer,Singapore,50330.52,2024-08-02,1981-02-24
QA Engineer,New Zealand,81778.01,2018-03-12,1979-10-10
CTO,Singapore,246950.13,2016-05-10,1970-02-19
Content Writer,UK,54212.76,2024-03-10,1998-08-18
DevOps Engineer,UK,116663.45,2017-05-24,1984-11-26
Scrum Master,UK,107635.28,2023-11-15,1993-01-20
Project Manager,Sweden,94521.55,2018-10-04,1989-09-07
Marketing Manager,France,80051.82,2018-02-09,2000-07-10
Customer Success Manager,UAE,84043.08,2022-01-15,1995-02-21
Finance Manager,New Zealand,90335.65,2023-08-10,1996-03-09
Frontend Developer,India,89834.82,2024-10-21,1977-07-06
Content Writer,France,57195.73,2022-02-05,1998-03-14
Finance Manager,Norway,123485.82,2018-12-12,1992-10-13
Compliance Officer,South Africa,83003.10,2018-11-08,1993-07-25
Cloud Architect,Australia,114724.01,2022-06-04,1970-09-04
Cloud Architect,Mexico,153070.74,2019-11-30,1977-05-17
Business Analyst,UAE,61264.79,2021-09-12,2000-05-01
Data Scientist,New Zealand,90962.39,2020-02-14,1977-01-06
Machine Learning Engineer,South Africa,109921.24,2022-02-21,1996-05-24
UI Designer,Canada,88545.26,2024-01-20,1999-06-14
System Administrator,Canada,64773.88,2015-05-03,1985-07-18
Accountant,Germany,54222.74,2023-02-13,1984-12-19
UX Designer,Mexico,90562.66,2020-02-29,1992-06-04
Software Engineer,Denmark,78023.54,2021-09-28,1987-11-14
Technical Writer,Japan,65586.11,2023-10-15,1997-09-29
Accountant,Germany,66371.77,2023-01-24,1979-10-12
Finance Manager,France,107947.58,2015-09-07,1972-06-22
HR Manager,France,85632.89,2020-05-04,1992-12-20
Marketing Manager,India,70607.11,2019-12-16,1993-06-11
Accountant,India,68357.38,2022-03-14,1994-02-10
DevOps Engineer,Denmark,96780.04,2015-08-15,1979-08-29
Machine Learning Engineer,USA,128727.36,2024-05-02,1992-05-06
Engineering Manager,Mexico,120666.80,2018-06-18,2000-09-01
Backend Developer,UAE,91572.16,2022-01-28,1971-06-07
IT Specialist,Netherlands,72937.07,2022-03-06,1989-09-04
UX Designer,USA,97409.41,2019-03-09,1996-11-05
Finance Manager,Norway,127834.26,2018-10-13,1996-02-11
Compliance Officer,Australia,92423.64,2017-05-12,1973-01-26
UX Designer,Switzerland,71529.30,2015-04-20,2000-02-28
Technical Writer,Germany,62199.78,2015-03-22,1996-12-20
Engineering Manager,Singapore,142332.35,2015-10-19,1970-06-16
IT Specialist,Denmark,57487.23,2020-06-09,1988-09-22
VP of Engineering,Australia,162181.20,2017-03-13,1975-09-19
Graphic Designer,Norway,55213.69,2016-03-01,1978-06-15
UI Designer,New Zealand,91702.12,2023-09-15,2000-09-22
Frontend Developer,Netherlands,64910.63,2017-12-09,1999-09-16
Cloud Architect,Germany,112351.62,2016-03-03,1999-02-14
Network Engineer,Canada,90883.55,2016-09-11,1973-09-23
Full Stack Developer,USA,98148.70,2020-04-12,1985-07-06
QA Engineer,Sweden,84983.63,2016-12-05,1982-08-26
Sales Manager,Norway,118436.34,2018-12-10,1980-02-01
Software Engineer,Norway,82217.33,2021-08-04,1983-10-02
Junior Developer,France,56757.49,2016-12-19,1983-03-04
Finance Manager,UK,110246.07,2016-03-20,1998-01-08
Data Scientist,Germany,117419.95,2022-02-27,1973-07-14
Technical Writer,New Zealand,83528.95,2017-01-21,1995-04-03
CTO,Netherlands,196099.92,2021-06-11,1992-01-27
Technical Writer,South Africa,83857.00,2022-01-09,1983-12-02
Support Engineer,Mexico,77849.38,2021-03-20,1990-05-16
Graphic Designer,Japan,70505.97,2019-01-03,1970-02-20
CTO,Denmark,193420.14,2019-04-14,1998-08-17
DevOps Engineer,Mexico,103126.48,2020-01-09,1994-06-28
Machine Learning Engineer,Australia,99836.18,2022-09-29,1982-10-18
Project Manager,Germany,98174.01,2016-06-04,1994-04-12
Business Analyst,India,62823.30,2017-11-24,1987-10-23
Engineering Manager,Sweden,168389.59,2015-08-03,1991-11-22
QA Engineer,Australia,67614.84,2019-02-11,1975-07-26
CTO,India,236402.84,2019-02-08,1975-01-06
Full Stack Developer,UK,84514.19,2018-11-01,1989-09-24
CTO,Ireland,271417.40,2023-11-03,1977-02-07
Finance Manager,New Zealand,91008.38,2022-03-29,1983-02-24
HR Manager,India,78530.11,2022-01-10,1997-05-07
Customer Success Manager,Denmark,91544.02,2016-10-27,1993-09-14
DevOps Engineer,Japan,92881.86,2018-08-30,1998-04-26
Data Analyst,Australia,70919.10,2024-07-18,1984-03-08
DevOps Engineer,Denmark,114962.53,2024-05-26,1996-04-10
Frontend Developer,Sweden,86677.84,2016-03-04,1986-12-01
Financial Analyst,Singapore,74715.05,2020-08-02,1980-09-30
Operations Manager,UK,114759.23,2020-04-05,1981-06-27
Scrum Master,South Africa,104362.88,2018-03-28,1979-01-24
Security Analyst,Germany,87684.35,2022-02-12,1988-12-14
Marketing Manager,Sweden,79868.34,2020-12-18,1986-10-06
Cloud Architect,Ireland,104393.41,2018-12-25,1972-02-10
Marketing Manager,South Africa,99719.37,2019-11-01,1997-09-04
Scrum Master,France,81519.77,2018-08-06,1981-03-30
Support Engineer,UAE,57150.00,2016-10-01,1974-09-06
System Administrator,Brazil,79507.76,2022-04-16,1988-09-24
Senior Software Engineer,UK,131349.15,2019-07-11,1976-05-03
Accountant,Germany,62935.51,2018-06-15,1998-04-24
Engineering Manager,Ireland,149778.78,2016-09-29,1987-07-30
VP of Engineering,Brazil,179886.65,2023-07-08,1990-06-02
Frontend Developer,Mexico,78746.41,2024-11-10,1978-01-03
Data Analyst,Brazil,75059.15,2023-05-26,1981-12-07
Data Scientist,UK,82496.86,2018-01-09,1970-06-27
IT Specialist,India,67736.52,2017-06-03,1992-09-03
Content Writer,India,55993.28,2019-11-29,1997-03-22
Database Administrator,Mexico,98589.57,2018-06-14,1987-01-08
Compliance Officer,UK,85280.30,2016-09-24,1977-05-10
Customer Success Manager,USA,81872.46,2020-08-31,1995-02-08
Frontend Developer,Norway,85389.99,2023-05-08,1999-10-26
Legal Counsel,Canada,135069.35,2016-07-07,1992-02-03
DevOps Engineer,Ireland,112059.37,2023-10-09,1972-07-19
UI Designer,Japan,63415.75,2016-09-22,1973-09-27
Project Manager,Denmark,106474.70,2015-04-07,1981-01-23
Software Engineer,Singapore,62153.09,2017-01-27,1976-05-26
Operations Manager,Australia,75061.47,2016-06-04,1974-07-14
Product Manager,Australia,102675.36,2015-07-30,1986-09-11
CTO,South Africa,205032.28,2018-02-01,1987-11-11
Product Manager,Germany,130792.36,2015-10-26,1989-01-05
Financial Analyst,France,94616.45,2015-01-15,1990-02-18
Network Engineer,USA,71069.59,2019-09-10,1972-10-10
VP of Engineering,India,151249.06,2018-04-13,1972-10-29
Technical Writer,France,57547.98,2021-05-27,2000-05-13
Technical Writer,South Africa,71387.72,2019-07-21,1997-10-19
System Administrator,India,71407.14,2015-06-21,1973-06-09
Backend Developer,New Zealand,84027.12,2020-02-18,1992-11-30
Legal Counsel,Australia,127252.36,2016-10-25,1990-11-12
Legal Counsel,Australia,110747.55,2019-03-21,1975-04-30
Engineering Manager,Netherlands,123301.32,2018-10-26,1990-11-06
Network Engineer,Brazil,95326.86,2016-10-02,1974-12-27
Finance Manager,USA,118613.88,2023-01-03,1970-04-29
Compliance Officer,Australia,86300.05,2015-09-10,1982-01-05
Senior Software Engineer,Norway,96662.52,2024-04-17,1984-12-18
Accountant,Netherlands,56352.30,2024-10-28,1997-05-15
Accountant,India,56779.30,2022-09-13,1995-09-03
Scrum Master,France,96558.78,2016-03-13,1996-11-07
Senior Software Engineer,Singapore,96696.62,2023-02-14,1977-02-13
Marketing Manager,Australia,75125.95,2018-02-15,1972-01-09
Data Scientist,Singapore,124253.63,2020-10-04,1991-05-15
Data Scientist,France,104626.97,2020-03-04,1973-07-10
Junior Developer,New Zealand,56275.30,2019-09-14,1993-02-18
System Administrator,Brazil,61351.03,2015-07-12,1997-04-14
Frontend Developer,France,78247.51,2021-12-26,1994-09-08
Cloud Architect,Switzerland,121726.72,2019-08-12,1999-12-24
Sales Manager,Canada,105350.38,2020-01-23,1971-01-02
CTO,South Africa,184790.15,2017-08-07,1976-09-21
Database Administrator,Switzerland,99829.33,2019-12-04,1977-09-26
Engineering Manager,Australia,149502.16,2016-11-28,1973-07-14
Frontend Developer,Denmark,80846.63,2019-03-12,1980-11-13
System Administrator,India,85704.24,2015-05-18,1974-09-11
Project Manager,Ireland,87468.05,2015-08-14,1994-11-28
Senior Software Engineer,Canada,94990.38,2021-06-07,1996-02-19
Data Analyst,South Africa,87394.99,2017-09-04,1999-01-23
Accountant,UAE,65789.95,2016-10-20,1987-11-02
Full Stack Developer,Netherlands,87279.04,2016-04-25,1971-06-15
CTO,Canada,183484.54,2023-03-29,1984-01-19
IT Specialist,South Africa,76329.26,2021-06-04,1971-07-27
Legal Counsel,South Africa,101376.26,2018-11-03,1978-07-24
Operations Manager,Ireland,84211.72,2019-05-16,1984-01-07
Software Engineer,UAE,88948.66,2023-01-30,1987-04-06
Project Manager,Denmark,108460.16,2024-05-31,1974-11-21
Content Writer,Sweden,53355.76,2021-12-23,1998-06-10
DevOps Engineer,Japan,104390.90,2017-03-10,1974-01-12
Data Scientist,India,105274.90,2023-11-07,1991-04-01
Technical Writer,Netherlands,63931.97,2017-01-04,1980-09-03
HR Manager,France,93396.74,2015-08-31,1983-04-02
Full Stack Developer,India,70632.58,2019-03-14,1974-01-12
Full Stack Developer,Singapore,99923.16,2023-03-20,1991-08-23
Database Administrator,Mexico,88350.35,2015-01-05,1981-07-08
Cloud Architect,Singapore,127727.28,2019-09-27,1973-12-12
Full Stack Developer,Singapore,106008.62,2023-03-03,1982-07-05
Database Administrator,UK,86904.90,2018-11-23,1988-04-15
Data Scientist,India,124220.75,2015-06-20,1985-06-30
Security Analyst,UAE,109733.62,2019-06-14,1986-05-04
UX Designer,Canada,74863.36,2021-05-16,1983-06-17
Customer Success Manager,South Africa,88218.54,2019-05-10,1984-09-12
Network Engineer,UAE,92705.85,2022-01-17,1973-11-08
IT Specialist,Singapore,64332.20,2016-04-09,1978-03-23
Security Analyst,Switzerland,108876.74,2022-07-19,1981-02-04
Full Stack Developer,New Zealand,72239.11,2023-01-31,1979-04-06
Frontend Developer,India,75332.75,2023-08-12,1985-04-06
Frontend Developer,India,88062.50,2018-10-07,1986-05-03
Engineering Manager,Denmark,153336.00,2021-01-24,1996-05-01
Junior Developer,Japan,51111.03,2020-10-30,1973-05-13
Software Engineer,Japan,80641.01,2017-11-04,1988-08-13
QA Engineer,Brazil,70786.74,2018-01-21,1983-07-14
CTO,Denmark,204134.70,2022-07-05,1997-10-19
Graphic Designer,India,64356.42,2018-12-09,1973-11-28
Data Analyst,Canada,56909.97,2016-06-02,1985-08-27
Project Manager,Brazil,119631.22,2017-06-09,1999-06-03
Data Scientist,Canada,126685.52,2019-06-14,1988-06-03
Content Writer,Sweden,47762.16,2017-10-21,1988-03-21
Data Scientist,South Africa,84060.69,2021-07-05,1978-09-04
Network Engineer,Japan,79689.03,2017-12-18,1971-01-21
UI Designer,Australia,83280.76,2015-10-23,2000-12-18
Customer Success Manager,Switzerland,87589.22,2016-02-28,1978-10-23
Finance Manager,South Africa,111642.37,2023-05-01,1987-02-17
Junior Developer,Germany,52245.28,2015-04-22,1978-12-18
Data Scientist,Norway,117306.52,2023-12-23,1980-06-09
HR Manager,India,80578.69,2015-05-17,1992-12-28
DevOps Engineer,Switzerland,100351.52,2023-11-30,1988-06-26
Marketing Manager,Australia,96580.25,2024-12-18,1983-10-21
IT Specialist,Japan,57047.45,2022-08-06,1992-10-30
Full Stack Developer,Canada,109746.57,2016-11-29,1987-12-05
Technical Writer,Canada,72085.20,2015-05-16,1984-12-05
Scrum Master,Mexico,102558.87,2021-01-11,1970-11-09
Data Scientist,India,90762.46,2021-05-22,1972-06-12
Network Engineer,Brazil,79499.27,2019-03-18,1990-01-10
VP of Engineering,India,214365.56,2020-07-06,1983-03-20
UI Designer,Ireland,90558.80,2019-07-13,1981-10-01
Legal Counsel,South Africa,142183.69,2023-05-17,1979-05-14
Financial Analyst,Ireland,76394.89,2015-05-20,1984-08-09
Sales Manager,Switzerland,107339.10,2018-05-03,1978-01-17
Software Engineer,South Africa,87309.38,2015-08-28,1984-03-22
Data Analyst,Canada,66481.03,2023-11-08,1999-03-23
Backend Developer,France,96407.37,2019-08-15,1970-01-24
QA Engineer,Canada,59052.03,2016-08-11,1972-11-19
UX Designer,Brazil,103894.45,2017-09-30,1995-06-03
Financial Analyst,Germany,69016.81,2017-02-02,1973-12-06
Product Manager,Brazil,120815.13,2016-01-31,1988-07-15
Financial Analyst,Mexico,91191.29,2024-05-19,1986-05-31
Legal Counsel,Germany,100374.99,2019-01-25,1980-05-12
Cloud Architect,Netherlands,157171.25,2016-05-05,1987-11-02
Data Analyst,Germany,66626.60,2022-10-23,1981-08-25
Senior Software Engineer,Australia,121518.23,2024-04-23,1990-09-06
Graphic Designer,Denmark,47621.54,2020-03-24,1970-11-19
Cloud Architect,USA,116847.07,2018-07-14,1987-08-16
Customer Success Manager,Brazil,72481.75,2016-05-25,1999-03-20
Legal Counsel,Norway,119244.94,2021-10-03,1989-07-09
UX Designer,Denmark,81900.79,2019-03-22,1997-07-06
Legal Counsel,France,114061.70,2020-04-20,1989-02-26
Software Engineer,New Zealand,66884.57,2021-08-14,1998-01-19
Graphic Designer,New Zealand,72458.16,2023-11-21,2000-06-11
Machine Learning Engineer,Japan,127087.71,2017-01-02,1991-07-12
UI Designer,Netherlands,90916.93,2024-12-26,1991-10-11
Security Analyst,Mexico,90888.57,2021-06-19,1992-10-03
Full Stack Developer,Singapore,100631.61,2019-07-29,1998-01-15
Product Manager,USA,120949.86,2015-04-23,1974-06-12
UI Designer,Japan,81779.87,2018-10-13,1979-05-01
Data Analyst,Sweden,72271.26,2020-11-12,1981-11-16
Finance Manager,UAE,105914.49,2019-10-29,1972-11-22
Data Scientist,Germany,84294.73,2018-12-19,1983-11-10
Operations Manager,Brazil,94147.63,2017-08-17,1985-05-08
Senior Software Engineer,France,121352.21,2015-11-27,1976-09-18
Customer Success Manager,Ireland,70379.53,2018-01-13,1982-04-17
Technical Writer,Mexico,80954.06,2022-08-12,1982-05-11
Data Analyst,USA,59730.09,2023-12-07,1994-07-25
IT Specialist,Canada,56319.77,2017-05-17,1989-06-07
Graphic Designer,UK,66542.97,2018-01-12,1982-04-28
DevOps Engineer,Canada,85549.63,2016-12-30,1996-03-12
Machine Learning Engineer,Brazil,138394.69,2017-01-05,1972-11-28
Database Administrator,Germany,68409.60,2015-05-15,2000-09-24
Security Analyst,Brazil,86498.51,2020-07-21,1984-03-11
Network Engineer,Brazil,82661.34,2024-04-09,1979-09-11
HR Manager,Norway,79273.00,2015-07-11,1985-07-11
Scrum Master,South Africa,89567.59,2018-03-20,1971-02-06
Graphic Designer,Germany,46731.26,2017-06-07,1995-08-09
Content Writer,New Zealand,44555.12,2015-11-19,1970-10-11
Data Analyst,New Zealand,58003.23,2023-11-10,1999-12-30
Compliance Officer,Denmark,94537.71,2022-09-06,1981-11-28
Database Administrator,Denmark,85516.07,2015-07-05,1978-10-22
Content Writer,Denmark,42692.00,2020-02-09,1985-10-02
Financial Analyst,Germany,95346.43,2020-02-17,1973-05-28
Product Manager,UAE,132197.05,2016-11-20,1993-05-11
Junior Developer,USA,64028.83,2016-11-10,1982-06-10
UX Designer,Netherlands,87602.50,2016-08-10,1971-10-06
Finance Manager,UK,102889.23,2021-04-18,1986-12-26
Customer Success Manager,New Zealand,68435.42,2020-03-26,1979-05-12
Data Scientist,Singapore,114864.31,2017-11-05,1996-11-07
Software Engineer,Denmark,83474.19,2021-12-05,1976-11-18
System Administrator,Switzerland,83159.82,2021-09-13,1996-12-17
VP of Engineering,India,196466.01,2024-10-05,1981-07-20
Customer Success Manager,Netherlands,65277.29,2018-09-23,1998-07-29
Software Engineer,India,84961.04,2020-09-06,1988-02-15
Customer Success Manager,Singapore,87090.69,2021-05-09,1986-04-30
Sales Manager,Mexico,90886.70,2017-02-27,1974-05-30
Marketing Manager,Denmark,97785.34,2023-03-25,1979-03-04
UI Designer,Norway,91507.38,2019-06-28,1976-06-30
Technical Writer,India,63186.92,2020-06-16,1990-06-12
Junior Developer,Switzerland,61473.95,2018-04-15,1973-11-06
Software Engineer,Sweden,76931.98,2016-11-04,1972-03-16
Cloud Architect,Canada,140403.25,2021-01-23,1971-07-20
Scrum Master,Denmark,97438.86,2023-02-28,1983-06-04
VP of Engineering,South Africa,211359.90,2019-06-17,1997-09-25
Database Administrator,UK,90224.37,2015-05-16,1999-05-28
Machine Learning Engineer,Japan,127401.31,2015-12-03,1996-02-23
QA Engineer,Australia,66822.32,2020-06-14,1974-08-27
Accountant,Germany,60487.13,2023-09-05,1977-10-04
System Administrator,Ireland,78073.05,2019-05-25,1989-04-04
Cloud Architect,Netherlands,137149.40,2024-12-10,1982-07-28
Data Analyst,Mexico,83563.93,2022-10-01,1980-07-25
Accountant,Brazil,55951.25,2022-03-11,1993-03-02
Network Engineer,Japan,66570.58,2020-04-13,1981-11-25
Junior Developer,Mexico,69852.70,2022-06-27,1991-03-06
HR Manager,Ireland,69023.85,2024-09-19,1971-02-28
Security Analyst,Germany,80593.39,2020-12-10,1997-05-13
HR Manager,USA,81266.20,2020-01-19,1995-03-01
Customer Success Manager,Brazil,91002.98,2017-05-24,1974-05-25
Marketing Manager,Mexico,72557.84,2020-08-20,1995-10-31
UI Designer,Switzerland,82838.72,2023-07-23,1977-02-05
Scrum Master,South Africa,105262.58,2024-10-25,1999-01-11
Accountant,New Zealand,57680.57,2020-10-14,1970-10-09
Graphic Designer,Brazil,67766.06,2015-08-23,1986-04-04
Senior Software Engineer,New Zealand,101750.78,2016-04-28,1972-03-08
HR Manager,Sweden,73120.48,2016-03-01,1997-03-03
UX Designer,Ireland,82280.78,2015-09-19,1974-04-07
Marketing Manager,Ireland,84925.54,2024-01-17,1987-03-11
Backend Developer,UK,82899.82,2017-04-26,1979-06-24
Operations Manager,Canada,94362.47,2015-05-16,1980-09-22
IT Specialist,France,68328.32,2022-04-28,1995-06-01
Data Analyst,New Zealand,63774.18,2018-12-04,2000-04-30
Project Manager,Switzerland,108887.39,2016-12-06,1976-10-16
Support Engineer,Denmark,74623.42,2022-09-15,1999-07-22
Sales Manager,Netherlands,92460.12,2021-07-05,1980-12-09
DevOps Engineer,India,117483.96,2016-09-08,1987-07-17
Frontend Developer,Japan,73392.26,2017-05-01,1975-09-14
Business Analyst,Brazil,89897.25,2020-12-09,1984-04-04
Full Stack Developer,New Zealand,82906.83,2017-06-30,1996-02-18
Data Analyst,South Africa,62238.60,2019-01-31,1979-11-14
Finance Manager,Australia,88131.95,2016-11-04,1976-01-07
CTO,New Zealand,209955.65,2016-08-28,1994-10-12
DevOps Engineer,Singapore,109117.51,2017-05-11,1989-03-22
HR Manager,Brazil,80316.12,2020-03-21,1986-03-17
Backend Developer,Canada,68686.01,2020-07-15,1991-12-18
Software Engineer,UK,60035.33,2018-10-05,1975-05-16
Graphic Designer,UAE,72373.84,2015-07-01,1974-12-26
Software Engineer,India,62625.43,2018-01-09,1997-04-02
QA Engineer,Denmark,81863.16,2018-03-19,1977-07-29
Database Administrator,Switzerland,86971.30,2023-12-04,1983-02-23
Sales Manager,Mexico,114035.31,2020-11-17,1995-09-29
Junior Developer,Norway,45746.15,2023-12-29,1974-11-07
Legal Counsel,Switzerland,137309.28,2015-05-03,1976-04-12
Scrum Master,New Zealand,77986.87,2019-06-17,1992-11-30
Cloud Architect,USA,139621.72,2022-04-28,1979-07-04
VP of Engineering,Canada,190349.48,2017-09-18,1970-02-12
QA Engineer,Mexico,56056.91,2022-01-21,1971-03-12
Data Analyst,Germany,84482.92,2017-02-05,1989-03-07
IT Specialist,Germany,84893.46,2017-12-17,1977-10-08
Compliance Officer,Canada,90721.46,2018-02-15,1980-09-20
Product Manager,France,128939.01,2021-03-03,1993-11-12
Support Engineer,France,62369.07,2022-08-22,1975-01-21
Machine Learning Engineer,UAE,136962.00,2021-11-01,1992-12-25
VP of Engineering,Norway,208276.75,2019-06-23,1979-07-03
Compliance Officer,Ireland,85917.97,2021-02-26,1999-05-31
VP of Engineering,UAE,160609.27,2017-10-22,1997-12-05
Technical Writer,USA,80340.51,2019-08-06,1977-08-16
Backend Developer,India,101664.52,2015-05-22,1982-01-13
Product Manager,Norway,94955.63,2018-02-15,1986-05-01
Senior Software Engineer,France,95985.35,2024-06-19,1975-03-15
Software Engineer,Singapore,92750.65,2016-03-25,1988-08-04
CTO,New Zealand,208983.10,2022-12-30,1992-02-26
Data Scientist,South Africa,91513.17,2016-11-24,1995-08-05
Operations Manager,UK,90601.93,2019-09-09,1974-01-02
Security Analyst,Australia,97520.34,2016-03-05,1992-02-21
Backend Developer,Norway,97386.72,2019-06-11,1990-03-12
Software Engineer,Switzerland,87392.20,2023-02-13,1987-12-11
Business Analyst,Norway,85737.12,2023-05-04,1975-06-28
Product Manager,Switzerland,101991.31,2019-02-09,2000-08-04
Junior Developer,Ireland,53706.62,2018-08-23,1995-09-16
DevOps Engineer,Netherlands,88875.15,2022-01-28,1989-08-04
Data Scientist,India,126511.76,2018-06-27,1970-05-09
Sales Manager,Sweden,113140.50,2016-06-15,1992-01-17
Backend Developer,Singapore,87912.86,2020-03-28,1997-10-26
HR Manager,UAE,90029.50,2021-07-26,1973-10-30
Graphic Designer,Canada,71507.32,2017-10-11,1974-04-04
Sales Manager,Canada,89666.61,2017-03-15,1991-03-10
Customer Success Manager,Netherlands,80592.12,2022-05-21,1976-04-23
HR Manager,Switzerland,90757.44,2021-08-05,1997-06-30
VP of Engineering,Ireland,176583.08,2021-05-27,1976-09-12
Accountant,Sweden,56206.41,2020-04-04,1980-08-21
Project Manager,Switzerland,109171.80,2015-08-17,1980-03-31
Product Manager,Ireland,116100.18,2016-06-25,1984-08-20
IT Specialist,Australia,71807.08,2016-05-09,1995-05-06
Financial Analyst,New Zealand,68276.58,2024-12-16,1975-07-07
Product Manager,Canada,93046.29,2024-11-29,1981-03-02
CTO,Brazil,229921.91,2018-05-04,1979-05-27
Customer Success Manager,UAE,83290.72,2022-07-08,1986-03-18
Frontend Developer,USA,68959.89,2019-04-10,1979-04-03
Frontend Developer,Netherlands,83815.48,2015-11-14,1973-09-10
Software Engineer,France,88409.23,2023-04-25,1986-09-30
Business Analyst,Norway,89439.81,2019-04-29,1981-02-02
Senior Software Engineer,Sweden,103401.47,2021-11-14,1985-10-19
Data Analyst,Denmark,80410.78,2024-04-19,1989-05-15
Engineering Manager,Norway,154949.86,2023-05-07,1977-07-08
Content Writer,Mexico,64128.38,2023-07-02,1994-05-18
Finance Manager,Australia,88238.94,2015-05-23,1990-08-27
Scrum Master,Norway,98795.26,2018-07-01,1976-02-28
DevOps Engineer,Mexico,83967.54,2020-04-23,1983-12-16
Content Writer,Denmark,55234.83,2022-07-04,1985-11-18
Technical Writer,Ireland,74170.33,2019-04-06,1998-06-05
Network Engineer,Norway,86262.29,2015-10-26,1970-12-27
Operations Manager,UAE,101250.43,2015-07-26,1982-03-26
Data Analyst,Norway,78456.28,2016-09-01,1971-04-05
Business Analyst,Canada,68278.73,2021-11-06,1995-10-09
Graphic Designer,Denmark,68128.07,2024-08-12,1981-05-19
Project Manager,Singapore,95794.41,2019-10-17,1974-08-24
Customer Success Manager,Netherlands,95122.16,2022-06-04,1981-12-14
Financial Analyst,Switzerland,97078.50,2023-07-02,1990-01-08
Business Analyst,New Zealand,71681.10,2022-04-10,1999-11-02
Data Analyst,UAE,79431.25,2022-04-13,1992-04-08
Machine Learning Engineer,Netherlands,109061.66,2019-02-11,1974-01-15
Compliance Officer,USA,98203.77,2017-12-15,1989-04-01
Backend Developer,Switzerland,95482.14,2018-04-18,1994-09-13
UX Designer,India,88322.74,2015-12-05,1977-06-09
Content Writer,India,41590.83,2021-08-01,1993-11-09
Financial Analyst,Sweden,86180.45,2023-05-23,1999-11-19
Data Scientist,Netherlands,96844.73,2015-07-02,1997-05-11
Machine Learning Engineer,Sweden,143877.07,2023-07-01,1994-02-22
Product Manager,Switzerland,112049.41,2023-12-06,1977-10-08
Network Engineer,Japan,99959.30,2017-12-22,1973-06-24
Sales Manager,Ireland,77774.89,2017-03-23,1994-01-19
Support Engineer,Switzerland,61815.97,2020-06-27,1999-03-08
Content Writer,Ireland,49751.71,2020-03-19,1975-10-08
Technical Writer,Japan,76330.19,2024-09-20,1983-01-08
Data Scientist,Singapore,85906.01,2015-05-16,1982-10-21
Financial Analyst,Brazil,99670.72,2016-11-14,1987-04-28
Sales Manager,New Zealand,91141.63,2021-12-06,1994-07-22
Scrum Master,Singapore,77702.72,2022-05-28,1977-03-23
DevOps Engineer,Japan,91653.95,2019-08-25,1974-05-05
HR Manager,Singapore,80586.66,2020-02-21,1987-12-14
Junior Developer,Canada,56558.01,2024-11-08,1978-09-24
Security Analyst,USA,108343.50,2015-05-15,1986-11-03
UI Designer,New Zealand,93603.63,2018-09-14,1975-11-03
Cloud Architect,UAE,142738.20,2015-02-13,1996-10-26
Product Manager,Switzerland,125638.59,2017-04-22,1991-11-25
HR Manager,Germany,95488.33,2018-08-09,1970-03-06
Senior Software Engineer,South Africa,131963.79,2019-08-21,1979-07-05
DevOps Engineer,Australia,102564.33,2023-09-24,1993-06-20
VP of Engineering,UAE,156328.41,2024-04-10,1989-05-08
VP of Engineering,Brazil,201862.69,2024-04-30,1998-10-28
Operations Manager,Japan,89557.83,2016-11-20,1982-10-11
Sales Manager,Netherlands,113859.90,2017-08-31,1998-11-18
Engineering Manager,Japan,155224.33,2020-01-22,1999-08-06
Operations Manager,New Zealand,109945.80,2024-03-02,1998-08-31
UI Designer,Mexico,84073.93,2017-02-04,1998-10-13
UI Designer,Switzerland,76674.67,2023-06-12,1989-09-13
DevOps Engineer,Canada,108430.64,2018-01-28,1980-05-07
Junior Developer,UAE,61770.63,2019-06-15,1976-05-07
Marketing Manager,India,79853.56,2022-06-27,1977-04-14
Backend Developer,Singapore,81624.64,2018-01-04,1979-10-07
UX Designer,Netherlands,102240.39,2023-08-27,1976-03-28
Data Scientist,Brazil,104136.53,2018-08-26,1976-03-13
Senior Software Engineer,Switzerland,121430.43,2024-01-25,1981-04-25
UI Designer,Norway,65711.59,2019-06-16,1977-02-13
QA Engineer,France,79054.40,2015-02-09,1989-05-31
Full Stack Developer,Ireland,82676.11,2018-04-19,1978-12-21
Technical Writer,Norway,77478.97,2021-01-09,1990-04-27
UI Designer,Brazil,73739.85,2023-07-11,1994-12-13
Data Analyst,Switzerland,71128.38,2024-12-24,1979-08-21
Sales Manager,USA,106363.79,2019-01-03,1987-08-14
HR Manager,New Zealand,76712.37,2024-10-13,1992-12-26
Scrum Master,Ireland,85436.98,2015-12-20,1973-07-11
Graphic Designer,Switzerland,62781.73,2015-12-15,1977-02-10
Compliance Officer,South Africa,103569.09,2021-07-24,1985-04-09
Product Manager,Mexico,92031.32,2021-08-26,1981-04-11
Graphic Designer,Norway,47675.15,2015-05-09,1974-09-01
Full Stack Developer,Brazil,77285.88,2019-07-16,1983-03-04
QA Engineer,New Zealand,72634.46,2018-08-04,1985-05-11
Data Scientist,Norway,110257.78,2023-06-11,1976-02-13
Content Writer,Netherlands,55224.60,2019-05-29,1993-05-23
Business Analyst,Sweden,81046.25,2023-03-18,1991-10-06
CTO,Brazil,189609.91,2017-08-21,1994-04-16
Product Manager,South Africa,106084.28,2016-12-21,1982-07-26
Legal Counsel,Denmark,122945.58,2024-08-29,1991-05-23
Senior Software Engineer,UK,138697.69,2017-02-01,1985-07-29
System Administrator,UAE,87927.30,2022-07-20,1997-05-30
UX Designer,Sweden,65378.62,2019-07-14,1970-05-02
VP of Engineering,Norway,195980.05,2020-06-10,1982-06-13
Backend Developer,Japan,87955.22,2021-10-14,1981-07-31
CTO,France,201689.09,2015-10-19,1990-11-20
Technical Writer,Japan,75862.43,2023-07-13,1982-09-12
Business Analyst,USA,63670.42,2016-04-17,1974-01-19
UI Designer,Sweden,94321.33,2015-11-12,1989-11-11
System Administrator,France,68688.32,2024-02-18,1989-01-12
HR Manager,USA,85017.50,2020-07-05,1984-01-02
Full Stack Developer,New Zealand,88838.60,2020-09-14,1979-08-21
Cloud Architect,Canada,115709.20,2018-10-11,1982-04-02
Support Engineer,New Zealand,50591.34,2016-04-12,1982-01-22
System Administrator,New Zealand,57251.85,2017-01-06,1973-07-01
Financial Analyst,UAE,80209.56,2018-11-24,1970-02-27
Scrum Master,Canada,94075.80,2021-10-04,1985-06-10
Accountant,France,66072.33,2022-12-23,1990-07-22
Legal Counsel,Brazil,94544.55,2016-12-02,1996-04-18
Accountant,India,64991.67,2022-08-23,1983-06-09
DevOps Engineer,India,83761.64,2020-02-04,1999-12-15
UX Designer,Sweden,70416.30,2017-01-01,1971-07-05
System Administrator,Norway,76263.49,2023-12-07,1987-05-07
Customer Success Manager,Denmark,67358.94,2021-07-10,1984-06-07
Legal Counsel,France,105954.77,2015-11-13,1978-03-10
CTO,UAE,250038.47,2019-07-19,1985-09-10
Junior Developer,Switzerland,61153.69,2021-09-10,1979-09-25
UX Designer,Germany,67524.97,2018-04-07,1977-12-03
Finance Manager,Australia,111569.62,2016-07-25,1995-12-22
Operations Manager,France,106859.88,2023-07-22,1981-01-25
Scrum Master,France,101351.09,2016-08-20,1998-05-09
Machine Learning Engineer,Norway,121010.67,2016-06-19,1975-10-02
Software Engineer,Brazil,83325.17,2024-11-14,1982-01-10
UX Designer,Japan,101287.73,2024-07-05,1983-05-30
HR Manager,India,76759.88,2021-10-21,1982-01-19
QA Engineer,Netherlands,73001.03,2016-08-04,1999-09-24
DevOps Engineer,France,86981.23,2018-11-27,1994-02-12
Graphic Designer,South Africa,65781.62,2017-10-07,1980-05-28
Backend Developer,Switzerland,79461.24,2021-02-15,1982-06-17
QA Engineer,Switzerland,58889.38,2017-11-19,1986-10-15
Financial Analyst,Ireland,84137.84,2015-10-17,1975-04-29
QA Engineer,Brazil,71691.16,2021-03-10,1995-11-15
Customer Success Manager,Australia,88386.33,2019-12-20,1996-05-05
Accountant,Denmark,76088.79,2018-09-15,1986-07-22
Graphic Designer,Brazil,71947.48,2023-11-13,1984-04-27
Finance Manager,USA,93773.17,2024-08-27,1970-03-26
Machine Learning Engineer,Germany,138110.92,2020-05-13,1994-09-05
Marketing Manager,Netherlands,76054.45,2019-05-18,1999-04-02
Security Analyst,UK,81652.90,2015-12-21,1997-01-29
Machine Learning Engineer,Australia,137803.83,2020-06-29,1990-03-02
QA Engineer,UAE,76404.94,2019-07-18,1991-08-29
Legal Counsel,Brazil,126501.17,2019-03-14,1984-04-09
Operations Manager,France,83911.88,2022-08-15,1981-11-01
Technical Writer,Germany,62066.13,2020-06-07,1992-03-01
Graphic Designer,New Zealand,73515.73,2016-10-24,1976-02-11
Security Analyst,Netherlands,99442.55,2016-10-16,1994-05-23
Full Stack Developer,Brazil,87553.11,2022-07-06,1975-06-04
Finance Manager,Brazil,112560.98,2017-11-24,1984-06-15
Senior Software Engineer,Canada,95193.51,2024-09-04,2000-01-01
Scrum Master,Japan,100416.99,2019-01-31,1990-03-17
Legal Counsel,Ireland,101633.19,2024-06-05,1971-03-29
Legal Counsel,New Zealand,138169.82,2020-11-03,1989-03-13
Accountant,Australia,67958.80,2024-03-05,1988-12-30
Network Engineer,Singapore,79347.93,2020-11-01,1977-12-25
Product Manager,Ireland,116643.34,2024-09-03,1985-07-14
System Administrator,USA,60482.70,2024-10-30,1970-01-09
Full Stack Developer,France,91049.92,2017-08-22,1974-08-24
Financial Analyst,Australia,75843.10,2019-11-21,1989-03-27
Sales Manager,Australia,108188.38,2019-11-09,1977-10-10
Project Manager,Netherlands,90643.31,2015-02-27,1978-05-26
Scrum Master,Singapore,84694.32,2020-08-08,1971-03-07
Software Engineer,Sweden,72597.77,2021-07-25,1983-06-29
Marketing Manager,Sweden,71353.14,2021-04-11,1978-10-03
Senior Software Engineer,UK,124222.42,2017-06-04,1999-07-31
Legal Counsel,Japan,143811.98,2017-08-20,1990-02-14
Security Analyst,South Africa,86042.53,2022-06-08,1989-11-24
DevOps Engineer,Ireland,114118.60,2018-03-03,1975-08-09
Graphic Designer,Brazil,72699.04,2015-07-15,1981-08-15
Database Administrator,USA,69301.63,2020-10-05,1997-06-25
Support Engineer,Switzerland,66518.84,2017-04-03,1982-10-18
Finance Manager,Netherlands,100904.03,2023-03-22,1994-07-31
Frontend Developer,Mexico,87371.77,2024-02-15,1991-05-08
Business Analyst,Brazil,78421.74,2024-01-01,1977-05-27
Security Analyst,Mexico,77210.30,2017-03-07,1982-08-22
UX Designer,Mexico,86593.67,2020-04-16,1993-03-27
Operations Manager,New Zealand,87643.68,2020-09-25,1981-03-25
Scrum Master,USA,100901.21,2017-06-12,1996-03-20
Software Engineer,Australia,88658.87,2019-05-27,1975-10-20
Business Analyst,USA,92968.72,2024-07-14,1989-04-10
Database Administrator,USA,91255.87,2022-02-16,1975-04-04
Business Analyst,South Africa,86151.09,2016-04-05,1985-08-19
Finance Manager,Canada,100228.83,2018-12-11,1977-09-17
UX Designer,Sweden,69444.58,2024-05-05,1993-04-10
Full Stack Developer,Singapore,70479.11,2022-02-11,2000-09-20
Graphic Designer,UK,60893.40,2021-06-18,2000-06-06
Technical Writer,France,58266.17,2017-01-17,1980-08-30
Security Analyst,South Africa,100290.54,2024-07-21,1970-04-06
UI Designer,Japan,82461.25,2019-05-13,1984-06-23
Content Writer,Singapore,62241.30,2019-08-26,1989-01-23
Financial Analyst,Mexico,93829.44,2020-11-09,1994-08-26
Marketing Manager,Switzerland,89459.27,2019-07-21,1975-12-28
Scrum Master,Singapore,92213.79,2019-04-16,1972-04-21
Cloud Architect,Sweden,157971.96,2022-03-24,1995-02-08
Operations Manager,UAE,85145.55,2020-10-21,1972-02-11
Backend Developer,Canada,82409.67,2015-04-07,1992-10-26
Network Engineer,Germany,85589.52,2021-01-29,1977-11-16
Senior Software Engineer,Canada,112326.84,2015-04-01,1970-12-16
Project Manager,Denmark,112452.76,2020-05-25,1991-04-05
Legal Counsel,Switzerland,133792.38,2021-08-08,1998-10-09
Scrum Master,Netherlands,108417.30,2019-02-21,1992-07-12
DevOps Engineer,Ireland,96961.75,2019-09-05,1970-03-12
System Administrator,UK,84052.66,2018-10-07,1996-08-23
Graphic Designer,Australia,68574.18,2017-09-04,1992-07-01
QA Engineer,Sweden,63870.32,2015-07-28,1993-01-28
Accountant,India,72883.82,2015-04-14,1978-03-09
Machine Learning Engineer,South Africa,108323.03,2015-07-22,1977-09-03
UI Designer,Brazil,67674.03,2017-02-02,1971-08-13
QA Engineer,India,64010.46,2024-02-07,1996-01-12
System Administrator,New Zealand,70547.49,2016-08-09,1975-10-21
Full Stack Developer,UAE,81060.09,2020-06-07,1985-12-27
System Administrator,Canada,75092.64,2019-02-02,1977-12-08
System Administrator,Australia,89092.34,2015-02-25,1998-02-01
DevOps Engineer,Germany,88938.47,2021-11-27,1975-02-28
Graphic Designer,Australia,59385.35,2017-04-06,1970-03-06
Data Scientist,Denmark,124708.23,2022-10-05,1999-01-05
Data Scientist,Netherlands,87394.85,2019-08-03,1996-08-13
Backend Developer,India,96728.55,2022-05-23,1982-04-13
UI Designer,Mexico,92597.48,2024-02-18,1976-06-20
Sales Manager,UAE,94368.19,2015-03-06,1978-10-09
Content Writer,Japan,62313.30,2018-02-24,1998-06-30
Operations Manager,Japan,95079.94,2020-04-10,1985-07-01
Security Analyst,South Africa,102725.93,2024-10-18,2000-06-12
Data Analyst,Denmark,57599.26,2015-01-24,1981-08-18
Content Writer,Mexico,40012.96,2021-12-09,1992-01-12
Data Scientist,Netherlands,90928.85,2016-09-28,1995-05-05
Operations Manager,India,86606.80,2021-04-14,1973-09-05
Cloud Architect,Singapore,132964.91,2015-05-27,1979-06-29
Full Stack Developer,Mexico,95552.68,2017-08-19,1972-03-24
VP of Engineering,Mexico,167141.16,2017-06-28,1977-01-13
Cloud Architect,Brazil,159216.59,2020-01-28,1991-12-23
IT Specialist,Brazil,56508.36,2023-12-28,1996-01-24
Compliance Officer,Switzerland,113545.21,2015-12-23,1975-11-12
Sales Manager,Brazil,80188.68,2017-12-20,1996-05-09
Data Analyst,USA,65142.73,2016-08-04,1996-01-11
VP of Engineering,Australia,172364.38,2022-08-26,1970-07-04
Engineering Manager,South Africa,148003.70,2016-04-01,1977-07-07
Customer Success Manager,France,73837.45,2017-06-03,1984-02-20
Accountant,Brazil,53916.93,2024-01-09,1973-11-24
Support Engineer,South Africa,62501.26,2020-04-18,1971-01-08
Customer Success Manager,India,86850.98,2018-03-28,1970-09-11
Product Manager,Sweden,137536.38,2020-01-16,2000-03-03
Junior Developer,Sweden,61039.89,2024-03-29,1977-07-12
Sales Manager,Sweden,94218.03,2016-12-24,1977-08-07
System Administrator,Denmark,75831.03,2020-08-05,1991-07-01
Data Scientist,Ireland,93484.06,2024-04-13,1996-10-23
Operations Manager,Japan,112979.01,2021-05-18,1995-03-09
Network Engineer,France,82038.42,2017-07-21,1976-02-10
Software Engineer,Netherlands,68268.50,2021-06-28,1986-03-14
QA Engineer,Australia,84107.24,2016-12-19,1990-10-18
Network Engineer,Sweden,78217.72,2022-01-28,1995-09-01
System Administrator,South Africa,75024.91,2016-08-12,1995-08-07
System Administrator,France,81287.61,2022-09-07,1992-12-27
Senior Software Engineer,Switzerland,136790.19,2019-07-28,1993-07-27
System Administrator,Ireland,75321.01,2023-02-12,1981-02-09
Finance Manager,USA,112292.42,2022-11-21,1984-12-08
Support Engineer,Singapore,52794.02,2020-08-23,1997-06-20
Customer Success Manager,South Africa,91298.15,2021-12-23,1999-12-10
Software Engineer,USA,76964.13,2018-02-14,1981-03-30
Data Scientist,India,116034.81,2024-10-20,1979-07-01
Engineering Manager,Norway,133332.02,2021-05-26,1977-07-29
System Administrator,Germany,67769.35,2018-09-04,1989-05-05
Accountant,Netherlands,68419.93,2017-12-01,1971-07-11
Engineering Manager,UAE,148732.65,2016-10-08,1980-05-29
Content Writer,Switzerland,53178.83,2020-08-04,1977-12-29
Backend Developer,UAE,85958.91,2024-03-25,1977-08-29
Full Stack Developer,Australia,102249.56,2019-09-03,1983-06-11
Operations Manager,South Africa,95238.61,2023-04-25,1972-03-16
Compliance Officer,Switzerland,98823.87,2024-10-28,1994-09-18
Senior Software Engineer,India,123998.54,2016-05-30,1970-03-14
Backend Developer,Germany,101126.32,2021-11-06,1999-02-07
UX Designer,Germany,99883.67,2017-10-06,1990-12-26
UI Designer,Australia,75843.92,2023-03-05,1991-03-31
Senior Software Engineer,USA,102237.01,2023-03-05,1998-10-16
QA Engineer,Switzerland,78993.67,2023-07-14,1971-06-11
Frontend Developer,New Zealand,84482.96,2017-10-06,1970-07-25
Accountant,Mexico,57594.96,2019-06-07,1980-06-14
Database Administrator,Brazil,74185.55,2023-03-14,1991-08-02
UX Designer,India,103323.83,2021-06-09,1993-12-17
Junior Developer,UAE,63069.33,2024-10-12,1974-09-02
Financial Analyst,Canada,97644.71,2020-09-23,1992-01-05
Software Engineer,New Zealand,62258.20,2017-05-27,1974-09-30
Junior Developer,Ireland,55878.52,2016-08-01,1985-07-28
VP of Engineering,USA,209097.85,2023-06-08,1972-03-17
Network Engineer,South Africa,76204.65,2018-06-21,1987-01-14
Database Administrator,New Zealand,76863.16,2015-05-02,1994-04-26
QA Engineer,India,62529.23,2022-08-13,1984-09-14
System Administrator,UK,71685.58,2020-04-14,1976-08-28
Finance Manager,Brazil,97495.06,2016-12-13,1983-03-05
UI Designer,Canada,75350.59,2023-12-14,1987-02-07
System Administrator,Germany,60523.38,2020-10-10,1970-08-10
Scrum Master,USA,79956.11,2015-12-17,1992-09-16
Engineering Manager,USA,140455.35,2023-10-08,1992-11-18
HR Manager,France,83032.47,2021-12-02,1995-03-19
Support Engineer,Switzerland,63331.27,2024-04-18,1996-04-07
Product Manager,France,111091.85,2018-11-16,1986-07-24
Data Analyst,Singapore,83518.71,2021-11-10,1995-11-01
UX Designer,Japan,96417.99,2020-08-19,1977-04-02
Cloud Architect,Ireland,155047.28,2016-03-05,2000-04-06
Support Engineer,USA,52441.50,2022-01-27,1972-03-29
Engineering Manager,New Zealand,142897.08,2022-06-25,1994-04-14
UX Designer,South Africa,87511.42,2019-09-02,1984-08-25
Operations Manager,Ireland,95765.99,2015-11-05,1975-04-03
Project Manager,Sweden,93284.40,2022-06-15,1986-01-24
Customer Success Manager,Germany,82247.17,2020-08-14,1973-10-12
Software Engineer,Canada,90466.56,2015-04-15,1978-05-19
Compliance Officer,UAE,96514.66,2021-08-11,1976-04-17
Product Manager,Germany,143537.53,2023-12-19,1998-12-25
Support Engineer,UK,53804.99,2020-09-04,1992-11-20
Junior Developer,Denmark,49684.98,2024-03-08,1988-09-09
Accountant,France,67839.46,2023-06-04,1987-03-11
Business Analyst,Netherlands,82373.77,2015-05-07,1972-01-15
Scrum Master,Netherlands,75996.38,2021-09-22,1970-12-19
Full Stack Developer,Switzerland,72389.43,2020-12-28,1995-09-07
Cloud Architect,UK,135351.67,2021-04-18,1996-03-03
Marketing Manager,Ireland,82787.57,2023-02-12,1997-12-15
IT Specialist,Germany,65520.40,2015-09-13,1990-06-27
IT Specialist,Switzerland,58399.30,2017-12-12,2000-12-07
Customer Success Manager,UAE,73054.02,2015-03-21,1982-12-31
Business Analyst,Ireland,71272.96,2022-01-03,1995-12-03
Data Scientist,Australia,98216.02,2017-05-01,1982-08-04
Security Analyst,Canada,76458.77,2017-08-04,1974-12-01
Product Manager,India,130114.63,2019-06-02,1974-08-12
Security Analyst,Brazil,78022.07,2023-02-10,1989-10-30
Product Manager,Netherlands,102326.44,2016-12-25,1974-12-07
Machine Learning Engineer,India,111660.42,2019-11-28,1986-09-29
UI Designer,Sweden,66471.66,2016-08-23,1996-02-21
Cloud Architect,UK,124524.99,2018-01-05,1972-10-20
Content Writer,Germany,61493.22,2023-09-21,1980-07-12
System Administrator,Germany,80878.45,2018-05-22,1988-03-14
Compliance Officer,South Africa,93773.93,2018-09-10,1983-04-07
Frontend Developer,USA,99227.02,2024-04-18,1992-06-19
Cloud Architect,USA,111306.63,2016-06-04,1991-11-28
Support Engineer,Denmark,57028.79,2017-01-30,1981-02-16
Data Analyst,Australia,87820.78,2020-06-05,1991-02-20
HR Manager,Australia,96859.56,2019-01-12,1975-08-24
Product Manager,Norway,132612.71,2021-10-02,1985-06-05
Marketing Manager,Netherlands,100520.10,2017-11-26,1997-07-12
Full Stack Developer,New Zealand,83449.39,2016-07-11,2000-03-13
CTO,New Zealand,200217.83,2019-05-16,1999-09-29
Support Engineer,Singapore,76318.46,2020-06-24,1970-12-17
Operations Manager,Germany,82789.96,2017-08-10,1974-09-28
Full Stack Developer,New Zealand,98547.23,2023-12-10,1976-07-19
Machine Learning Engineer,USA,128689.27,2016-07-02,1984-03-06
Operations Manager,Brazil,93892.19,2022-09-25,1997-01-05
Finance Manager,Japan,126971.61,2022-11-22,1995-10-31
UX Designer,Ireland,97846.36,2022-12-21,1989-02-10
Accountant,Denmark,70116.38,2022-12-02,1992-09-14
Financial Analyst,Brazil,65704.78,2020-06-06,1982-07-12
Cloud Architect,Sweden,123757.09,2017-01-05,1993-05-18
UI Designer,Denmark,88369.34,2017-01-29,2000-12-07
Cloud Architect,Denmark,130226.15,2016-08-27,1979-02-21
Customer Success Manager,New Zealand,90558.26,2016-02-22,1982-01-26
CTO,Germany,192003.82,2023-12-23,1980-04-14
Marketing Manager,Denmark,86133.57,2018-07-15,1976-01-26
QA Engineer,Australia,55002.80,2018-11-27,1995-04-26
Network Engineer,USA,82153.04,2017-09-02,2000-09-24
Content Writer,UAE,52219.90,2016-08-21,2000-11-06
Scrum Master,France,97022.21,2018-08-04,1989-10-22
IT Specialist,Australia,73986.82,2015-07-25,1994-04-08
Network Engineer,Germany,82648.66,2023-09-19,1999-08-16
Sales Manager,Norway,113680.38,2016-01-30,1989-02-15
Senior Software Engineer,India,97315.01,2019-05-27,1998-03-15
UX Designer,UK,93062.40,2021-12-08,1991-12-29
Software Engineer,Germany,76663.24,2024-09-13,1973-05-04
Technical Writer,South Africa,60710.36,2021-06-27,1985-01-14
Compliance Officer,Switzerland,109077.58,2017-02-07,1984-01-03
Operations Manager,Denmark,91996.93,2023-09-19,1999-06-24
CTO,USA,184740.21,2024-10-18,1978-04-05
Software Engineer,Japan,92618.86,2017-01-31,1995-06-08
Finance Manager,Singapore,105504.54,2021-05-10,2000-12-12
Content Writer,South Africa,54526.11,2019-12-18,1985-03-29
Sales Manager,South Africa,111582.96,2017-11-04,2000-03-13
Finance Manager,Mexico,117613.08,2019-01-20,1997-11-07
Senior Software Engineer,Norway,133381.97,2016-01-31,1996-09-08
Cloud Architect,Switzerland,150732.62,2015-12-16,1984-07-14
Junior Developer,Brazil,55297.88,2022-11-26,1991-10-02
Compliance Officer,Australia,97768.76,2022-06-17,1973-08-31
Software Engineer,Singapore,83007.13,2019-06-05,1996-02-01
Data Scientist,Sweden,129788.42,2018-10-17,1983-07-20
Support Engineer,South Africa,65097.34,2024-02-20,1989-09-15
Cloud Architect,India,119554.19,2022-11-16,2000-02-14
Security Analyst,Switzerland,90073.95,2023-10-03,1999-05-20
Junior Developer,South Africa,45278.38,2023-10-06,1992-04-12
Cloud Architect,India,152766.65,2015-10-08,1972-04-25
System Administrator,South Africa,56933.71,2019-09-25,1971-12-30
Backend Developer,Singapore,90703.45,2015-01-18,1990-12-25
Sales Manager,New Zealand,87484.86,2021-02-17,1973-12-17
CTO,Australia,216379.98,2019-06-23,1996-12-03
Project Manager,Singapore,81854.77,2016-12-11,1973-09-29
IT Specialist,Brazil,76127.69,2023-09-10,1998-11-24
Junior Developer,Germany,60015.04,2018-04-28,1972-02-11
Engineering Manager,Mexico,119424.68,2024-05-05,1980-06-01
Scrum Master,New Zealand,96342.91,2021-08-25,1986-06-10
Compliance Officer,France,113920.69,2023-10-14,1978-06-18
Support Engineer,New Zealand,79687.64,2018-08-24,1979-10-28
Junior Developer,Denmark,64334.79,2024-11-08,1988-01-07
Network Engineer,New Zealand,65952.09,2016-03-11,1979-12-29
Product Manager,Singapore,94492.95,2017-07-09,1985-09-02
System Administrator,Sweden,87517.80,2017-03-27,1997-12-29
Cloud Architect,Sweden,136729.24,2021-07-08,1976-08-30
Marketing Manager,Denmark,98426.81,2019-10-08,1975-02-18
Database Administrator,Denmark,89140.76,2019-10-12,1998-01-22
Project Manager,Singapore,85902.61,2024-02-14,1991-02-03
QA Engineer,India,65670.77,2023-02-03,1978-01-20
System Administrator,New Zealand,70702.37,2015-01-20,1979-01-23
Software Engineer,India,65541.85,2023-04-01,1981-12-02
Cloud Architect,Ireland,117378.95,2018-10-28,1970-06-30
Project Manager,Singapore,89504.07,2024-04-14,1985-03-07
Marketing Manager,South Africa,83302.65,2020-03-16,1998-04-27
Backend Developer,Brazil,77171.58,2018-08-18,1973-11-20
Junior Developer,Sweden,46960.24,2024-06-18,1986-09-22
DevOps Engineer,New Zealand,95805.29,2016-09-02,1984-05-18
Sales Manager,New Zealand,97494.38,2022-03-12,1993-11-29
Financial Analyst,USA,67369.07,2021-06-13,1994-05-16
Marketing Manager,South Africa,87683.07,2019-07-22,1998-12-19
Full Stack Developer,UK,78131.87,2019-06-07,1989-06-18
Data Analyst,Australia,74290.10,2023-05-05,1988-11-10
IT Specialist,Ireland,78119.40,2018-06-02,1981-02-08
Product Manager,Norway,129879.96,2020-05-15,1974-12-11
Financial Analyst,Norway,92595.25,2015-09-27,1999-07-18
VP of Engineering,Ireland,161521.33,2022-08-18,1999-02-12
Financial Analyst,New Zealand,93054.14,2016-01-18,1982-03-16
Junior Developer,Australia,52893.29,2020-09-28,1999-11-28
Product Manager,Denmark,94980.84,2015-12-18,1979-12-04
Accountant,Japan,76378.12,2017-05-19,1994-04-24
Network Engineer,Australia,92528.35,2016-07-05,1990-12-01
Technical Writer,UAE,80423.32,2022-05-20,1972-07-14
Customer Success Manager,Norway,81112.36,2015-01-16,1986-11-03
Customer Success Manager,USA,66200.46,2020-02-01,1974-12-06
VP of Engineering,Ireland,185421.45,2016-09-27,1972-11-19
QA Engineer,Australia,70024.43,2017-03-02,1985-05-19
IT Specialist,Norway,55214.38,2023-04-07,1983-08-20
Database Administrator,Australia,76526.58,2021-06-06,1976-07-16
Project Manager,UAE,92616.94,2016-05-01,1975-03-14
Database Administrator,UK,72016.85,2021-07-15,1975-01-16
Cloud Architect,UAE,133037.22,2022-12-17,1993-05-31
VP of Engineering,Singapore,150155.39,2015-12-24,1992-06-09
Project Manager,Canada,87831.86,2021-01-09,1997-11-04
Accountant,New Zealand,61756.47,2017-12-13,1985-02-28
Cloud Architect,India,137115.26,2019-06-25,1997-06-12
Network Engineer,India,81702.66,2018-09-12,1981-07-09
Operations Manager,Brazil,92495.15,2019-02-03,1996-10-18
Machine Learning Engineer,France,106930.88,2024-08-25,1975-02-22
Software Engineer,Sweden,81672.48,2015-08-11,1997-12-27
Compliance Officer,UK,89838.32,2023-09-11,1976-08-20
Senior Software Engineer,Norway,128471.17,2019-08-10,1987-05-02
Marketing Manager,South Africa,99630.40,2017-06-09,1984-08-03
Support Engineer,USA,79212.37,2019-11-08,2000-02-13
Compliance Officer,Brazil,88968.03,2021-07-04,1996-01-18
Product Manager,UAE,133862.73,2022-10-17,1985-01-23
Data Analyst,UAE,84821.94,2022-06-14,1975-04-11
Machine Learning Engineer,Denmark,117481.03,2024-08-14,1991-05-07
Engineering Manager,Norway,134924.47,2020-09-14,1979-03-18
Engineering Manager,India,120900.36,2018-10-25,1980-06-10
Frontend Developer,France,91179.28,2023-11-01,1987-09-02
Cloud Architect,UK,132083.76,2015-09-17,1999-05-07
Network Engineer,UAE,76115.02,2019-03-30,1987-06-30
Full Stack Developer,UAE,91900.38,2020-02-20,1988-12-23
UX Designer,Japan,87111.63,2024-11-22,1983-09-14
Financial Analyst,Sweden,92348.56,2023-04-09,1994-08-13
Security Analyst,Switzerland,112257.48,2024-10-03,1975-05-20
Accountant,Mexico,55494.84,2019-09-19,1982-07-01
Business Analyst,UK,90276.84,2022-04-11,1980-01-03
IT Specialist,Australia,70620.80,2024-10-19,1973-12-15
Security Analyst,New Zealand,90011.96,2019-01-17,1979-10-12
IT Specialist,Switzerland,68493.87,2018-12-25,1990-03-18
Machine Learning Engineer,Norway,143258.14,2021-12-14,1981-11-02
Full Stack Developer,France,92269.84,2021-12-09,1971-01-16
Data Analyst,Canada,60445.73,2023-06-09,1970-01-11
DevOps Engineer,Germany,92995.34,2021-07-05,1974-03-02
Project Manager,Singapore,118415.95,2015-11-05,1995-06-05
Content Writer,Australia,54337.61,2021-09-11,1994-07-13
Accountant,Denmark,59305.40,2019-04-02,1972-08-09
Database Administrator,Mexico,72794.32,2024-04-01,1975-04-03
Backend Developer,Netherlands,69137.00,2019-08-17,1974-10-28
Graphic Designer,Mexico,52240.02,2021-07-25,1970-03-20
UI Designer,Singapore,90477.86,2019-12-19,1988-05-21
CTO,UK,222610.38,2019-07-21,1981-02-15
Network Engineer,UAE,71727.56,2015-09-09,1994-11-27
Sales Manager,India,76590.31,2023-04-22,1977-05-21
Engineering Manager,UK,167443.54,2017-01-22,1978-02-16
Cloud Architect,Switzerland,122318.74,2016-07-18,1982-04-12
Backend Developer,Ireland,73630.03,2017-03-19,1982-03-05
Software Engineer,UK,74279.90,2019-03-30,1980-07-20
HR Manager,Ireland,74128.15,2018-01-30,1977-02-16
System Administrator,Denmark,87246.49,2018-06-08,1987-03-31
Security Analyst,Singapore,84188.49,2021-06-01,1985-07-31
Engineering Manager,Denmark,161621.17,2022-12-15,1981-11-29
Frontend Developer,India,91134.55,2021-06-06,1995-07-04
Support Engineer,Norway,72888.77,2023-11-23,1984-02-05
QA Engineer,New Zealand,82865.94,2023-12-16,1973-08-08
UX Designer,India,81935.39,2018-11-24,1999-11-17
Financial Analyst,Canada,70665.91,2022-09-12,1993-01-18
IT Specialist,Sweden,71071.91,2016-03-02,1997-04-08
Data Scientist,India,101278.34,2024-07-03,1998-01-20
Network Engineer,Norway,88334.80,2018-03-31,1999-06-11
Machine Learning Engineer,UAE,97526.03,2017-08-18,1992-06-23
System Administrator,Sweden,68968.17,2020-01-19,1975-05-29
Accountant,Canada,64422.46,2022-06-23,1998-10-15
UX Designer,Mexico,104827.29,2015-01-19,1995-12-26
Backend Developer,Germany,78995.84,2023-04-11,1991-11-07
Product Manager,USA,109564.95,2018-01-06,1992-06-15
Data Scientist,Sweden,119233.10,2017-03-18,1999-05-02
Graphic Designer,New Zealand,67050.40,2024-12-13,1999-10-13
Sales Manager,Canada,108903.18,2022-08-16,1984-10-26
Product Manager,USA,107992.93,2017-10-28,1984-08-11
Accountant,Sweden,53014.50,2016-09-27,1972-12-01
Machine Learning Engineer,Japan,95165.30,2018-04-30,1990-03-11
Operations Manager,USA,112737.67,2021-10-22,1996-10-30
Engineering Manager,Japan,155432.89,2016-02-29,1975-01-22
Graphic Designer,Netherlands,65072.67,2024-07-20,1985-07-15
Business Analyst,Netherlands,75467.15,2019-09-09,1982-10-14
DevOps Engineer,South Africa,120509.14,2016-09-28,1980-09-11
Technical Writer,Denmark,58925.16,2019-10-27,1987-12-23
Accountant,Switzerland,79316.62,2017-03-20,1995-12-24
Scrum Master,Mexico,85278.24,2016-05-05,1995-01-13
HR Manager,New Zealand,71259.24,2020-07-30,1971-10-31
Data Scientist,Ireland,114422.29,2020-03-31,1998-10-10
DevOps Engineer,UAE,116138.17,2020-04-06,1979-07-31
Senior Software Engineer,New Zealand,116659.67,2023-07-27,1982-02-06
IT Specialist,Australia,73445.51,2018-01-17,1986-06-21
Operations Manager,Japan,95087.74,2022-12-10,1997-01-09
Data Analyst,South Africa,57264.22,2018-01-24,1981-07-05
UX Designer,UK,90127.31,2016-08-28,1993-12-12
Product Manager,USA,140156.98,2017-01-11,1996-08-31
Senior Software Engineer,Brazil,130296.22,2016-08-17,1979-03-12
Software Engineer,UK,78500.95,2016-02-09,1971-04-14
Support Engineer,UK,54537.46,2024-08-14,1982-09-21
Network Engineer,USA,76991.43,2017-01-31,1997-09-05
Cloud Architect,Switzerland,130231.04,2022-08-16,1982-03-28
Compliance Officer,India,105242.87,2018-05-20,1972-03-20
Engineering Manager,USA,157051.20,2016-06-21,1993-07-12
Business Analyst,Sweden,82024.93,2022-03-29,1972-02-04
Machine Learning Engineer,USA,97555.58,2016-03-17,1997-04-15
Engineering Manager,Canada,111276.81,2024-02-01,1973-02-12
Full Stack Developer,Sweden,81525.20,2023-01-14,1971-07-03
Database Administrator,Denmark,68994.95,2023-11-27,1970-04-05
Cloud Architect,Mexico,147578.26,2021-08-15,1988-09-05
Data Scientist,India,84282.36,2024-06-08,1996-04-24
Backend Developer,Germany,67370.69,2020-05-18,1984-08-14
Marketing Manager,India,88676.60,2017-02-24,1987-12-23
Product Manager,Mexico,142248.96,2020-10-03,1997-07-05
Financial Analyst,USA,91695.39,2016-01-15,1994-04-07
Marketing Manager,Australia,93194.14,2022-06-29,1974-03-11
Software Engineer,Mexico,64093.00,2023-03-20,1997-01-16
Business Analyst,Japan,73264.13,2024-10-19,1994-01-13
Data Scientist,Switzerland,106149.85,2023-12-30,1979-09-09
Engineering Manager,Sweden,117132.95,2022-08-27,1978-06-11
QA Engineer,Germany,77995.80,2021-06-18,1978-07-21
Machine Learning Engineer,Netherlands,140217.58,2015-04-26,1973-11-06
Data Scientist,Ireland,84299.53,2017-08-10,1987-11-01
Network Engineer,Germany,87232.42,2017-11-20,1991-02-10
Data Scientist,USA,111484.32,2019-12-23,1996-06-04
CTO,UK,276920.69,2017-04-15,1977-07-22
Project Manager,India,83573.30,2016-03-01,1987-06-20
Full Stack Developer,Germany,95916.15,2020-02-02,1987-04-06
Legal Counsel,Ireland,90998.75,2018-08-31,1982-12-03
UX Designer,Sweden,76019.70,2016-02-18,1970-10-09
Content Writer,Mexico,56589.13,2015-05-09,1980-08-29
Network Engineer,Ireland,77470.29,2022-06-03,1972-02-29
UI Designer,Ireland,61473.23,2016-12-24,1990-01-18
Machine Learning Engineer,Sweden,142942.47,2021-08-17,1985-07-26
Scrum Master,Singapore,85916.13,2019-02-05,1970-02-17
UI Designer,New Zealand,79319.86,2021-01-22,1985-02-08
Security Analyst,Brazil,76526.26,2017-08-26,1995-04-19
Machine Learning Engineer,Netherlands,130239.68,2023-03-04,1995-10-11
Sales Manager,Ireland,101422.24,2021-04-10,1995-06-06
Scrum Master,South Africa,79554.31,2018-09-01,1971-03-20
Machine Learning Engineer,Brazil,121265.67,2015-03-02,1999-05-28
DevOps Engineer,Ireland,98276.20,2020-09-04,1989-04-26
Frontend Developer,New Zealand,95673.44,2023-04-01,1982-06-23
Technical Writer,Japan,73689.12,2017-04-22,1970-12-04
Compliance Officer,Singapore,76485.51,2017-08-21,1993-02-21
Project Manager,Germany,106032.70,2016-11-20,1975-03-05
Scrum Master,Mexico,85855.92,2020-04-25,1972-09-13
Business Analyst,Australia,87637.15,2016-02-19,1986-11-05
Compliance Officer,UAE,99952.60,2015-04-10,1990-01-26
Data Analyst,Ireland,66621.17,2018-05-07,1974-12-12
Network Engineer,Singapore,87719.35,2018-07-10,1972-07-29
System Administrator,Germany,80868.57,2017-04-28,1995-10-21
Software Engineer,USA,89830.49,2023-04-03,1974-09-10
CTO,Japan,244947.66,2018-08-14,1989-10-23
Compliance Officer,UK,95248.37,2015-12-25,1997-12-26
Graphic Designer,UAE,46221.60,2017-06-10,1986-11-10
Content Writer,Japan,56943.65,2018-07-25,1986-07-30
Junior Developer,Canada,64712.76,2022-04-17,1974-05-24
Operations Manager,Mexico,90749.66,2019-10-13,1970-10-17
Content Writer,France,54060.56,2023-03-17,1984-08-16
HR Manager,New Zealand,79120.75,2017-04-06,1997-02-25
Support Engineer,Japan,64617.16,2022-07-15,1977-04-11
Database Administrator,USA,95478.97,2022-12-13,1971-02-22
QA Engineer,Mexico,64132.04,2018-04-22,1994-03-28
Project Manager,UK,93008.30,2017-07-11,1987-02-27
Cloud Architect,France,130599.23,2015-09-26,1984-09-20
Network Engineer,Netherlands,91033.01,2022-10-24,1979-08-26
Network Engineer,New Zealand,81957.97,2019-12-06,1992-05-17
Customer Success Manager,Ireland,83339.22,2015-11-15,1982-12-23
Operations Manager,Netherlands,83837.25,2021-10-15,1995-12-25
Marketing Manager,New Zealand,83979.13,2022-07-22,1982-03-07
Data Scientist,South Africa,119117.39,2022-02-04,1985-11-15
Marketing Manager,UAE,100911.69,2015-09-22,2000-12-23
IT Specialist,Switzerland,81135.34,2019-04-09,1986-01-12
Full Stack Developer,Ireland,96715.31,2017-08-01,1993-11-28
Cloud Architect,New Zealand,115638.08,2024-01-17,1978-10-12
Financial Analyst,UAE,87641.63,2017-03-12,1996-08-23
UI Designer,Denmark,90518.87,2023-07-09,1978-06-11
Compliance Officer,Canada,99502.98,2018-11-27,1973-10-26
VP of Engineering,UAE,208086.12,2017-12-05,1993-07-24
Operations Manager,India,91278.86,2020-01-02,1986-05-06
Engineering Manager,Norway,152140.89,2022-01-17,1989-06-30
Full Stack Developer,Brazil,96847.74,2015-12-15,1987-04-13
Legal Counsel,Brazil,92113.08,2022-11-13,1984-11-26
Financial Analyst,Sweden,66421.93,2019-01-08,1981-06-27
Technical Writer,UK,56045.99,2024-10-10,1995-05-02
Marketing Manager,New Zealand,84278.64,2017-12-02,1981-01-09
Legal Counsel,Japan,125501.86,2024-09-14,1981-06-22
Legal Counsel,Ireland,146887.02,2017-05-14,1990-09-26
Database Administrator,USA,84207.05,2017-09-22,1992-11-17
Compliance Officer,Mexico,85929.01,2022-03-02,1974-10-03
Cloud Architect,Norway,158373.68,2022-02-08,1976-08-18
Business Analyst,Japan,91576.95,2020-09-03,1988-05-28
Operations Manager,Ireland,97005.49,2016-11-12,1993-03-14
Graphic Designer,UAE,67818.13,2018-08-18,1994-08-06
Machine Learning Engineer,Norway,138946.78,2018-05-24,1993-01-20
Accountant,Norway,62513.57,2016-03-17,1975-07-29
System Administrator,UK,77118.82,2020-06-08,1970-04-29
Senior Software Engineer,Singapore,132108.44,2023-12-25,1991-01-14
Technical Writer,Singapore,58134.69,2019-08-08,1998-02-27
Engineering Manager,Switzerland,110614.73,2021-02-08,1998-04-09
Accountant,Ireland,67260.60,2021-05-29,1995-01-10
Graphic Designer,USA,48284.69,2016-07-30,1986-11-11
Machine Learning Engineer,Norway,119064.16,2022-09-24,1998-02-18
Network Engineer,USA,84762.01,2022-07-23,2000-02-16
Cloud Architect,France,130117.71,2016-08-25,1980-09-09
Sales Manager,Brazil,95151.77,2015-05-14,1977-11-20
CTO,Norway,187351.62,2019-06-19,1972-08-23
QA Engineer,UAE,79739.04,2021-01-18,1973-08-18
Business Analyst,Germany,93334.29,2016-06-28,1996-11-01
Sales Manager,Japan,97548.83,2021-05-22,1990-10-30
Frontend Developer,USA,64628.25,2022-03-26,1971-10-15
Network Engineer,Mexico,78930.00,2021-08-21,1998-03-07
Accountant,New Zealand,62188.56,2023-02-21,1979-10-11
Cloud Architect,Singapore,131998.25,2017-11-09,1971-01-10
Customer Success Manager,Singapore,84633.27,2018-10-28,1992-01-02
Cloud Architect,Brazil,113372.70,2023-08-31,1998-02-23
System Administrator,India,55623.64,2021-03-07,1993-07-24
System Administrator,Switzerland,85027.57,2022-09-18,1975-06-01
Marketing Manager,Ireland,91822.94,2015-06-20,1990-10-29
Software Engineer,Switzerland,73290.47,2016-12-12,1989-01-04
Data Scientist,Denmark,85429.09,2020-09-29,1975-10-08
Compliance Officer,South Africa,82225.32,2018-05-28,1981-03-13
System Administrator,France,58357.55,2018-11-20,1977-10-02
Marketing Manager,Germany,72185.96,2020-03-02,1984-09-02
Accountant,Singapore,61430.67,2016-04-30,1985-01-17
Cloud Architect,Mexico,119530.90,2022-07-24,1993-10-28
CTO,Netherlands,272748.02,2021-03-30,1994-06-01
UX Designer,Brazil,80402.21,2019-09-07,1975-02-11
System Administrator,Australia,60371.26,2021-06-04,1973-10-22
Customer Success Manager,New Zealand,80371.73,2022-09-13,1999-01-06
Finance Manager,Switzerland,90026.62,2016-02-14,1997-11-25
Database Administrator,Canada,95312.84,2023-06-26,1999-03-04
Network Engineer,Canada,72666.26,2021-04-29,1975-03-21
Scrum Master,Canada,78780.17,2022-06-11,1977-06-03
System Administrator,UK,70448.13,2022-03-24,1989-09-24
Software Engineer,USA,80772.64,2020-10-07,1990-10-14
Frontend Developer,Norway,78097.13,2015-12-16,1988-10-11
Cloud Architect,Mexico,110332.92,2019-10-16,1974-06-02
Cloud Architect,UK,152015.84,2023-05-04,1986-04-07
Project Manager,Denmark,111465.29,2016-12-21,1974-04-12
Engineering Manager,Singapore,166645.63,2019-02-21,1994-06-21
Frontend Developer,South Africa,83360.14,2018-04-16,1971-04-28
VP of Engineering,South Africa,214951.69,2021-09-10,1990-03-07
Support Engineer,Norway,73753.41,2021-10-14,1992-07-22
Support Engineer,Ireland,69166.27,2017-03-11,1981-12-08
System Administrator,Denmark,87963.64,2016-03-13,1983-12-15
Security Analyst,Brazil,96972.71,2018-05-23,1975-09-09
Software Engineer,Ireland,72735.10,2018-08-12,1981-10-23
Software Engineer,Netherlands,79438.05,2017-10-16,1987-06-14
Security Analyst,Germany,103389.15,2023-03-08,1991-01-03
Finance Manager,UK,114140.31,2019-09-10,1989-07-02
Accountant,Netherlands,68506.86,2018-10-19,1970-11-15
Cloud Architect,Mexico,127081.15,2016-02-13,1972-09-28
UX Designer,Switzerland,83649.89,2017-03-31,1981-05-23
Junior Developer,South Africa,50788.50,2017-06-07,1999-07-16
Machine Learning Engineer,Canada,107125.90,2020-10-19,1976-03-26
Finance Manager,Norway,119130.01,2019-11-12,1985-06-26
Accountant,France,73220.20,2016-03-30,1997-04-14
Software Engineer,USA,63291.67,2023-10-28,1989-11-27
Scrum Master,New Zealand,89850.57,2017-07-02,1988-06-13
Financial Analyst,France,96283.22,2019-08-24,1984-02-27
Full Stack Developer,Singapore,76899.59,2020-03-23,1992-04-17
Network Engineer,Denmark,97823.80,2022-10-06,1974-02-23
Sales Manager,India,112214.04,2018-04-06,1978-03-28
Operations Manager,USA,85602.23,2024-07-08,1985-03-10
Database Administrator,Australia,96788.09,2019-05-01,1981-07-06
System Administrator,Australia,63836.59,2015-12-01,1983-05-19
Backend Developer,South Africa,68502.54,2019-11-01,1985-09-14
Graphic Designer,Singapore,57521.78,2016-02-16,1994-06-14
VP of Engineering,Australia,152582.43,2019-10-25,1983-07-08
Junior Developer,Mexico,51622.73,2024-04-06,1989-10-04
Senior Software Engineer,Ireland,128303.06,2015-02-14,1995-06-28
Product Manager,Sweden,110348.85,2018-07-29,1999-10-24
IT Specialist,Australia,67904.21,2018-01-21,1985-10-30
Backend Developer,India,76357.16,2017-09-14,1973-12-08
Full Stack Developer,Brazil,83800.06,2017-07-16,1996-09-10
Frontend Developer,Brazil,86383.92,2020-01-29,1987-07-16
Support Engineer,Japan,72195.69,2022-08-25,1972-11-10
Product Manager,Denmark,97888.89,2015-03-23,1981-05-28
Project Manager,Germany,116117.04,2020-06-05,1995-09-25
Sales Manager,Switzerland,93633.93,2023-06-09,1997-08-07
Database Administrator,Norway,85862.42,2022-06-29,1970-10-20
Compliance Officer,Sweden,104136.01,2023-11-24,1972-12-29
IT Specialist,Denmark,66073.32,2022-10-14,1999-07-29
System Administrator,Canada,58020.89,2024-04-27,1981-11-14
Machine Learning Engineer,Ireland,132024.20,2017-08-28,1971-04-05
Cloud Architect,Australia,134401.41,2019-04-16,1996-05-09
CTO,UK,268347.48,2020-04-07,1970-12-18
UI Designer,Japan,89232.84,2015-11-17,1985-01-06
Frontend Developer,Sweden,97281.07,2016-06-04,1983-08-13
Frontend Developer,Singapore,92712.05,2020-08-02,1998-12-05
Network Engineer,Ireland,84519.67,2022-11-10,1983-06-28
Product Manager,Denmark,103985.98,2017-11-29,1983-12-18
HR Manager,Singapore,82709.35,2020-06-04,1995-08-20
Software Engineer,New Zealand,88997.19,2015-01-17,1988-12-18
Junior Developer,Japan,48375.92,2019-09-07,1977-08-16
Finance Manager,UAE,112132.32,2021-10-16,1999-02-13
Senior Software Engineer,India,130529.23,2023-06-11,1986-10-13
Legal Counsel,Japan,138478.46,2024-07-31,1976-06-28
DevOps Engineer,Germany,99990.97,2019-03-16,1974-11-30
UI Designer,Switzerland,80798.03,2017-09-07,1988-11-19
Content Writer,Netherlands,63272.69,2024-01-09,1985-09-02
Junior Developer,New Zealand,63398.57,2015-11-16,1981-01-16
Business Analyst,Canada,70936.04,2016-12-14,1994-09-30
Accountant,Sweden,55208.58,2016-03-18,1997-08-03
Engineering Manager,Denmark,138513.35,2020-02-01,1990-06-28
Accountant,Singapore,62506.88,2023-11-08,1979-09-27
Data Analyst,Sweden,79676.18,2020-12-05,1996-02-10
Finance Manager,Germany,106862.92,2024-02-22,2000-03-10
Full Stack Developer,UK,96395.83,2023-08-04,1972-02-28
Graphic Designer,Singapore,48631.96,2021-09-02,1990-07-10
Operations Manager,South Africa,92462.33,2018-05-24,1988-02-10
Machine Learning Engineer,UK,141467.19,2024-08-08,1987-07-06
Accountant,New Zealand,76806.40,2015-01-02,1988-01-18
VP of Engineering,Germany,150238.14,2022-06-08,1991-10-21
QA Engineer,Sweden,60110.71,2022-09-16,1985-12-30
Legal Counsel,Brazil,131627.47,2019-05-08,1976-10-22
Marketing Manager,Denmark,77613.41,2021-12-21,1981-07-08
Software Engineer,USA,66694.86,2023-08-19,1998-11-25
Software Engineer,Singapore,65422.29,2020-01-22,1983-05-07
Support Engineer,Mexico,60596.65,2016-07-29,1978-02-25
Business Analyst,Australia,73488.56,2021-08-30,1970-08-20
Product Manager,Ireland,120634.26,2019-10-12,1980-10-17
UI Designer,Germany,65018.24,2020-01-03,1974-08-28
System Administrator,South Africa,88063.01,2016-07-30,1984-05-22
Database Administrator,New Zealand,90195.54,2024-07-30,1991-07-27
Engineering Manager,South Africa,159867.31,2015-08-04,1996-06-06
Operations Manager,Ireland,83312.87,2018-01-22,1996-08-19
Frontend Developer,Norway,70233.25,2015-12-31,1992-02-25
UX Designer,Norway,69915.24,2021-03-21,1970-05-29
Operations Manager,Ireland,102517.23,2019-10-28,1988-02-21
DevOps Engineer,New Zealand,95510.49,2016-11-26,1985-07-28
Product Manager,Switzerland,136335.62,2021-11-15,1995-01-02
Data Analyst,Denmark,75147.38,2017-03-11,1972-12-12
QA Engineer,Norway,65547.17,2015-09-24,1974-08-06
Database Administrator,New Zealand,97540.66,2021-11-27,1975-11-16
Finance Manager,Sweden,124182.99,2023-06-24,1982-06-12
Data Analyst,Brazil,76995.03,2016-03-09,1986-07-17
Software Engineer,Japan,87045.61,2022-03-26,1972-08-14
IT Specialist,Singapore,80988.14,2019-03-25,1991-03-18
Scrum Master,Brazil,86874.40,2024-12-19,1989-08-19
VP of Engineering,Norway,175745.37,2019-12-23,1994-09-14
Frontend Developer,Singapore,96104.62,2021-03-10,1980-06-27
Operations Manager,New Zealand,95132.71,2024-12-05,1989-07-16
CTO,Japan,186175.89,2022-02-04,1980-01-14
Machine Learning Engineer,UK,144760.57,2020-01-27,1984-09-06
Database Administrator,Netherlands,87653.08,2018-07-08,1971-11-30
Data Scientist,Singapore,106279.58,2023-05-03,2000-04-22
HR Manager,India,71017.31,2022-09-25,1997-12-27
Marketing Manager,Canada,70529.77,2021-04-05,1988-11-28
Engineering Manager,Ireland,119381.25,2019-04-27,1992-12-12
VP of Engineering,Australia,155027.47,2022-09-28,1972-03-10
Data Analyst,Switzerland,68695.21,2017-11-22,1974-08-14
Database Administrator,France,72193.27,2020-07-05,1995-07-08
UI Designer,South Africa,61141.67,2017-11-24,1976-03-28
System Administrator,India,78238.57,2015-02-28,1976-07-24
UI Designer,Brazil,82980.13,2024-12-18,1990-08-12
Graphic Designer,Ireland,51356.74,2023-09-27,1975-05-17
HR Manager,South Africa,83532.43,2024-11-27,1988-10-08
Legal Counsel,Germany,96319.21,2016-04-24,1988-08-15
Sales Manager,New Zealand,110235.71,2021-10-24,1977-09-07
Graphic Designer,Brazil,49543.38,2024-03-15,1979-04-04
Finance Manager,UK,106143.80,2016-08-12,1997-03-29
Junior Developer,Switzerland,56282.55,2022-02-27,1998-12-26
Operations Manager,France,84753.71,2019-01-29,1980-04-08
QA Engineer,Singapore,81352.06,2018-11-12,1986-01-24
Scrum Master,UAE,79388.10,2017-10-07,1978-01-31
Security Analyst,Netherlands,95122.06,2024-11-01,1988-10-26
VP of Engineering,Norway,200470.07,2016-05-09,1970-01-21
System Administrator,Ireland,70363.82,2020-01-30,1973-10-22
IT Specialist,India,68032.52,2018-10-03,1990-09-07
Junior Developer,Canada,60360.17,2018-08-29,1998-03-24
Engineering Manager,Australia,164691.25,2023-12-18,1990-01-26
Operations Manager,Singapore,106739.70,2015-01-05,1977-10-11
Backend Developer,Norway,99396.76,2017-12-02,1988-09-09
Graphic Designer,Japan,62419.02,2019-05-21,1985-05-26
Business Analyst,Japan,89558.33,2024-05-25,1985-01-23
Financial Analyst,Sweden,91681.07,2016-02-26,1992-08-25
Data Scientist,Ireland,106871.42,2019-11-15,1973-01-08
Technical Writer,Netherlands,68390.47,2016-04-04,1979-02-25
Customer Success Manager,South Africa,89723.39,2018-04-23,1975-09-15
UX Designer,Mexico,95102.53,2022-12-01,1989-06-30
Senior Software Engineer,South Africa,119178.49,2017-08-16,1974-06-04
Frontend Developer,Canada,66041.94,2021-01-26,1978-07-09
Content Writer,UK,54379.45,2024-06-25,1985-01-18
IT Specialist,Mexico,63054.59,2023-03-23,1999-05-31
IT Specialist,South Africa,73317.25,2018-01-18,1981-08-30
Support Engineer,Denmark,73620.96,2015-07-20,1976-02-16
Database Administrator,UAE,72043.89,2017-07-17,1990-04-18
System Administrator,Australia,72114.43,2021-10-05,1970-03-31
CTO,Australia,243720.63,2024-10-15,1973-09-09
System Administrator,Netherlands,72321.66,2020-03-23,2000-02-15
Junior Developer,USA,69704.74,2016-05-29,1994-09-16
Cloud Architect,New Zealand,149755.20,2024-06-24,1975-09-29
VP of Engineering,India,202518.59,2019-03-31,1979-08-05
Customer Success Manager,South Africa,79115.02,2020-05-06,1979-01-27
Product Manager,Brazil,117754.85,2018-10-09,1998-12-25
UX Designer,Ireland,93372.67,2018-02-26,1975-12-13
CTO,Singapore,240353.84,2018-11-16,1998-11-15
Engineering Manager,Norway,162599.22,2019-12-08,1998-02-28
Engineering Manager,India,164589.49,2019-09-09,1972-07-30
Backend Developer,Brazil,78213.36,2024-03-06,1972-04-24
Content Writer,Netherlands,50108.44,2021-08-09,1977-06-13
Cloud Architect,Canada,125361.53,2022-02-02,1984-07-19
Product Manager,UAE,114152.69,2015-08-24,2000-09-07
Engineering Manager,USA,140083.76,2021-07-11,1979-12-29
Marketing Manager,Australia,100530.26,2018-04-20,1971-12-07
Operations Manager,Australia,76269.94,2015-12-31,1982-05-10
Financial Analyst,New Zealand,67647.48,2017-11-22,1987-11-26
Database Administrator,Japan,69320.48,2016-06-14,1991-02-17
Technical Writer,Netherlands,76394.95,2018-12-28,1983-11-09
HR Manager,Netherlands,92196.27,2022-05-27,1970-10-07
Support Engineer,USA,76228.86,2023-06-09,1990-04-30
Scrum Master,France,91928.22,2015-09-11,1974-03-19
UX Designer,New Zealand,88874.92,2021-11-30,1994-06-05
Support Engineer,Germany,60246.30,2018-12-15,1986-09-12
Software Engineer,Sweden,70584.25,2019-05-26,1979-11-15
Cloud Architect,UK,154908.34,2017-03-16,1980-06-05
Marketing Manager,Denmark,92183.13,2019-08-01,1975-01-29
VP of Engineering,South Africa,187380.82,2022-08-05,1973-06-24
Compliance Officer,Germany,82576.46,2023-03-15,1985-04-04
Sales Manager,Japan,79581.41,2015-08-19,1988-02-08
Product Manager,Japan,107539.39,2017-06-12,1983-03-27
HR Manager,New Zealand,99048.07,2020-09-17,1992-09-30
Machine Learning Engineer,Mexico,146776.82,2018-09-14,1979-11-13
Finance Manager,South Africa,117763.96,2022-04-01,1984-07-10
Customer Success Manager,France,82923.18,2018-08-12,1988-08-08
Support Engineer,UK,53162.01,2016-10-19,1977-12-21
Junior Developer,Canada,55070.37,2020-09-08,1994-12-03
Engineering Manager,Australia,142433.05,2023-06-23,1990-09-01
UI Designer,UK,60396.60,2020-11-11,1985-03-25
System Administrator,France,63733.58,2017-02-01,1978-09-03
Database Administrator,Denmark,69731.02,2017-02-16,2000-10-16
Legal Counsel,India,93499.27,2016-04-19,1974-10-11
Operations Manager,Sweden,79769.36,2017-05-10,1992-11-01
Engineering Manager,Denmark,145819.50,2016-08-31,1981-08-08
Backend Developer,Germany,85029.32,2021-12-05,1994-05-10
Software Engineer,Denmark,89279.22,2021-12-13,1980-08-15
Software Engineer,Sweden,85816.11,2019-10-18,1980-08-31
Security Analyst,Denmark,102657.05,2020-06-14,1986-12-27
Financial Analyst,USA,95567.41,2020-09-27,1982-11-27
Product Manager,UAE,142526.99,2017-06-04,1995-03-30
Technical Writer,South Africa,57158.88,2024-03-24,1976-10-04
Financial Analyst,UK,77376.40,2024-08-22,1974-12-20
Business Analyst,Brazil,87121.27,2018-06-18,1985-06-17
Graphic Designer,Japan,65044.51,2017-04-10,1976-09-25
Engineering Manager,Mexico,124458.18,2019-01-10,1996-04-30
System Administrator,Ireland,71940.85,2021-01-03,1988-08-12
Frontend Developer,Norway,96363.54,2022-11-04,1981-05-14
Accountant,Brazil,60784.38,2022-08-30,1986-04-28
Engineering Manager,Norway,124764.21,2022-07-12,1993-05-14
Project Manager,UAE,112364.78,2019-02-03,1990-12-10
Business Analyst,UAE,90108.93,2021-12-04,1972-10-31
Network Engineer,Netherlands,85293.07,2021-06-29,1986-12-19
Security Analyst,Mexico,78800.69,2016-03-18,1987-03-24
Senior Software Engineer,South Africa,123687.50,2024-10-09,1978-09-16
Junior Developer,Brazil,64372.50,2021-10-20,1999-02-18
Network Engineer,Japan,65430.92,2020-03-12,1997-06-07
Product Manager,UK,113113.15,2024-11-21,1979-05-22
Graphic Designer,Norway,50500.50,2023-09-11,1972-02-12
Compliance Officer,India,103628.98,2020-03-24,1979-04-23
Backend Developer,Germany,79128.65,2019-08-04,1975-12-13
Scrum Master,Denmark,85139.63,2017-10-09,1977-03-22
Operations Manager,Norway,76514.94,2020-09-29,1974-04-24
Full Stack Developer,Germany,75645.94,2019-01-22,1989-06-21
CTO,Brazil,271284.92,2020-09-27,1994-10-07
Content Writer,Australia,56325.53,2019-05-24,1993-01-13
Finance Manager,UK,121438.26,2022-11-21,1972-01-30
Data Scientist,Germany,95546.96,2023-12-25,1990-12-02
VP of Engineering,Norway,216633.52,2022-05-17,1970-02-21
Product Manager,Denmark,120370.71,2021-06-15,1974-04-17
UI Designer,UAE,81179.36,2016-08-29,1992-12-17
Technical Writer,South Africa,59338.22,2016-08-03,1976-12-29
Legal Counsel,Switzerland,145417.90,2018-09-30,1973-10-03
Scrum Master,USA,86791.18,2022-12-28,1984-12-31
Engineering Manager,Brazil,148299.68,2022-04-04,1985-01-30
QA Engineer,Ireland,71507.87,2022-10-28,1991-12-14
UI Designer,Singapore,84370.87,2018-01-09,1981-10-16
Full Stack Developer,UAE,104753.00,2017-07-17,2000-03-13
Accountant,Switzerland,76812.71,2020-06-20,1973-12-06
HR Manager,Ireland,98658.34,2022-10-06,1976-01-02
Frontend Developer,Norway,63971.98,2019-07-26,1986-06-30
Compliance Officer,Japan,106682.98,2017-03-14,1974-07-04
UX Designer,Germany,74788.57,2019-09-21,1978-01-01
Marketing Manager,Denmark,71724.48,2019-07-18,1974-08-29
Finance Manager,Norway,103711.50,2016-12-24,1994-06-08
Scrum Master,Germany,77277.09,2020-08-20,1994-07-02
Finance Manager,Denmark,108821.48,2020-07-30,1978-07-18
UI Designer,Japan,61160.80,2016-02-02,1978-10-01
Machine Learning Engineer,New Zealand,112769.30,2015-11-11,1983-01-10
HR Manager,USA,81802.36,2020-03-05,1970-09-07
Product Manager,Brazil,123745.23,2024-02-10,1999-03-22
Accountant,Australia,67458.03,2016-04-19,1973-07-01
Customer Success Manager,USA,97313.03,2024-01-22,1991-01-17
Backend Developer,Netherlands,65706.46,2019-11-26,1995-10-18
Sales Manager,UK,81117.67,2019-02-28,1973-03-31
CTO,Netherlands,241512.85,2024-08-28,1996-08-05
Frontend Developer,Germany,80938.14,2017-05-19,1983-08-23
Legal Counsel,Ireland,92230.22,2022-02-21,1981-12-09
Sales Manager,Denmark,119947.45,2018-11-03,1985-05-03
Legal Counsel,Denmark,118656.83,2021-09-11,1998-03-28
Security Analyst,New Zealand,90921.81,2023-06-30,1986-05-28
Support Engineer,UK,76017.76,2018-09-25,1991-03-29
Junior Developer,Germany,55566.30,2018-11-22,1989-08-08
Full Stack Developer,France,85826.41,2017-03-10,1987-06-01
DevOps Engineer,Germany,121975.04,2021-10-16,1996-02-08
UX Designer,India,66984.70,2018-01-08,1986-11-26
Graphic Designer,France,61001.97,2019-02-21,1976-10-02
Cloud Architect,South Africa,125124.86,2024-01-18,1985-06-04
Support Engineer,UAE,52788.29,2015-07-15,1979-01-17
Data Analyst,Norway,68696.67,2019-10-07,1988-06-08
Software Engineer,South Africa,92549.61,2022-06-18,1990-03-31
Legal Counsel,Japan,130417.04,2021-05-16,1974-08-19
CTO,Australia,196395.90,2020-11-05,1974-08-06
Financial Analyst,New Zealand,75181.87,2021-11-25,1991-10-12
Junior Developer,Sweden,56063.12,2018-10-11,1975-07-06
UI Designer,Denmark,67911.24,2020-08-20,1976-02-12
Customer Success Manager,UAE,99497.35,2023-09-24,1971-12-09
HR Manager,Australia,66887.09,2022-05-16,1980-03-27
Senior Software Engineer,South Africa,124295.18,2016-06-10,1983-09-08
VP of Engineering,Denmark,181736.38,2021-10-21,1986-06-15
Project Manager,Brazil,116941.19,2017-12-15,2000-12-13
Sales Manager,Germany,108949.26,2021-01-13,1991-07-07
Finance Manager,Sweden,111035.38,2019-08-19,1982-01-15
Operations Manager,Australia,82800.44,2017-08-22,1975-06-25
Junior Developer,Norway,45250.29,2023-10-08,1998-05-09
Financial Analyst,New Zealand,96278.11,2023-12-30,1989-12-07
Junior Developer,UAE,48876.35,2015-09-08,1985-04-15
Product Manager,India,140237.60,2021-10-21,1987-01-28
Project Manager,Netherlands,93651.57,2021-06-08,1985-06-15
UX Designer,Australia,96618.92,2023-03-14,1997-10-02
Engineering Manager,India,149897.73,2020-03-06,1977-09-30
Operations Manager,Norway,82083.30,2022-11-23,1979-05-04
Network Engineer,Sweden,92863.20,2016-09-08,1970-04-06
Technical Writer,New Zealand,69471.27,2020-11-02,1972-02-15
Project Manager,Denmark,105299.66,2018-09-28,1975-11-08
QA Engineer,Netherlands,84548.43,2018-08-25,1978-04-18
Senior Software Engineer,Singapore,136787.38,2022-10-15,1983-02-15
Accountant,New Zealand,64773.13,2022-01-15,1977-12-30
Graphic Designer,UK,60409.98,2018-02-07,1975-10-16
UX Designer,India,78054.65,2016-05-12,1980-05-12
QA Engineer,South Africa,74598.30,2020-01-04,1990-03-11
Senior Software Engineer,Germany,121185.07,2021-07-05,1974-02-09
Accountant,Denmark,71488.02,2017-04-17,1988-01-20
Graphic Designer,Netherlands,70293.50,2022-11-10,1987-04-10
Data Analyst,Netherlands,76561.57,2024-05-04,1983-12-16
Customer Success Manager,Singapore,67208.88,2023-08-15,1980-03-24
Machine Learning Engineer,Mexico,104253.10,2021-11-29,1979-09-29
System Administrator,Mexico,62994.42,2018-05-10,1999-09-13
System Administrator,Sweden,59102.15,2017-06-17,1978-08-22
Finance Manager,Netherlands,99857.86,2015-12-15,1985-12-14
Finance Manager,Brazil,92835.02,2018-07-02,1973-10-16
Graphic Designer,South Africa,62881.63,2021-05-07,1996-11-19
Support Engineer,Germany,74785.38,2022-11-26,1997-12-05
Engineering Manager,France,120375.24,2016-05-01,1997-10-27
Frontend Developer,Australia,82995.87,2017-12-14,1990-04-05
IT Specialist,New Zealand,75118.63,2016-10-12,1998-02-13
Senior Software Engineer,Sweden,98732.69,2015-10-19,1977-03-03
Technical Writer,USA,78125.64,2018-12-30,1972-12-08
UX Designer,USA,75236.89,2017-10-30,1972-12-18
Technical Writer,Singapore,58364.01,2018-06-23,1973-01-30
Technical Writer,Brazil,72779.77,2023-02-06,1984-03-17
Operations Manager,France,109139.64,2024-10-16,1975-12-28
Financial Analyst,Brazil,73708.75,2024-10-20,1997-07-11
QA Engineer,Norway,75518.05,2015-05-16,1977-04-03
Technical Writer,Mexico,80372.71,2021-07-02,1989-10-28
Financial Analyst,Switzerland,75350.89,2019-07-03,1970-05-23
Security Analyst,Sweden,109688.51,2020-03-09,1997-08-11
Junior Developer,France,54195.70,2024-06-13,2000-07-29
HR Manager,USA,73215.36,2019-05-14,1995-12-12
Graphic Designer,Australia,47559.53,2016-08-25,1979-07-11
QA Engineer,New Zealand,71110.15,2018-06-29,1972-06-29
Support Engineer,Netherlands,73622.35,2016-08-07,1988-11-30
Finance Manager,Australia,101245.34,2021-03-03,1991-02-19
QA Engineer,Germany,63047.97,2019-01-17,1989-03-30
CTO,Denmark,234607.82,2020-07-18,1998-04-14
Cloud Architect,Mexico,103445.83,2017-12-07,1981-07-07
Technical Writer,New Zealand,79419.72,2015-05-16,1975-08-22
IT Specialist,India,79934.66,2018-06-20,1972-02-17
Technical Writer,Japan,72219.68,2015-04-03,1998-06-16
Graphic Designer,Germany,67093.37,2023-09-22,1975-03-26
Accountant,Singapore,58087.89,2019-02-24,1974-03-11
Senior Software Engineer,USA,111425.17,2016-10-12,1992-05-15
Business Analyst,Australia,73992.41,2023-05-08,1981-01-06
Business Analyst,Brazil,94544.65,2022-07-06,1973-05-16
Senior Software Engineer,Brazil,131791.84,2022-10-04,1971-10-20
CTO,Brazil,204218.19,2020-06-09,1973-06-28
Support Engineer,Japan,75268.12,2022-02-20,1971-10-20
Machine Learning Engineer,South Africa,114771.17,2022-09-30,1997-06-24
Machine Learning Engineer,Norway,130118.88,2020-03-20,1975-02-23
Data Analyst,Ireland,67792.67,2023-11-11,1971-05-21
UI Designer,Netherlands,60597.38,2015-03-22,2000-07-19
Full Stack Developer,Switzerland,103263.17,2017-04-03,1981-10-09
Scrum Master,New Zealand,86766.36,2019-02-17,1987-08-08
Customer Success Manager,New Zealand,73540.31,2017-10-27,1971-08-11
Operations Manager,USA,94713.51,2020-03-06,1972-02-27
Backend Developer,Japan,66547.70,2019-11-01,1984-11-15
Compliance Officer,Canada,109980.14,2019-04-07,1978-05-05
Accountant,Canada,64994.04,2024-02-15,1999-01-30
UX Designer,South Africa,83590.95,2023-12-21,1972-02-07
Senior Software Engineer,Sweden,91567.44,2024-02-18,1983-12-19
Finance Manager,Denmark,111147.57,2017-08-06,1996-04-05
Accountant,Denmark,71952.37,2015-07-24,1985-04-09
QA Engineer,UK,58467.09,2020-01-29,1987-05-13
System Administrator,Mexico,82634.04,2023-11-08,1988-09-24
Full Stack Developer,Switzerland,73799.59,2022-05-22,1993-12-28
Backend Developer,South Africa,100152.55,2024-11-19,1987-12-19
Accountant,Japan,73808.00,2019-12-14,1985-07-16
Cloud Architect,UAE,145953.07,2021-05-25,1973-12-28
Support Engineer,New Zealand,79741.30,2024-02-08,1970-12-08
Software Engineer,Netherlands,84731.47,2021-10-24,1978-12-25
Graphic Designer,Norway,45070.94,2020-06-23,1994-08-06
Database Administrator,UAE,71753.11,2018-08-05,1996-10-15
Network Engineer,Brazil,73276.68,2015-11-12,1986-01-27
Network Engineer,UAE,93216.47,2022-06-25,1979-06-12
System Administrator,Ireland,68116.59,2022-03-25,1991-03-08
Technical Writer,India,67618.47,2015-01-02,2000-10-03
IT Specialist,Japan,67615.73,2021-07-15,1998-05-23
Frontend Developer,Singapore,60735.46,2015-04-26,1978-02-23
Support Engineer,Norway,51462.83,2019-06-07,1976-01-29
Compliance Officer,Singapore,87495.30,2022-11-23,1990-08-10
Cloud Architect,South Africa,101859.66,2022-05-09,1993-09-29
Content Writer,Sweden,62166.39,2018-12-19,1980-04-27
Data Analyst,Netherlands,78701.23,2023-08-06,1995-09-26
Customer Success Manager,France,99614.43,2024-02-29,1978-03-12
DevOps Engineer,Germany,121336.91,2016-02-08,1996-12-07
Finance Manager,Germany,99709.41,2021-12-20,1970-05-14
Business Analyst,Ireland,60249.71,2024-07-17,1977-06-21
QA Engineer,UK,83078.35,2018-03-04,1985-04-11
Product Manager,Germany,99150.96,2015-04-05,1979-08-15
UI Designer,Japan,66095.23,2020-06-20,1978-02-19
Frontend Developer,Denmark,98870.19,2016-11-25,1983-10-18
UI Designer,Ireland,61909.55,2024-04-08,1982-01-06
Software Engineer,Brazil,79846.64,2023-12-21,1993-09-20
Compliance Officer,Mexico,78090.47,2017-07-24,1994-05-24
Operations Manager,Denmark,90509.53,2018-02-22,1994-06-03
CTO,New Zealand,207632.76,2024-01-10,1970-12-31
IT Specialist,New Zealand,77815.99,2019-07-30,1992-01-22
Scrum Master,India,88951.27,2016-02-25,1988-05-10
Cloud Architect,India,156212.68,2019-01-25,1996-11-06
Accountant,South Africa,56933.08,2023-02-23,1989-07-18
Network Engineer,Germany,78269.91,2015-06-21,1986-01-04
VP of Engineering,Netherlands,170498.45,2018-01-18,1990-10-03
Cloud Architect,Ireland,154248.34,2016-04-29,1991-03-23
Senior Software Engineer,Singapore,137671.76,2022-12-26,1987-11-23
QA Engineer,Brazil,60709.04,2023-04-21,1984-02-09
Network Engineer,Switzerland,65273.06,2015-09-14,1983-12-28
Compliance Officer,Switzerland,94014.35,2020-08-06,1979-07-28
Project Manager,Singapore,107643.91,2015-07-24,1995-08-26
Frontend Developer,Germany,64843.04,2020-10-03,1985-10-24
Project Manager,South Africa,111758.01,2016-09-18,1996-09-27
Business Analyst,Singapore,70328.61,2021-04-27,1977-05-14
CTO,USA,226511.05,2016-09-12,1994-11-09
Security Analyst,Sweden,108231.22,2016-07-23,1995-06-05
Senior Software Engineer,South Africa,92310.06,2015-08-04,1974-06-27
Data Analyst,India,81684.34,2021-08-03,1981-07-01
VP of Engineering,Denmark,192260.63,2016-08-10,1989-01-02
Marketing Manager,Ireland,95473.59,2024-03-24,1980-08-03
Support Engineer,Brazil,60859.36,2018-07-25,1973-04-09
IT Specialist,France,71622.39,2015-12-27,1977-06-15
Finance Manager,USA,111910.75,2023-06-28,1999-06-08
UX Designer,UK,93390.06,2022-11-07,1983-04-03
Senior Software Engineer,Australia,90283.98,2017-05-12,1985-05-13
HR Manager,USA,94051.60,2021-12-07,2000-09-02
Security Analyst,Netherlands,111624.42,2015-04-27,1980-08-10
System Administrator,Netherlands,69457.43,2015-01-18,1981-08-17
Backend Developer,Switzerland,82639.04,2017-01-04,1990-05-07
IT Specialist,Norway,79257.82,2021-07-24,1981-09-26
Financial Analyst,India,87319.07,2022-09-20,1996-02-08
Compliance Officer,Canada,81291.91,2018-12-28,2000-07-10
UX Designer,Netherlands,81687.83,2015-07-03,1972-12-14
Database Administrator,Norway,72904.09,2015-09-20,1973-06-02
Software Engineer,Sweden,80933.53,2023-10-13,1988-03-22
Sales Manager,UK,78916.27,2023-04-04,1971-07-13
Scrum Master,UAE,102992.12,2016-01-19,1992-11-05
Security Analyst,Australia,85738.40,2018-05-29,1981-11-26
Legal Counsel,Denmark,100927.14,2019-12-13,2000-06-17
Cloud Architect,Netherlands,106565.64,2017-11-17,1990-11-18
Engineering Manager,Netherlands,149129.61,2022-07-25,1994-05-30
Product Manager,Mexico,91547.19,2024-04-18,2000-07-14
Customer Success Manager,South Africa,89658.43,2024-06-26,1975-05-29
Technical Writer,Denmark,79188.58,2019-12-31,1995-01-12
Engineering Manager,Ireland,168358.54,2016-12-23,1977-02-03
Project Manager,USA,111335.32,2021-12-01,1976-07-03
Full Stack Developer,Brazil,85054.89,2021-06-01,1977-04-30
DevOps Engineer,Denmark,124741.14,2015-08-13,1979-07-30
Backend Developer,UK,67172.90,2022-12-11,1998-11-03
UI Designer,USA,74497.46,2018-11-24,1981-12-16
Compliance Officer,Denmark,104699.64,2019-02-25,2000-06-17
Data Analyst,India,55759.57,2018-08-11,1982-02-27
Finance Manager,Canada,98268.37,2016-06-02,1998-06-16
Graphic Designer,Mexico,50028.29,2017-09-12,1995-09-14
Technical Writer,France,60798.09,2020-05-26,1982-12-28
Software Engineer,France,90926.73,2020-08-26,1982-06-28
HR Manager,New Zealand,80410.51,2017-02-08,1990-05-15
HR Manager,Singapore,75064.20,2022-10-14,1999-12-13
Engineering Manager,France,149857.56,2021-12-06,1983-07-21
Product Manager,Brazil,121898.71,2015-04-25,1994-01-14
Data Analyst,UAE,67852.29,2017-10-31,1983-08-17
Financial Analyst,New Zealand,67990.75,2021-11-16,1993-07-24
Legal Counsel,India,110227.86,2020-07-18,1985-12-05
Network Engineer,Australia,70290.56,2018-11-13,1999-10-28
Full Stack Developer,New Zealand,98534.18,2020-05-20,1987-09-21
Data Scientist,Sweden,123187.16,2022-11-16,1997-10-12
HR Manager,Germany,86841.57,2023-08-20,1983-12-04
Scrum Master,Norway,96634.80,2018-04-14,1983-07-07
Network Engineer,New Zealand,94257.66,2018-07-07,1984-09-27
DevOps Engineer,UK,111234.42,2019-03-24,1973-08-09
Technical Writer,Brazil,75330.69,2021-02-06,1981-10-10
Frontend Developer,UAE,73915.03,2018-03-05,1977-12-11
Financial Analyst,Mexico,78781.78,2018-03-07,1975-04-19
Software Engineer,Ireland,64270.78,2016-07-12,1998-03-25
Database Administrator,South Africa,83442.32,2024-03-31,1986-07-04
UX Designer,Ireland,102755.12,2019-04-15,1990-10-16
Junior Developer,Mexico,58065.98,2017-08-07,1976-04-20
Data Analyst,New Zealand,79609.92,2017-03-12,1997-11-03
Graphic Designer,Switzerland,70318.74,2017-05-13,1996-04-21
Full Stack Developer,Japan,90964.30,2024-03-26,1974-03-05
Security Analyst,Mexico,111324.61,2017-10-03,1981-07-08
DevOps Engineer,Sweden,85190.57,2023-09-17,1975-12-11
Finance Manager,Brazil,121705.23,2024-07-17,1987-01-08
CTO,Switzerland,235383.81,2022-02-12,1972-06-27
Junior Developer,Brazil,51231.86,2021-04-04,1991-07-08
UX Designer,Ireland,84094.03,2021-02-06,1972-11-18
Full Stack Developer,Switzerland,74235.59,2024-12-31,1979-11-04
QA Engineer,Mexico,80973.08,2018-06-13,1979-02-08
Senior Software Engineer,Mexico,95666.29,2024-12-01,1995-12-27
Technical Writer,India,57000.74,2023-03-11,1973-10-29
Compliance Officer,Brazil,81499.28,2024-09-19,1982-02-07
Junior Developer,Brazil,51577.36,2019-08-25,1980-07-05
Legal Counsel,Netherlands,99432.84,2018-11-04,1994-01-01
Backend Developer,UAE,93068.75,2015-09-29,1975-10-26
UI Designer,Australia,77526.29,2021-05-26,1989-10-08
Cloud Architect,Switzerland,159640.04,2015-06-22,1988-02-02
Accountant,UK,76605.09,2017-04-28,1982-08-20
DevOps Engineer,New Zealand,123476.89,2022-12-30,1999-09-30
Legal Counsel,Canada,116376.03,2018-04-06,1987-10-16
Cloud Architect,Japan,104461.78,2021-04-18,1975-03-04
Security Analyst,Norway,105275.77,2017-03-29,1975-12-08
Finance Manager,Mexico,94175.11,2023-11-18,1979-06-29
Customer Success Manager,Japan,67602.43,2015-08-06,1996-12-18
System Administrator,UK,80937.52,2021-04-09,1985-10-09
VP of Engineering,Denmark,212699.12,2016-07-18,1984-06-20
CTO,Netherlands,268477.96,2018-04-21,1981-11-03
Legal Counsel,Ireland,105821.87,2016-01-01,1986-06-17
Business Analyst,Mexico,80067.75,2017-05-03,1998-08-06
Senior Software Engineer,Germany,136102.84,2015-06-18,1976-08-10
Senior Software Engineer,Brazil,124119.66,2016-04-26,1985-01-11
UI Designer,Australia,74080.05,2019-09-26,1995-08-14
DevOps Engineer,Mexico,94452.94,2023-11-29,1975-01-06
Legal Counsel,Australia,144281.78,2015-07-20,1979-05-01
Technical Writer,USA,64524.37,2019-07-20,1989-10-21
Network Engineer,New Zealand,66872.67,2022-06-03,1977-10-02
Financial Analyst,Norway,77315.93,2023-08-24,1970-06-21
Support Engineer,Norway,72208.30,2023-11-10,1988-07-15
System Administrator,Germany,55172.01,2017-11-09,1991-01-08
UI Designer,UK,68895.82,2022-06-02,1989-10-19
Engineering Manager,UAE,163566.85,2024-08-14,1998-08-23
Frontend Developer,Brazil,85981.16,2023-04-17,1999-12-06
Backend Developer,Canada,96801.86,2017-12-13,1979-10-08
Finance Manager,UK,126991.28,2024-01-09,1972-09-14
Compliance Officer,Ireland,91132.68,2021-07-10,1997-10-27
Software Engineer,Germany,91722.47,2015-06-18,2000-05-04
Operations Manager,UK,93460.26,2017-04-04,1990-09-03
Network Engineer,Japan,78543.34,2019-02-08,1995-03-12
Data Analyst,Mexico,62220.37,2022-03-01,1971-03-09
Security Analyst,Sweden,114457.72,2023-05-07,1980-10-26
HR Manager,Japan,68967.43,2021-05-07,1997-06-07
Data Analyst,Japan,78523.61,2017-09-22,1997-06-12
Cloud Architect,Brazil,127116.09,2024-10-21,1979-08-05
Graphic Designer,Australia,60967.73,2018-04-05,1981-06-15
Accountant,USA,75712.56,2016-05-01,1987-12-17
Accountant,France,69940.00,2020-06-10,1995-02-02
Machine Learning Engineer,USA,123729.11,2022-08-28,1987-09-22
Software Engineer,Australia,88988.79,2020-06-05,1977-03-21
Customer Success Manager,Sweden,68074.68,2023-04-17,1972-04-13
Junior Developer,UAE,49058.32,2024-11-30,1991-06-25
Legal Counsel,Ireland,146251.40,2022-01-05,1985-06-01
Machine Learning Engineer,Singapore,148064.54,2017-03-07,1979-07-08
Senior Software Engineer,New Zealand,113506.43,2017-04-15,1995-04-06
Project Manager,France,95227.23,2018-03-12,1975-03-12
IT Specialist,India,83650.55,2023-01-21,1996-11-20
Data Analyst,Norway,69766.17,2022-09-16,1973-11-29
UI Designer,Denmark,60427.54,2022-04-22,1999-07-29
Full Stack Developer,Australia,72546.05,2017-08-15,1998-09-26
System Administrator,Japan,57233.88,2023-06-03,1996-02-12
Finance Manager,USA,119856.72,2022-12-12,1978-07-15
Database Administrator,France,87748.59,2022-01-26,1994-08-17
Scrum Master,Mexico,100754.15,2015-06-23,1977-02-04
Engineering Manager,Netherlands,129031.54,2023-07-03,1993-03-11
Engineering Manager,Germany,161347.27,2022-11-21,2000-09-07
QA Engineer,UK,78434.39,2024-05-10,1995-04-27
Business Analyst,Germany,85297.94,2020-02-03,1973-10-05
Security Analyst,Japan,106932.34,2016-03-30,1992-11-18
HR Manager,Japan,95560.20,2021-02-18,1979-06-16
System Administrator,India,74353.44,2023-01-26,1984-05-17
Scrum Master,Germany,108574.36,2024-03-03,1970-08-04
Financial Analyst,Switzerland,94813.01,2016-09-14,1989-11-05
Legal Counsel,France,94507.24,2024-04-30,1980-08-06
Content Writer,South Africa,50528.64,2016-02-14,1997-12-02
Software Engineer,Netherlands,69805.59,2022-01-06,1992-06-11
Frontend Developer,Japan,70849.38,2024-07-16,1983-08-11
System Administrator,India,79097.50,2020-12-16,1993-11-15
Software Engineer,Switzerland,70603.49,2016-10-15,1998-08-24
VP of Engineering,Singapore,196255.47,2016-01-12,1984-06-09
DevOps Engineer,UK,124402.70,2023-12-25,1985-03-29
CTO,Germany,186971.69,2019-04-18,1970-06-28
Cloud Architect,UK,107326.28,2022-07-09,1986-04-18
Sales Manager,Denmark,114534.05,2015-03-11,1971-08-27
QA Engineer,USA,69190.80,2024-12-02,1987-07-20
Finance Manager,Mexico,124494.26,2019-11-12,1992-11-07
Security Analyst,Germany,104649.52,2022-06-17,1975-05-04
Senior Software Engineer,Mexico,137131.44,2017-02-10,1985-07-05
Network Engineer,Sweden,70057.29,2021-05-19,1974-03-19
Frontend Developer,Switzerland,96382.95,2016-11-06,2000-09-17
DevOps Engineer,Brazil,103767.62,2017-06-19,1973-11-20
Product Manager,Switzerland,96981.12,2015-10-02,1981-11-22
UI Designer,Switzerland,93331.61,2020-12-03,1988-08-05
Sales Manager,USA,77810.12,2019-03-21,1975-12-21
Project Manager,India,97017.15,2020-03-04,1990-08-30
Software Engineer,Japan,94747.63,2022-02-13,1992-07-12
System Administrator,Sweden,65284.83,2022-06-20,1984-12-19
Customer Success Manager,Ireland,90982.03,2020-11-04,1987-09-25
Engineering Manager,Singapore,157795.67,2016-04-09,1998-06-20
Support Engineer,UK,62681.88,2022-07-28,1988-04-03
UX Designer,Australia,85448.53,2015-12-14,1977-03-23
Accountant,Netherlands,62009.94,2022-06-02,1973-03-15
Full Stack Developer,Australia,78972.63,2024-01-13,1991-01-22
Project Manager,Brazil,112267.76,2024-03-29,1987-08-13
IT Specialist,Japan,83242.24,2015-04-22,1977-04-09
HR Manager,South Africa,93313.21,2021-02-06,2000-04-10
UX Designer,India,68911.86,2023-12-31,1990-09-23
Software Engineer,UK,84559.26,2015-09-06,1977-12-12
Machine Learning Engineer,Denmark,128735.99,2016-09-23,1983-11-24
VP of Engineering,Ireland,166664.62,2024-10-03,1980-04-27
Project Manager,UK,116774.00,2017-08-22,1992-09-02
HR Manager,Canada,79789.93,2021-01-27,1975-07-11
Business Analyst,France,71151.07,2021-03-31,1983-09-07
Machine Learning Engineer,Japan,98554.63,2017-09-14,1982-01-27
CTO,Netherlands,255356.51,2024-12-13,1986-04-07
Junior Developer,Singapore,52165.61,2019-06-23,1988-05-15
Marketing Manager,Norway,80284.82,2021-06-22,1985-09-28
Marketing Manager,Mexico,77533.00,2022-08-16,1973-09-26
Product Manager,Sweden,140898.75,2020-05-18,1982-01-17
Operations Manager,UK,78941.98,2015-01-26,1996-08-03
Scrum Master,France,90160.43,2023-08-22,1997-01-10
Technical Writer,France,80985.85,2022-07-30,1990-04-17
Frontend Developer,Ireland,83219.53,2016-07-29,1985-05-20
Compliance Officer,Ireland,87578.93,2023-12-12,1979-02-18
UX Designer,South Africa,82205.93,2024-06-03,1999-03-02
Sales Manager,Germany,110060.77,2022-07-07,1971-07-28
Engineering Manager,New Zealand,148734.45,2023-11-23,1973-02-15
Senior Software Engineer,South Africa,104399.63,2018-12-28,1983-04-13
Project Manager,Denmark,83845.14,2020-01-17,1981-08-24
Accountant,South Africa,76449.53,2021-10-26,1987-04-08
Engineering Manager,UK,138548.30,2024-11-24,1979-07-13
Technical Writer,Germany,84982.32,2018-07-20,1980-12-13
Compliance Officer,Sweden,101130.57,2017-09-09,1994-05-29
DevOps Engineer,Netherlands,121910.68,2023-10-10,1981-09-26
Data Analyst,Japan,77465.12,2019-01-05,1984-06-02
Marketing Manager,Australia,81624.03,2019-09-29,1984-07-19
Support Engineer,Canada,62758.76,2018-06-22,1982-09-26
UX Designer,Canada,100391.92,2018-01-12,1984-12-19
Content Writer,Australia,46052.49,2022-05-24,1970-02-24
Project Manager,India,84207.45,2015-09-19,1974-01-02
Legal Counsel,Germany,131015.77,2015-10-12,1975-08-12
Sales Manager,Ireland,117591.56,2021-10-17,1999-05-27
Engineering Manager,UK,142599.31,2022-05-08,1976-05-20
Accountant,France,75434.89,2022-08-23,1976-04-09
Finance Manager,Norway,87048.09,2017-02-14,1973-04-17
DevOps Engineer,UK,101758.88,2018-11-29,1997-09-06
Database Administrator,Netherlands,79988.24,2018-04-10,2000-10-21
Machine Learning Engineer,USA,140958.58,2023-10-02,1993-05-19
Product Manager,UK,131217.54,2020-01-23,1999-01-10
Operations Manager,Japan,93114.76,2022-10-13,1992-07-21
Junior Developer,Switzerland,54393.52,2017-01-27,1983-04-27
HR Manager,Japan,68901.66,2020-11-13,1995-02-11
Accountant,Denmark,74021.85,2019-05-20,1974-06-29
UI Designer,USA,78441.08,2017-10-16,1979-03-05
Security Analyst,Germany,119276.68,2021-08-21,1973-07-16
IT Specialist,Ireland,63228.68,2021-05-05,1975-10-01
Legal Counsel,Norway,131729.97,2022-11-12,1972-05-29
Finance Manager,Ireland,99521.98,2019-05-26,1986-01-20
VP of Engineering,USA,210106.62,2016-10-27,1997-03-19
Network Engineer,Denmark,74740.85,2018-06-08,1980-12-28
Backend Developer,Denmark,76339.22,2024-01-20,1972-07-05
Machine Learning Engineer,Norway,111854.30,2015-03-10,1994-11-02
Sales Manager,UK,97423.92,2022-06-10,1995-09-30
Network Engineer,Switzerland,73334.13,2016-10-04,1993-05-06
CTO,UAE,250213.44,2017-08-06,1997-09-15
Support Engineer,South Africa,61133.58,2020-08-19,1980-07-04
Content Writer,Japan,56359.79,2022-11-16,1971-01-25
System Administrator,Mexico,77856.05,2017-12-10,1995-05-21
Machine Learning Engineer,Germany,128478.86,2021-12-26,1976-10-26
Full Stack Developer,France,79944.38,2016-08-12,1999-04-29
Scrum Master,Canada,101566.98,2015-08-24,1978-04-25
System Administrator,Switzerland,71723.54,2017-07-12,1976-10-18
Security Analyst,Canada,79220.06,2015-10-16,1971-10-11
Legal Counsel,Switzerland,115594.28,2020-04-29,1977-05-26
HR Manager,Switzerland,92011.78,2022-02-08,1983-11-07
System Administrator,USA,60468.28,2018-11-14,1973-02-05
Cloud Architect,Norway,157069.95,2021-12-26,1992-06-02
Finance Manager,Australia,122650.74,2015-11-05,1989-02-21
Support Engineer,UK,52295.10,2017-12-06,1988-04-13
IT Specialist,France,79259.52,2018-08-06,1996-07-24
Machine Learning Engineer,France,133631.30,2015-02-11,1989-09-05
Software Engineer,Brazil,87895.65,2021-10-23,1972-01-18
HR Manager,UAE,76191.95,2015-07-01,2000-06-28
Finance Manager,Denmark,96435.09,2021-09-29,1988-02-12
Accountant,France,50122.91,2022-03-17,1993-10-18
Backend Developer,Canada,87540.36,2015-04-07,1979-01-12
UI Designer,New Zealand,76581.89,2022-05-06,1994-07-24
Support Engineer,Australia,52478.19,2017-02-22,1977-02-16
Network Engineer,Netherlands,91167.19,2021-12-23,1994-10-17
Finance Manager,South Africa,108325.28,2022-07-27,1977-05-21
System Administrator,UAE,76748.25,2019-02-04,1986-12-18
Database Administrator,Sweden,84495.31,2023-08-09,1988-05-03
Marketing Manager,USA,97861.25,2020-05-17,1990-02-11
HR Manager,Japan,74403.30,2016-07-21,1982-12-27
IT Specialist,UK,55535.49,2020-11-04,1972-09-16
Network Engineer,Sweden,86705.37,2019-03-22,2000-09-01
Security Analyst,UK,82611.84,2021-11-26,1970-10-29
DevOps Engineer,India,80956.08,2017-09-16,1999-11-20
Network Engineer,France,90349.09,2021-11-23,1970-04-28
Security Analyst,Denmark,104574.09,2018-10-24,1996-11-03
Customer Success Manager,Switzerland,77400.80,2017-08-22,1999-10-02
Project Manager,UK,103958.52,2021-06-18,1991-07-28
QA Engineer,Ireland,69492.78,2022-03-03,1991-11-18
Business Analyst,Canada,79968.11,2023-10-09,1979-12-07
Customer Success Manager,Norway,82576.66,2024-11-03,1984-09-13
Graphic Designer,Sweden,60919.13,2024-04-30,2000-12-27
Accountant,Japan,63407.38,2016-01-03,1983-03-04
Customer Success Manager,USA,70366.17,2015-04-11,1996-01-13
Technical Writer,Brazil,66946.61,2019-04-18,1999-07-18
UI Designer,India,61736.95,2024-07-14,1988-05-15
Content Writer,Canada,63658.16,2023-01-19,1978-04-24
UX Designer,Netherlands,94640.42,2020-05-23,1986-05-22
IT Specialist,France,73190.30,2017-07-16,1999-11-12
System Administrator,Germany,77228.71,2017-06-20,1996-10-23
Sales Manager,India,82736.00,2017-05-22,1985-09-14
Operations Manager,Netherlands,78078.59,2020-10-29,1996-07-09
Software Engineer,Singapore,92896.78,2017-01-24,1970-10-26
CTO,Singapore,189484.93,2019-12-27,1975-03-04
Data Analyst,Switzerland,75888.95,2019-04-22,1976-05-01
Project Manager,Mexico,114473.43,2018-08-03,1974-01-26
Scrum Master,South Africa,76233.18,2024-03-12,1979-10-02
Legal Counsel,India,131399.87,2017-06-05,1986-05-04
System Administrator,Sweden,80328.62,2023-07-15,1984-11-29
Full Stack Developer,UK,105945.98,2018-04-25,1978-06-22
Legal Counsel,Singapore,139752.30,2021-01-21,1972-04-28
Scrum Master,Norway,102623.45,2022-07-06,1975-04-21
Security Analyst,Sweden,82987.58,2015-08-03,1977-04-04
Project Manager,UAE,99518.71,2024-08-19,1985-03-02
Data Scientist,Mexico,112304.04,2016-12-30,1979-12-13
Business Analyst,USA,91236.04,2022-10-06,1981-04-29
Database Administrator,Sweden,65907.54,2018-05-13,2000-09-16
Security Analyst,New Zealand,118968.36,2021-06-19,1978-11-27
Legal Counsel,Mexico,149813.63,2019-05-14,1989-05-13
Database Administrator,Australia,91079.47,2019-05-22,1981-08-05
Security Analyst,Mexico,77426.64,2020-11-04,1987-06-11
Frontend Developer,New Zealand,80092.09,2021-11-27,1989-04-08
DevOps Engineer,Australia,89062.29,2021-06-12,1996-02-01
Machine Learning Engineer,Netherlands,136917.61,2022-11-24,1979-12-27
Accountant,UK,54502.79,2016-12-02,1990-11-10
Software Engineer,UAE,83370.98,2017-08-22,1972-10-05
Senior Software Engineer,France,95887.50,2021-04-01,1989-02-12
Software Engineer,Canada,92779.29,2019-01-23,1991-05-02
Backend Developer,UAE,78289.49,2021-02-21,1998-06-21
VP of Engineering,India,159768.10,2018-11-14,1984-09-22
CTO,France,235441.00,2023-02-15,1989-07-01
Full Stack Developer,Sweden,101140.27,2018-09-18,1983-05-22
UI Designer,Norway,90826.38,2023-04-16,1983-01-12
Accountant,UK,56290.02,2017-01-17,1971-01-10
DevOps Engineer,UK,123000.69,2015-04-22,1979-06-12
IT Specialist,USA,60561.31,2015-10-28,1998-04-03
Backend Developer,Brazil,80606.98,2015-01-07,1973-11-15
CTO,New Zealand,229836.92,2022-08-17,1982-01-06
Product Manager,India,109041.89,2016-04-03,1993-02-07
Junior Developer,France,65614.10,2022-02-11,1977-11-15
VP of Engineering,Switzerland,199591.07,2022-11-04,1978-03-26
Support Engineer,Ireland,56425.69,2022-10-07,1975-05-13
Backend Developer,UAE,99052.50,2024-02-08,1973-04-28
QA Engineer,France,83286.25,2022-08-16,1997-10-16
CTO,USA,269191.98,2019-01-31,1981-09-05
Data Analyst,South Africa,59315.02,2022-08-11,1984-10-28
Senior Software Engineer,UAE,98743.16,2018-06-24,1992-02-25
QA Engineer,New Zealand,68814.81,2018-05-25,1978-02-06
Legal Counsel,India,96967.63,2023-09-05,1970-11-05
Support Engineer,India,78947.75,2018-06-16,1985-07-26
Content Writer,Mexico,42298.22,2021-03-05,1986-10-27
Business Analyst,Ireland,69774.40,2024-07-10,1984-05-14
DevOps Engineer,Ireland,87851.10,2018-06-23,1980-03-09
Compliance Officer,Singapore,101108.40,2020-07-05,1977-04-20
Graphic Designer,UAE,59836.92,2021-09-01,1974-07-10
Machine Learning Engineer,Ireland,102918.57,2016-08-01,1987-10-17
Junior Developer,UAE,52888.71,2015-01-17,1999-02-08
Network Engineer,UAE,82216.42,2020-01-04,1994-09-29
IT Specialist,Ireland,75986.13,2018-01-15,1984-07-20
Compliance Officer,Netherlands,109516.71,2015-08-22,1985-10-12
Operations Manager,Australia,82195.93,2019-02-09,1984-03-25
Business Analyst,Netherlands,87452.57,2016-03-05,1970-01-14
HR Manager,France,88668.19,2023-12-15,1976-11-30
CTO,New Zealand,210951.85,2023-03-01,1987-05-20
Cloud Architect,USA,109063.67,2024-03-27,1996-09-22
Machine Learning Engineer,India,128506.08,2022-10-02,1982-10-16
VP of Engineering,Sweden,162959.50,2021-02-28,1986-06-25
Software Engineer,Canada,75375.05,2024-08-05,1970-08-14
Financial Analyst,Brazil,73346.10,2020-03-24,1985-10-26
IT Specialist,Norway,69434.45,2015-02-27,1993-06-15
DevOps Engineer,India,85037.00,2017-02-12,1979-05-10
Full Stack Developer,India,95979.32,2022-08-11,1987-07-30
Legal Counsel,Switzerland,117320.65,2016-07-05,1972-05-31
System Administrator,Sweden,76616.47,2016-11-27,1990-10-01
Product Manager,UK,123904.39,2016-02-25,1977-02-17
Financial Analyst,Singapore,70021.59,2023-02-07,1976-09-03
Product Manager,USA,92772.79,2022-04-23,1995-02-22
Senior Software Engineer,Denmark,132971.49,2020-01-26,1992-07-23
Support Engineer,South Africa,59878.59,2020-02-12,1982-08-25
Content Writer,France,54164.37,2018-09-06,1995-12-09
Operations Manager,Netherlands,101523.55,2021-11-25,1995-11-13
Operations Manager,Germany,108876.61,2021-11-12,1978-12-10
Security Analyst,France,89850.33,2015-08-12,1996-01-07
Data Scientist,Japan,127616.15,2016-07-02,1976-09-20
IT Specialist,France,82114.39,2018-11-11,1993-11-13
Scrum Master,India,103235.73,2023-09-20,1998-06-14
Customer Success Manager,UAE,65076.50,2017-10-25,1995-01-29
IT Specialist,Brazil,77982.57,2023-05-23,1988-03-24
Accountant,Denmark,60924.08,2022-01-12,1987-05-31
Machine Learning Engineer,Sweden,132899.79,2021-09-11,1992-09-03
Support Engineer,Japan,72175.74,2020-12-09,1995-12-14
Compliance Officer,Japan,96895.91,2017-09-14,1993-09-14
Junior Developer,Denmark,57359.26,2021-06-09,1970-08-27
Sales Manager,Norway,111032.70,2015-11-01,1974-05-24
Accountant,Denmark,71184.00,2015-04-17,1971-05-26
Compliance Officer,France,83949.50,2017-05-05,1987-12-10
Machine Learning Engineer,Ireland,111246.09,2016-12-21,1998-05-15
Software Engineer,Germany,87429.59,2015-01-26,2000-06-07
Frontend Developer,Netherlands,79542.54,2022-10-01,1985-04-11
Graphic Designer,New Zealand,58809.97,2018-01-28,1978-01-28
Sales Manager,Brazil,90670.61,2016-03-09,1993-10-14
Project Manager,Ireland,85958.49,2023-02-09,1985-06-15
Software Engineer,India,78220.00,2015-08-02,1982-10-16
UX Designer,Switzerland,90073.52,2017-07-29,1983-12-24
IT Specialist,Sweden,67668.27,2022-03-06,1978-10-11
Finance Manager,Germany,115645.69,2020-06-16,1971-06-09
Finance Manager,Australia,125701.56,2016-06-21,1984-02-01
Data Scientist,Norway,86382.98,2020-09-12,1977-11-01
Legal Counsel,Brazil,98915.29,2023-07-18,1999-08-14
Operations Manager,Denmark,84574.13,2015-10-04,1979-06-25
Support Engineer,Australia,53110.06,2015-08-13,1989-01-28
Financial Analyst,Mexico,88089.67,2016-09-07,1974-08-19
Graphic Designer,Denmark,64099.27,2023-06-09,1981-06-03
DevOps Engineer,Brazil,90772.09,2024-11-18,1974-04-16
VP of Engineering,Singapore,164523.40,2021-09-13,1989-05-21
Software Engineer,Mexico,63741.67,2020-02-03,1980-06-23
CTO,Brazil,227542.40,2016-12-06,1999-04-11
Project Manager,Canada,87508.95,2021-09-04,1989-12-20
CTO,France,274553.91,2018-10-31,1970-10-20
Content Writer,Ireland,56909.92,2024-03-02,1990-08-28
Scrum Master,Canada,81234.20,2024-05-03,1998-08-14
Data Analyst,Switzerland,64104.68,2020-01-10,1977-04-06
Cloud Architect,South Africa,158460.76,2018-08-31,1992-04-11
Business Analyst,India,69762.18,2019-01-03,1981-09-11
Product Manager,France,118889.90,2024-12-02,1976-04-01
Backend Developer,Japan,96047.85,2016-04-13,1971-04-25
Database Administrator,Norway,75092.13,2016-09-29,1972-01-09
Graphic Designer,Germany,66951.00,2019-11-02,1999-07-21
IT Specialist,Netherlands,58107.63,2017-05-29,1998-08-03
Business Analyst,South Africa,67389.52,2020-03-12,1985-09-05
Accountant,Sweden,74683.28,2015-08-17,1972-05-17
Data Scientist,Denmark,86305.10,2022-03-21,1978-03-21
Software Engineer,Denmark,67985.15,2015-08-17,1999-02-24
Full Stack Developer,France,76805.09,2020-07-15,1997-11-01
Content Writer,Denmark,40834.50,2023-07-21,1983-03-07
Content Writer,Sweden,52102.40,2021-10-23,1970-03-18
Content Writer,France,46231.78,2019-10-13,1989-11-07
Database Administrator,UAE,91341.32,2023-08-21,1995-07-29
Cloud Architect,Switzerland,153189.07,2022-05-07,1997-07-13
Backend Developer,France,99404.26,2023-05-09,1980-03-04
Content Writer,Australia,51862.80,2017-05-16,1997-01-03
Marketing Manager,Netherlands,107645.18,2017-05-01,1989-11-12
Full Stack Developer,Denmark,100275.75,2022-11-15,1991-04-01
Product Manager,India,129574.65,2015-04-05,1995-03-01
Finance Manager,USA,98698.29,2023-12-08,1992-12-29
Frontend Developer,Singapore,83390.67,2017-01-10,1973-09-27
Support Engineer,Netherlands,75012.92,2016-10-10,1972-02-12
System Administrator,South Africa,63699.31,2018-11-30,1981-10-12
Junior Developer,Singapore,45298.44,2016-02-28,1992-10-12
DevOps Engineer,New Zealand,103705.62,2020-03-27,1986-07-28
Financial Analyst,Mexico,77364.04,2019-05-05,1996-04-10
IT Specialist,Norway,81339.29,2019-10-25,1974-07-02
Network Engineer,Japan,98557.64,2019-11-25,1985-08-12
Security Analyst,South Africa,84229.58,2024-05-15,1996-10-21
Backend Developer,South Africa,89718.81,2020-12-21,1971-02-10
Network Engineer,Singapore,69336.28,2021-12-26,1986-02-04
Database Administrator,Norway,98245.17,2021-11-08,1981-11-24
Legal Counsel,South Africa,96696.38,2016-12-14,1977-08-28
Graphic Designer,Sweden,69472.73,2016-04-28,1983-04-11
Database Administrator,Singapore,90921.12,2016-11-03,1994-12-12
QA Engineer,Canada,60574.11,2020-06-26,1990-01-21
UI Designer,UAE,73152.44,2018-03-16,1993-06-13
Junior Developer,Netherlands,46352.12,2019-09-08,1982-09-04
Database Administrator,Sweden,65228.33,2016-10-18,1998-05-24
CTO,UK,279551.37,2016-02-09,1971-12-23
System Administrator,Australia,75862.00,2024-07-27,1983-10-31
VP of Engineering,USA,181246.13,2017-05-01,1974-09-13
CTO,UAE,217237.64,2017-05-26,1983-10-14
Engineering Manager,Netherlands,147475.70,2018-05-25,1992-05-27
UX Designer,Canada,67980.52,2019-02-01,1974-09-08
VP of Engineering,New Zealand,181439.74,2021-06-21,1981-09-04
Customer Success Manager,Brazil,84020.97,2024-12-26,1970-04-14
Security Analyst,Mexico,87148.06,2023-01-15,2000-07-01
Software Engineer,Germany,80949.88,2018-11-24,1992-12-23
Engineering Manager,Switzerland,143546.72,2021-04-19,1993-03-31
Content Writer,New Zealand,59315.20,2016-12-26,1990-10-07
Operations Manager,Sweden,84854.10,2022-03-02,1991-11-21
Senior Software Engineer,UAE,90155.67,2021-12-25,1995-11-09
UX Designer,USA,82770.51,2019-02-14,1985-09-01
Compliance Officer,Canada,86132.25,2019-06-18,1973-06-24
Finance Manager,Singapore,114251.04,2018-12-06,1984-07-02
Machine Learning Engineer,Mexico,143834.34,2019-06-18,1987-12-21
Product Manager,Norway,134217.21,2016-10-15,1997-05-11
Business Analyst,Japan,79030.54,2015-09-19,1996-05-30
Backend Developer,India,68828.72,2021-07-03,1977-03-16
Software Engineer,Norway,87753.98,2016-12-01,1976-01-02
Graphic Designer,Canada,58361.62,2021-09-15,1996-07-14
Finance Manager,Canada,115201.45,2023-02-19,1975-02-22
Business Analyst,Singapore,80120.20,2018-08-28,1998-12-20
Backend Developer,Singapore,80827.54,2024-06-23,1978-12-14
Security Analyst,UK,88778.95,2021-09-16,1990-06-17
Backend Developer,Mexico,79649.81,2015-05-15,1998-05-06
Graphic Designer,New Zealand,54257.59,2021-07-17,1996-02-14
Junior Developer,Germany,55990.53,2023-03-26,1971-07-09
Customer Success Manager,Denmark,82089.72,2021-05-10,1998-03-13
Marketing Manager,Canada,109347.95,2018-05-29,1972-10-30
Frontend Developer,Japan,60620.60,2024-10-23,1987-11-08
Graphic Designer,France,72413.16,2018-05-01,1994-11-18
Project Manager,UAE,116728.72,2015-11-04,1993-06-26
Cloud Architect,UK,119314.57,2023-06-02,1982-08-25
Compliance Officer,UK,112733.04,2018-05-07,2000-03-31
Network Engineer,South Africa,83157.45,2020-08-03,1970-08-14
Marketing Manager,Denmark,104162.25,2019-02-01,1983-10-28
Frontend Developer,UAE,96688.78,2017-05-02,1991-06-06
Engineering Manager,Canada,143106.18,2023-07-15,1988-02-11
Marketing Manager,Canada,74044.71,2019-12-04,2000-12-07
HR Manager,Japan,69351.16,2019-10-18,1980-07-27
Database Administrator,UAE,82891.09,2024-06-27,1980-04-22
Scrum Master,India,98371.23,2017-03-13,1970-07-07
Junior Developer,France,65278.14,2023-06-21,1997-12-13
Security Analyst,UAE,100409.28,2020-01-25,1996-02-06
Backend Developer,UK,94841.27,2023-07-14,1983-11-25
Customer Success Manager,UK,83111.60,2021-03-25,1991-02-15
Marketing Manager,Norway,82880.45,2022-12-18,1998-10-05
Technical Writer,Ireland,79179.16,2024-03-24,1996-10-01
Software Engineer,Germany,64769.85,2016-12-19,1974-06-28
Marketing Manager,UAE,106427.89,2018-11-29,1983-09-03
Marketing Manager,India,81213.30,2019-09-06,1974-08-06
Compliance Officer,Brazil,94249.79,2018-04-11,1984-02-08
Frontend Developer,Brazil,99011.45,2023-08-19,1999-05-11
Data Scientist,Brazil,118188.32,2020-09-11,1995-11-10
Business Analyst,Singapore,93653.51,2018-12-20,1978-05-05
UX Designer,UAE,85617.81,2021-02-03,1992-06-27
Scrum Master,Mexico,100771.24,2019-10-21,1983-07-19
Engineering Manager,Singapore,123150.91,2018-06-30,1976-03-20
IT Specialist,Germany,57104.53,2020-07-31,1990-12-17
Accountant,UAE,61132.95,2019-11-25,1987-01-18
Sales Manager,Norway,109656.50,2019-09-07,1991-12-30
Project Manager,Netherlands,84012.59,2021-07-18,1990-06-27
Security Analyst,UAE,114791.33,2019-01-06,1982-06-24
Data Analyst,Norway,83240.12,2022-06-12,1974-08-06
Accountant,Singapore,57045.74,2018-08-17,1989-06-11
Full Stack Developer,Netherlands,99740.20,2022-08-04,1985-01-29
Content Writer,Sweden,51156.20,2020-07-27,1980-11-09
Graphic Designer,New Zealand,45484.11,2020-06-14,1989-12-11
Software Engineer,UK,74383.79,2023-02-09,1982-07-23
Full Stack Developer,Singapore,97242.52,2015-01-19,1988-04-22
VP of Engineering,India,184539.26,2018-08-10,1986-10-29
Software Engineer,France,82562.12,2016-04-26,1989-10-09
Network Engineer,Japan,88187.54,2021-04-15,1994-12-07
Project Manager,Singapore,96063.57,2019-07-25,1985-05-30
Software Engineer,Brazil,86794.27,2024-08-29,1988-10-20
CTO,Singapore,203292.80,2019-02-05,1979-03-29
Business Analyst,Brazil,63495.42,2024-04-29,2000-09-04
CTO,Switzerland,258876.71,2015-08-03,1989-11-19
Data Analyst,Mexico,57418.08,2019-06-12,1974-07-19
Compliance Officer,South Africa,92229.96,2020-03-15,1986-12-14
Engineering Manager,South Africa,115597.93,2021-09-19,1983-04-21
Senior Software Engineer,India,95217.62,2023-03-08,1980-08-11
Project Manager,India,118521.97,2023-09-06,1987-10-24
Security Analyst,Netherlands,89957.52,2021-07-08,1973-01-20
Compliance Officer,India,104742.53,2019-08-21,1999-04-18
DevOps Engineer,UK,81150.28,2018-02-21,1975-02-04
System Administrator,UK,63571.60,2024-09-10,1974-03-27
Frontend Developer,Ireland,68222.47,2018-10-12,1988-02-28
Compliance Officer,South Africa,79563.56,2015-09-30,1993-03-26
Senior Software Engineer,Australia,99515.65,2016-02-12,1986-07-22
QA Engineer,Australia,75555.37,2019-03-13,1996-05-12
Network Engineer,Sweden,73062.80,2021-07-27,1986-09-01
HR Manager,Australia,82251.31,2022-03-11,1976-03-15
Accountant,Netherlands,52315.22,2015-01-22,1983-12-09
Cloud Architect,Norway,127990.74,2018-07-06,1973-03-07
Junior Developer,UAE,64348.93,2021-11-29,1992-03-03
Project Manager,Switzerland,88596.37,2016-07-16,1975-04-12
Technical Writer,Sweden,72167.09,2024-10-17,1989-04-20
Sales Manager,Singapore,104345.87,2024-06-16,1993-06-03
Compliance Officer,Australia,76099.26,2018-09-19,1992-02-27
Customer Success Manager,Canada,68413.29,2019-08-18,1983-06-30
Accountant,New Zealand,66153.57,2020-08-22,1992-01-05
Engineering Manager,France,118227.58,2020-02-13,1994-07-26
Senior Software Engineer,UAE,92542.24,2015-01-12,1977-05-09
UX Designer,Norway,65582.71,2018-06-25,1984-02-09
Compliance Officer,Netherlands,114398.62,2024-10-14,1988-03-31
Compliance Officer,Denmark,89842.75,2016-11-09,1998-08-16
Software Engineer,Mexico,64535.66,2019-10-06,1981-02-15
DevOps Engineer,USA,101456.81,2017-12-10,1982-03-29
Accountant,Switzerland,74193.53,2019-03-28,1979-02-25
Business Analyst,Brazil,73690.38,2021-11-05,1977-10-10
Cloud Architect,New Zealand,149687.53,2020-08-08,1984-07-25
Security Analyst,India,95194.46,2021-12-03,1973-12-09
Financial Analyst,Switzerland,89247.04,2019-01-02,1970-06-14
Frontend Developer,France,65079.15,2015-07-09,1975-07-02
HR Manager,Singapore,80105.97,2024-07-05,1973-09-03
VP of Engineering,India,168901.15,2023-03-07,1971-03-20
Operations Manager,Ireland,94127.27,2021-02-12,1977-06-05
Security Analyst,Switzerland,81634.41,2015-07-12,1999-07-09
QA Engineer,UK,81372.35,2023-10-22,1994-12-21
QA Engineer,South Africa,82629.47,2023-09-17,1993-06-24
Project Manager,Mexico,82424.79,2018-05-11,1979-02-10
Financial Analyst,USA,79860.98,2022-09-21,1975-04-05
Finance Manager,Denmark,99781.38,2019-06-16,1982-01-07
Machine Learning Engineer,Canada,102392.09,2019-07-27,1995-08-23
Database Administrator,UK,88119.96,2024-05-30,1999-12-02
Full Stack Developer,France,70963.10,2015-01-28,1973-01-12
Database Administrator,South Africa,90077.65,2022-10-07,1982-02-08
Security Analyst,Singapore,84847.95,2022-01-16,1973-06-08
UI Designer,India,88247.39,2019-05-16,1972-05-22
CTO,Netherlands,274005.12,2017-06-21,1973-10-21
Scrum Master,Singapore,96849.51,2020-09-08,1974-01-10
Senior Software Engineer,Norway,95982.36,2022-11-24,1975-10-19
Technical Writer,Singapore,55726.86,2023-10-09,1972-01-15
Technical Writer,Denmark,68508.89,2024-03-08,1973-08-31
Full Stack Developer,Singapore,76356.27,2024-04-17,1999-01-08
Operations Manager,France,110895.04,2017-01-21,1990-05-03
Content Writer,Sweden,58206.44,2020-08-28,1983-09-15
Junior Developer,New Zealand,60534.96,2019-03-01,1990-12-20
Technical Writer,USA,69300.58,2015-05-10,1981-08-01
Security Analyst,India,111571.68,2023-01-11,1995-02-15
Customer Success Manager,South Africa,98939.31,2018-04-26,1974-03-08
Graphic Designer,Germany,45680.82,2016-02-23,1984-01-21
Junior Developer,Sweden,50853.86,2019-09-07,2000-10-18
Security Analyst,Switzerland,106289.55,2016-08-05,1991-04-24
Cloud Architect,Brazil,142103.04,2023-07-23,1995-07-05
Junior Developer,Switzerland,45279.35,2020-03-18,1989-07-26
Data Analyst,Brazil,89247.76,2018-09-14,1974-04-30
Security Analyst,Canada,79442.22,2015-01-01,1996-05-18
IT Specialist,Japan,73134.71,2024-08-19,1982-04-18
Frontend Developer,Germany,92089.10,2023-12-16,1975-10-23
Compliance Officer,Ireland,113689.01,2022-01-23,1978-06-21
VP of Engineering,Mexico,179008.82,2022-03-03,1992-06-16
Product Manager,Singapore,137283.45,2016-10-28,1972-07-14
Frontend Developer,Japan,97501.52,2015-04-24,1978-05-08
Frontend Developer,Ireland,89898.36,2022-03-03,1973-01-14
Database Administrator,UAE,74718.78,2021-11-22,1977-10-02
DevOps Engineer,South Africa,99594.59,2016-10-08,1981-07-21
HR Manager,Switzerland,98301.17,2017-01-09,1984-06-13
HR Manager,Brazil,80634.44,2018-10-02,1994-03-07
Data Scientist,Japan,129843.17,2016-12-16,1976-11-29
Data Scientist,Australia,114851.13,2016-03-26,1981-10-13
Financial Analyst,UK,83852.03,2017-01-25,1991-06-08
Compliance Officer,Sweden,78177.70,2023-08-04,1970-05-24
Engineering Manager,Mexico,153748.73,2023-09-12,1992-10-30
Customer Success Manager,South Africa,74223.90,2024-02-14,1971-02-15
Financial Analyst,Australia,99861.86,2017-07-07,1992-05-05
Customer Success Manager,Sweden,66176.57,2021-04-17,1971-12-09
Full Stack Developer,Brazil,82583.77,2015-02-21,1996-03-24
Financial Analyst,Germany,66943.61,2016-12-15,1978-02-04
Cloud Architect,Norway,157464.90,2021-07-07,1990-09-11
Accountant,India,60846.89,2024-02-29,1993-03-18
Project Manager,India,83396.83,2022-07-15,1998-11-17
System Administrator,Canada,86274.23,2023-02-02,1986-04-14
Data Analyst,South Africa,67946.63,2018-02-27,1990-02-15
Data Analyst,UK,79167.77,2017-12-23,1982-01-28
Security Analyst,New Zealand,89662.39,2022-11-06,1978-08-30
Accountant,France,64530.36,2024-03-13,1988-05-18
Junior Developer,Singapore,69673.50,2019-04-15,1982-12-04
VP of Engineering,Japan,150673.38,2024-11-08,1977-05-04
UI Designer,New Zealand,87547.24,2024-06-10,1984-10-21
Cloud Architect,Switzerland,102910.19,2016-07-04,1982-04-25
DevOps Engineer,Japan,112820.54,2020-07-10,1978-01-02
Senior Software Engineer,Brazil,122299.43,2019-03-29,2000-05-12
Business Analyst,Switzerland,87961.23,2017-09-24,1983-11-21
Product Manager,Germany,123078.01,2018-08-20,2000-06-15
Security Analyst,Netherlands,101853.87,2023-01-23,1990-09-19
Graphic Designer,Brazil,52282.03,2016-01-28,1972-09-22
Software Engineer,Canada,92366.45,2024-12-11,1977-09-22
Graphic Designer,South Africa,45721.10,2024-10-08,1987-04-29
Graphic Designer,France,51722.30,2018-04-17,1998-01-06
Engineering Manager,Denmark,125449.69,2020-09-26,1974-11-06
Sales Manager,Netherlands,103245.19,2020-03-15,1998-03-25
Engineering Manager,Germany,128193.29,2017-12-15,1984-04-13
VP of Engineering,South Africa,152328.84,2021-08-14,1999-09-05
Graphic Designer,Singapore,67131.80,2024-07-25,1983-02-09
Full Stack Developer,Norway,91553.77,2020-04-14,1987-11-16
Compliance Officer,Ireland,90503.94,2022-01-24,1988-03-13
Machine Learning Engineer,Sweden,121331.53,2016-01-11,1989-07-29
Database Administrator,UK,84981.89,2018-07-14,1997-03-17
Frontend Developer,USA,93716.16,2022-07-08,1998-01-27
UX Designer,USA,96337.12,2016-02-04,1975-11-27
Backend Developer,UK,75870.76,2016-06-22,1970-01-25
VP of Engineering,New Zealand,180337.53,2022-07-19,1991-09-14
HR Manager,India,75826.52,2021-09-12,1977-10-26
Backend Developer,New Zealand,75295.32,2018-09-08,1995-08-24
IT Specialist,Denmark,84288.20,2018-02-03,1990-08-06
Support Engineer,Canada,50406.54,2019-02-23,1976-09-09
Financial Analyst,Australia,96131.10,2023-06-15,1975-11-26
Project Manager,Ireland,81496.40,2024-01-13,1980-07-25
Support Engineer,Japan,58786.66,2021-04-14,1975-03-18
Engineering Manager,Brazil,134740.63,2021-09-16,1993-06-21
Finance Manager,New Zealand,123216.47,2017-09-11,1999-01-25
Content Writer,UAE,46297.98,2023-03-10,1989-08-19
HR Manager,UK,81168.67,2021-02-15,1971-02-22
Finance Manager,Netherlands,108779.04,2018-07-06,1992-10-27
Machine Learning Engineer,USA,106608.11,2017-07-04,1988-05-27
Finance Manager,Singapore,117930.86,2022-02-01,1980-10-20
System Administrator,Switzerland,73742.13,2024-09-15,1979-05-03
Project Manager,Japan,97628.79,2017-07-18,1983-07-29
Business Analyst,Denmark,65963.86,2018-09-19,1982-05-30
Support Engineer,Japan,62188.64,2020-08-10,1985-09-20
HR Manager,UK,74871.89,2024-09-07,1980-05-05
Software Engineer,Japan,91331.30,2022-05-30,1996-02-12
Sales Manager,Germany,101143.29,2018-04-16,1989-09-18
Product Manager,Netherlands,97808.30,2021-05-25,1986-02-22
Software Engineer,Brazil,69870.75,2021-10-30,1972-02-06
Machine Learning Engineer,Mexico,118374.94,2022-01-13,1994-08-16
HR Manager,Australia,76068.95,2024-05-17,1977-09-25
Backend Developer,Denmark,81882.07,2021-10-05,1995-07-20
Compliance Officer,France,78326.22,2022-08-27,1999-05-06
CTO,France,199241.61,2021-11-20,1970-11-30
Senior Software Engineer,Sweden,91976.14,2024-06-16,2000-11-14
Machine Learning Engineer,Germany,120878.20,2023-06-09,1979-01-09
Sales Manager,Denmark,89913.07,2015-09-30,1993-01-14
Content Writer,Sweden,41978.00,2019-11-10,1984-06-14
Customer Success Manager,Mexico,99570.91,2021-08-15,1987-06-20
UX Designer,UAE,69484.21,2018-11-24,1996-09-12
Software Engineer,Sweden,83365.56,2017-07-01,1992-07-02
QA Engineer,Switzerland,58203.02,2018-11-27,1972-01-23
HR Manager,Denmark,93504.97,2023-07-18,1976-03-17
Legal Counsel,Canada,111174.24,2022-03-27,1994-12-28
Accountant,France,70437.92,2022-04-07,1983-08-07
Full Stack Developer,USA,84914.63,2021-09-23,1982-06-29
Financial Analyst,Australia,84490.55,2022-12-27,1970-02-01
Full Stack Developer,South Africa,74700.07,2018-10-23,1976-11-22
Accountant,Brazil,66984.32,2016-08-09,1990-03-21
Project Manager,UAE,104066.50,2016-06-30,1993-03-20
Junior Developer,Singapore,52706.89,2021-03-03,1978-12-24
Accountant,New Zealand,53265.48,2023-01-09,1988-11-01
Accountant,Sweden,78202.50,2020-04-23,1975-12-01
Project Manager,Canada,97567.70,2022-04-25,1999-07-25
Operations Manager,UK,108527.24,2022-08-15,1986-12-24
Software Engineer,Brazil,89760.90,2018-08-10,1994-10-08
Sales Manager,Norway,109914.72,2015-11-21,1982-05-18
Junior Developer,Denmark,51418.07,2016-06-15,1997-09-20
Machine Learning Engineer,Australia,129757.45,2015-01-29,1983-04-13
Legal Counsel,UK,131025.76,2021-05-29,1974-11-18
Frontend Developer,Norway,79241.09,2022-10-09,2000-09-17
Operations Manager,New Zealand,107158.13,2015-06-30,2000-06-08
Engineering Manager,USA,161405.39,2015-09-27,1983-02-27
Software Engineer,Norway,93972.27,2021-02-23,1990-07-15
IT Specialist,Ireland,74839.12,2016-01-03,1996-11-21
Compliance Officer,Singapore,110123.77,2020-07-26,1972-06-23
Network Engineer,UK,93649.55,2022-06-26,1981-11-03
Data Analyst,India,84160.31,2018-05-21,1982-11-05
Software Engineer,Sweden,63553.30,2023-06-16,1990-06-11
QA Engineer,Switzerland,56196.08,2021-06-13,1984-08-20
Network Engineer,Canada,98684.70,2020-02-17,1973-09-04
Junior Developer,Canada,50717.49,2017-10-18,1985-07-13
Network Engineer,South Africa,93804.63,2023-08-05,1980-07-08
Data Analyst,Canada,79520.60,2015-09-17,1992-01-03
Cloud Architect,UK,107298.38,2016-05-16,1998-05-24
Full Stack Developer,Japan,88342.66,2015-11-22,1997-03-02
Project Manager,UAE,98872.40,2018-03-22,1977-06-24
Senior Software Engineer,Singapore,98108.07,2021-10-23,1987-12-24
DevOps Engineer,Singapore,93828.01,2019-09-30,1998-08-15
Sales Manager,UAE,91908.88,2017-09-05,1970-10-21
Machine Learning Engineer,UK,117731.22,2017-05-09,1989-05-07
Senior Software Engineer,Canada,102698.97,2019-10-02,1970-12-12
Security Analyst,Switzerland,88163.59,2024-07-16,1994-03-21
Scrum Master,Norway,88290.36,2015-04-15,1975-10-18
Financial Analyst,Netherlands,79679.71,2021-05-01,1981-03-05
Cloud Architect,USA,121928.42,2021-02-01,2000-08-28
Database Administrator,Switzerland,98192.39,2021-11-04,1993-03-20
UI Designer,New Zealand,77677.67,2023-01-19,1976-07-29
Sales Manager,Mexico,115615.36,2016-01-30,1970-07-06
Support Engineer,Japan,55400.40,2024-10-05,2000-08-21
UI Designer,Germany,83911.44,2015-08-09,1970-09-24
Security Analyst,Japan,78779.89,2018-07-12,1970-08-14
Sales Manager,Sweden,104892.46,2022-07-05,2000-08-03
Product Manager,France,102536.17,2015-01-12,1998-07-21
Data Analyst,Norway,72797.10,2018-02-28,1977-09-23
Support Engineer,Denmark,73179.35,2022-07-17,1996-08-25
System Administrator,Brazil,85338.39,2023-06-05,1991-03-14
Accountant,Germany,75685.28,2018-08-12,1994-01-22
Junior Developer,Netherlands,64879.04,2021-10-14,1970-05-21
Full Stack Developer,Sweden,104557.86,2023-06-07,1988-11-23
IT Specialist,Sweden,73981.45,2019-05-15,1998-08-12
Compliance Officer,Japan,85874.25,2022-02-14,1991-08-11
Operations Manager,Denmark,104835.21,2024-07-11,1994-10-10
Junior Developer,Sweden,62017.41,2016-02-22,1976-03-26
Machine Learning Engineer,New Zealand,137208.31,2021-12-08,1998-01-28
UI Designer,India,92673.82,2022-05-04,1982-01-10
Marketing Manager,USA,93827.87,2020-01-27,1988-12-04
Content Writer,Sweden,57756.03,2022-04-11,1984-02-02
VP of Engineering,Denmark,204679.83,2018-01-07,1998-04-30
Business Analyst,Denmark,76014.55,2015-09-10,1984-01-24
Scrum Master,Canada,100096.39,2015-04-25,1979-02-01
Engineering Manager,Australia,168747.98,2024-06-30,1970-03-20
Network Engineer,Brazil,68231.09,2022-11-27,1997-05-06
Machine Learning Engineer,Netherlands,142255.78,2019-01-23,1976-08-12
Junior Developer,Germany,67886.21,2021-12-02,1976-09-11
Business Analyst,Brazil,70476.80,2020-07-03,1978-02-13
VP of Engineering,Canada,187119.08,2019-02-12,1977-08-17
Customer Success Manager,Germany,97228.95,2023-09-16,1975-06-05
Security Analyst,UK,119660.40,2020-10-30,1975-09-25
VP of Engineering,Denmark,151401.06,2017-05-01,1993-01-21
VP of Engineering,India,150347.64,2017-12-08,1994-07-25
Financial Analyst,Denmark,88119.23,2022-07-17,1974-08-23
Product Manager,Germany,111146.90,2018-04-06,1987-11-20
Technical Writer,Germany,80522.07,2019-01-04,1997-12-19
Frontend Developer,UAE,94557.38,2021-09-25,1970-12-09
Data Analyst,Sweden,63927.40,2023-04-01,1979-03-10
Customer Success Manager,Switzerland,79181.20,2018-01-21,1984-05-13
Senior Software Engineer,Switzerland,134098.47,2016-11-19,1994-01-25
Customer Success Manager,USA,92844.52,2015-12-31,1979-09-27
Data Analyst,Ireland,60413.35,2015-03-09,1977-10-30
Customer Success Manager,South Africa,91207.16,2023-01-12,1976-09-15
Security Analyst,UAE,100215.75,2018-05-12,1980-03-18
HR Manager,South Africa,94505.02,2016-10-29,1977-06-19
Marketing Manager,India,90125.50,2015-03-10,1992-03-14
Marketing Manager,Australia,92406.00,2022-07-31,1976-06-11
Legal Counsel,Denmark,128641.19,2020-09-15,1980-02-12
QA Engineer,South Africa,69297.73,2018-04-20,1983-09-06
VP of Engineering,Mexico,167073.35,2024-02-15,1981-08-15
VP of Engineering,France,177810.80,2016-01-03,1976-03-14
Financial Analyst,Denmark,87350.99,2024-10-29,1982-01-07
Accountant,France,74166.34,2020-10-05,1973-03-15
Accountant,Switzerland,62541.86,2017-02-04,1987-08-01
Cloud Architect,Mexico,115278.60,2021-02-11,1972-08-06
Cloud Architect,New Zealand,134330.15,2022-01-12,1993-02-19
Security Analyst,UK,116635.50,2019-07-26,1979-08-12
Sales Manager,South Africa,95374.40,2018-08-05,1994-12-13
DevOps Engineer,Japan,82037.90,2018-01-16,1993-07-21
Data Analyst,UAE,63688.10,2021-05-24,1998-11-25
Content Writer,Norway,61411.73,2015-05-28,1999-12-11
IT Specialist,Australia,65518.33,2024-05-05,1973-08-27
Content Writer,Canada,54072.57,2020-03-20,1981-05-29
Full Stack Developer,India,104200.11,2021-02-19,1994-05-16
Business Analyst,India,75910.25,2019-12-20,1996-03-15
Finance Manager,France,104055.45,2016-12-13,1999-01-28
HR Manager,Sweden,94633.81,2018-08-21,1996-09-07
Software Engineer,India,80007.74,2018-09-09,1982-02-27
Project Manager,Switzerland,92264.46,2015-05-23,1994-04-24
Finance Manager,India,104584.77,2022-12-02,2000-01-10
Data Scientist,New Zealand,102886.55,2019-03-09,1977-06-25
Finance Manager,USA,104129.63,2018-06-27,2000-01-28
Machine Learning Engineer,Netherlands,147271.86,2016-05-04,1977-05-12
CTO,Sweden,255354.95,2018-10-02,1979-08-18
Compliance Officer,Norway,102682.89,2024-12-11,2000-10-05
Operations Manager,USA,78264.57,2016-05-09,1978-08-05
Senior Software Engineer,Norway,96024.57,2021-10-19,1975-09-11
UX Designer,Norway,72589.06,2015-07-17,1977-12-01
Software Engineer,South Africa,72767.33,2021-06-08,1992-07-10
VP of Engineering,South Africa,176638.35,2017-04-19,1983-07-05
UX Designer,Switzerland,75124.73,2020-02-19,1989-01-23
DevOps Engineer,Netherlands,95413.02,2019-02-23,1987-09-23
Finance Manager,Germany,114601.95,2024-05-12,1975-05-12
Accountant,USA,68336.42,2020-01-08,1996-12-28
Senior Software Engineer,Sweden,95661.20,2023-07-07,1996-03-08
Machine Learning Engineer,USA,118937.56,2020-03-23,1995-06-09
Database Administrator,Switzerland,85277.98,2015-01-10,1989-12-13
Marketing Manager,Norway,103818.46,2024-05-17,1973-08-21
Backend Developer,Netherlands,98873.28,2024-08-02,1972-01-14
Sales Manager,Singapore,98892.63,2019-12-19,1992-10-20
Technical Writer,Norway,65651.10,2024-04-16,1974-03-17
Sales Manager,Singapore,108841.12,2023-10-17,1992-10-31
Senior Software Engineer,Ireland,112374.98,2021-06-30,1987-12-11
Backend Developer,Australia,88006.48,2019-04-02,1978-10-30
Sales Manager,South Africa,76177.11,2022-05-16,1976-07-31
Database Administrator,Sweden,78116.88,2015-05-02,1974-12-23
Software Engineer,Japan,82841.06,2024-08-13,1980-10-05
Backend Developer,Denmark,94346.36,2022-08-24,1998-11-07
UX Designer,New Zealand,73502.28,2019-07-05,1980-03-04
Product Manager,South Africa,139007.48,2016-01-15,1990-01-04
Frontend Developer,Germany,83648.57,2022-07-09,1984-04-07
Operations Manager,Ireland,101836.30,2019-10-02,2000-07-18
Content Writer,South Africa,64507.23,2021-08-01,1978-01-04
Data Scientist,Mexico,104246.84,2018-02-02,1973-08-14
Business Analyst,USA,83155.09,2016-04-06,1981-08-30
Operations Manager,Sweden,109228.85,2017-05-15,1985-06-19
Full Stack Developer,Japan,101403.88,2023-07-12,1999-09-12
Marketing Manager,Singapore,89098.73,2019-02-04,1986-01-09
Legal Counsel,Brazil,118879.10,2024-02-26,1983-07-18
UX Designer,UAE,97995.33,2016-02-16,1981-07-18
Support Engineer,Brazil,53329.49,2016-12-04,1990-01-13
Full Stack Developer,New Zealand,71361.99,2024-03-01,1975-11-21
Sales Manager,Australia,111223.15,2021-01-28,1976-12-03
Machine Learning Engineer,South Africa,141522.87,2017-12-11,1991-06-12
System Administrator,Sweden,71382.46,2023-11-03,1971-04-02
Scrum Master,UAE,107383.37,2024-09-01,1972-04-20
CTO,Mexico,193476.92,2021-03-29,1981-11-06
Backend Developer,Singapore,79607.59,2017-04-19,1993-02-21
QA Engineer,UK,83549.11,2019-04-05,1997-05-20
Project Manager,Ireland,80730.87,2024-07-04,2000-07-24
Network Engineer,Norway,67994.31,2021-09-27,1998-07-29
Business Analyst,Germany,72898.48,2018-07-06,1997-09-24
CTO,Norway,208209.88,2023-09-16,1992-02-02
UX Designer,Canada,89708.08,2023-10-20,1981-10-25
Support Engineer,New Zealand,51073.43,2019-01-14,1981-05-28
Scrum Master,Switzerland,104075.33,2021-08-05,1977-06-01
Full Stack Developer,Singapore,94836.41,2024-04-21,1977-11-08
HR Manager,Sweden,86804.52,2019-02-01,1999-07-02
Scrum Master,Sweden,93837.95,2021-01-13,1985-05-25
Sales Manager,Switzerland,95623.09,2016-10-17,1997-07-06
QA Engineer,Mexico,64713.08,2020-06-07,2000-08-19
Data Scientist,India,98510.11,2020-03-11,1990-04-18
Business Analyst,USA,94767.66,2023-04-08,1979-01-01
UI Designer,France,67576.44,2015-09-10,1971-06-06
Network Engineer,Japan,74041.78,2022-10-10,1979-10-18
Full Stack Developer,Brazil,106258.14,2019-08-04,1992-01-20
Business Analyst,Australia,92682.75,2021-07-16,1981-05-09
UI Designer,Australia,79235.11,2021-12-11,1993-02-08
Data Analyst,USA,67492.78,2024-06-29,1986-05-12
Support Engineer,Germany,71976.89,2016-06-22,1999-01-21
Frontend Developer,South Africa,88380.75,2024-12-08,1972-05-05
Legal Counsel,Germany,129269.74,2016-07-12,1993-07-15
Support Engineer,UAE,61711.29,2019-08-31,1979-07-06
Compliance Officer,Ireland,108337.83,2021-09-19,1989-08-24
Accountant,Netherlands,72585.08,2024-05-28,1982-01-22
Operations Manager,USA,91400.02,2022-05-12,1979-12-22
CTO,France,204202.58,2016-03-28,1976-07-04
Accountant,Australia,60147.92,2024-03-15,1972-04-05
Network Engineer,UAE,74502.05,2019-03-15,1972-05-05
QA Engineer,Singapore,60512.32,2019-05-11,1987-12-14
Operations Manager,Mexico,103343.29,2021-04-26,1999-07-20
Financial Analyst,Germany,99399.55,2022-07-18,1970-03-14
HR Manager,Mexico,65923.46,2022-07-13,1999-01-27
Data Analyst,New Zealand,74785.24,2024-12-29,1994-09-15
Customer Success Manager,Netherlands,76951.15,2017-10-28,1981-01-22
Project Manager,Netherlands,88632.65,2021-09-15,1970-02-02
Database Administrator,India,65345.25,2015-04-28,1998-09-01
Business Analyst,Ireland,75726.12,2019-11-17,1990-05-24
Security Analyst,USA,96168.94,2024-12-09,1991-11-14
Content Writer,New Zealand,58343.27,2015-03-27,1980-11-28
Scrum Master,Singapore,79575.94,2024-07-17,1989-07-02
Customer Success Manager,USA,86875.96,2020-11-15,1999-10-18
UI Designer,UAE,84343.24,2022-03-26,1987-02-16
Accountant,Netherlands,54287.31,2016-12-30,1991-09-01
Customer Success Manager,Brazil,78617.57,2020-07-30,1986-04-21
Software Engineer,UK,71444.46,2019-10-06,1992-10-10
Sales Manager,South Africa,97837.94,2016-05-24,1985-12-16
UI Designer,Norway,79470.85,2015-03-21,1996-02-02
Full Stack Developer,Brazil,72407.65,2015-02-14,1993-04-10
System Administrator,Australia,80108.60,2016-11-26,1989-10-25
Project Manager,Australia,103242.75,2022-12-24,1991-10-29
Graphic Designer,Singapore,53181.07,2017-07-11,1974-03-14
Graphic Designer,New Zealand,73151.63,2018-12-21,1984-03-24
Frontend Developer,UAE,66303.64,2024-02-18,1990-12-26
Compliance Officer,Sweden,110256.10,2015-11-12,1980-07-06
Scrum Master,Mexico,109387.99,2022-05-19,1980-02-25
Project Manager,Canada,112676.26,2016-07-17,1980-06-08
Software Engineer,Australia,60799.78,2015-04-22,1984-11-28
Data Scientist,Brazil,100487.42,2021-12-30,1979-12-23
Support Engineer,Denmark,62710.07,2023-07-22,1992-07-01
System Administrator,France,76354.47,2024-09-25,1979-07-04
Cloud Architect,Sweden,101866.76,2017-11-26,1992-05-17
Senior Software Engineer,Switzerland,121811.06,2019-02-05,1996-06-16
Security Analyst,Switzerland,110004.07,2021-07-29,1971-09-03
Sales Manager,India,94583.05,2022-12-11,1978-04-09
Operations Manager,USA,110005.61,2023-09-21,1981-01-24
Content Writer,Mexico,46605.07,2019-04-21,1993-12-17
Project Manager,France,86899.17,2021-07-18,1996-07-24
QA Engineer,UAE,82134.06,2016-03-25,1983-01-21
Database Administrator,South Africa,86002.32,2018-10-01,2000-04-10
DevOps Engineer,Ireland,117071.76,2023-10-05,1972-07-06
Security Analyst,France,119467.45,2020-04-06,1984-08-24
Graphic Designer,France,50896.38,2017-04-21,1989-08-05
QA Engineer,Australia,65810.76,2022-11-23,1996-08-26
Machine Learning Engineer,Sweden,98114.81,2017-12-04,1982-12-26
QA Engineer,South Africa,69458.38,2021-09-27,2000-06-17
Support Engineer,Netherlands,74931.32,2017-12-06,1990-07-27
Accountant,France,74059.04,2024-11-16,1987-01-14
VP of Engineering,Singapore,180264.65,2017-03-08,1974-09-13
Scrum Master,Australia,82837.70,2021-04-22,1997-06-13
Junior Developer,Australia,57393.26,2018-11-18,1977-07-28
System Administrator,Denmark,82332.52,2022-02-13,1990-10-14
Customer Success Manager,Mexico,88826.71,2022-05-29,1993-07-12
Machine Learning Engineer,UAE,109082.67,2019-09-30,1975-05-17
Business Analyst,Germany,69736.77,2017-03-31,1976-11-18
Project Manager,Norway,84246.84,2017-04-17,2000-05-07
Cloud Architect,Netherlands,159625.02,2020-05-06,1971-12-21
Accountant,New Zealand,66927.54,2019-01-08,1990-09-12
UI Designer,Australia,62262.04,2021-05-11,1997-03-02
HR Manager,Netherlands,68909.37,2024-09-19,1998-05-08
IT Specialist,Sweden,60791.34,2020-09-27,1987-12-24
Network Engineer,Germany,88812.38,2022-10-17,1976-12-10
System Administrator,Germany,75367.97,2023-02-01,1982-07-22
Scrum Master,Brazil,75759.74,2018-01-05,1994-04-08
Cloud Architect,Switzerland,150181.28,2021-08-22,1971-08-13
UX Designer,France,83829.45,2022-10-08,1995-10-08
Graphic Designer,Canada,50208.00,2015-12-15,1997-07-12
Project Manager,USA,104295.39,2017-09-21,1985-11-04
IT Specialist,Netherlands,65328.05,2023-03-19,1977-02-06
Cloud Architect,Netherlands,105946.51,2021-01-23,1977-03-04
Product Manager,Sweden,123354.09,2023-04-01,1981-10-05
Compliance Officer,USA,88947.33,2020-04-23,1999-06-22
Financial Analyst,India,86456.72,2024-12-26,1975-12-17
DevOps Engineer,Denmark,103857.31,2022-12-04,1990-05-23
Junior Developer,Switzerland,57008.96,2020-12-05,1984-09-13
Machine Learning Engineer,Japan,123029.36,2020-08-01,1989-02-20
Project Manager,Australia,88326.39,2024-10-06,1975-03-13
System Administrator,France,71738.71,2015-01-12,1990-03-07
Senior Software Engineer,Singapore,92304.05,2016-04-07,1981-01-04
Support Engineer,USA,65716.57,2021-04-17,1990-01-13
Data Scientist,France,89833.83,2020-10-13,1976-10-13
Scrum Master,New Zealand,101397.50,2015-12-29,1972-06-09
Software Engineer,India,86233.57,2022-01-23,1973-07-16
Backend Developer,Singapore,97993.10,2023-10-15,1991-05-08
Operations Manager,France,98180.69,2022-06-05,1971-01-08
IT Specialist,France,59242.57,2022-09-21,1972-11-08
Database Administrator,Netherlands,98142.96,2024-08-03,1975-01-15
Product Manager,France,116417.88,2022-11-27,1990-01-06
System Administrator,Canada,63109.44,2022-08-20,1984-05-29
Legal Counsel,Denmark,139872.12,2015-12-25,1998-08-15
Engineering Manager,Norway,135931.76,2016-05-06,1984-10-22
VP of Engineering,France,210232.07,2023-01-31,1984-12-07
Machine Learning Engineer,Denmark,104657.47,2017-08-02,1987-07-24
QA Engineer,Singapore,78401.16,2017-08-15,1990-05-25
CTO,Mexico,242351.78,2023-12-06,1990-08-14
Content Writer,UAE,42441.73,2020-04-22,1983-03-15
Backend Developer,UK,65151.23,2021-11-03,1991-07-12
Security Analyst,Australia,106351.68,2018-08-27,1981-02-11
Network Engineer,Mexico,88545.92,2024-11-02,1986-07-11
Legal Counsel,Sweden,128322.51,2022-07-01,1975-01-08
DevOps Engineer,Denmark,120843.20,2016-10-16,1971-12-08
Security Analyst,India,102592.77,2017-05-03,1988-10-11
Software Engineer,Singapore,64129.43,2017-04-07,1990-05-02
Graphic Designer,New Zealand,65827.96,2016-01-20,1983-08-16
Financial Analyst,Netherlands,85032.71,2017-12-25,1983-04-30
Business Analyst,New Zealand,70518.45,2017-08-21,1981-09-06
Frontend Developer,Canada,96044.47,2016-11-12,1997-02-17
Financial Analyst,Switzerland,66379.93,2018-02-02,1997-02-28
Engineering Manager,Norway,114090.28,2015-11-30,1992-10-16
Financial Analyst,Mexico,68744.26,2022-01-22,1995-04-14
Machine Learning Engineer,Canada,103562.94,2019-12-17,1971-11-27
HR Manager,Sweden,81175.16,2015-02-21,1992-01-09
Full Stack Developer,South Africa,93982.12,2022-07-03,1975-08-02
UX Designer,Switzerland,68777.28,2020-03-20,1987-11-18
Business Analyst,UAE,75212.60,2024-11-06,1991-11-25
Operations Manager,Denmark,89289.11,2023-07-04,1998-03-02
Support Engineer,India,60466.35,2023-07-19,1992-01-21
Security Analyst,UAE,118977.81,2016-02-07,1993-04-19
IT Specialist,Japan,74605.73,2016-08-15,1993-02-10
Backend Developer,Mexico,66099.78,2020-06-28,1972-05-07
Database Administrator,Mexico,71599.80,2020-08-23,1980-07-17
Customer Success Manager,Japan,73067.09,2020-06-10,1970-10-25
Product Manager,Japan,134748.08,2023-08-28,1977-06-07
Data Analyst,Australia,81227.13,2021-09-30,1982-11-05
Senior Software Engineer,Canada,92978.00,2019-09-01,1995-10-27
Software Engineer,Mexico,72860.38,2017-09-09,1976-01-30
Accountant,Sweden,78561.52,2017-10-03,1979-10-30
VP of Engineering,Denmark,218870.46,2023-05-13,2000-04-04
Project Manager,Netherlands,107199.05,2020-09-19,2000-05-04
QA Engineer,New Zealand,74389.10,2020-06-10,1970-02-01
DevOps Engineer,Ireland,91421.36,2023-07-08,1970-06-09
System Administrator,Germany,62589.50,2024-02-13,1995-02-15
Operations Manager,South Africa,112897.83,2021-11-29,1979-08-14
DevOps Engineer,Japan,93053.65,2022-03-30,1980-01-24
Machine Learning Engineer,India,105388.67,2015-06-17,1983-07-30
Content Writer,Brazil,56891.62,2024-06-09,1975-05-31
UX Designer,France,93840.43,2020-09-30,1993-12-05
UI Designer,Australia,72503.64,2023-02-16,1991-07-11
UI Designer,New Zealand,90162.24,2015-10-08,1975-05-27
QA Engineer,France,77375.56,2017-02-25,1984-05-12
QA Engineer,Ireland,84923.98,2022-07-28,1984-01-15
Backend Developer,South Africa,100464.59,2016-12-06,2000-09-16
Finance Manager,Norway,108845.55,2016-12-08,1970-10-27
Technical Writer,Norway,63997.29,2023-04-05,1978-10-16
Junior Developer,Mexico,51058.41,2015-07-26,1997-09-05
Accountant,Ireland,71585.19,2024-04-24,1998-01-20
Accountant,France,57239.64,2020-09-09,1978-09-16
CTO,Singapore,242780.83,2016-08-03,1972-06-16
Graphic Designer,Australia,63897.52,2017-01-11,1980-04-23
Senior Software Engineer,Norway,106225.18,2024-11-10,1992-11-09
UX Designer,Denmark,94404.47,2015-08-10,1970-06-10
Software Engineer,France,60340.50,2018-06-04,1978-07-17
QA Engineer,Switzerland,84433.93,2018-02-28,1986-07-24
Customer Success Manager,USA,71275.87,2020-10-27,1982-02-02
Sales Manager,Netherlands,95184.88,2018-04-18,1979-03-26
Full Stack Developer,Ireland,101613.69,2022-05-22,1974-09-24
Project Manager,New Zealand,107351.38,2024-02-17,1981-03-08
HR Manager,Ireland,67776.24,2023-01-12,1989-10-13
Junior Developer,Ireland,56348.72,2017-09-06,1979-11-15
Financial Analyst,New Zealand,72152.20,2024-08-29,1974-11-27
IT Specialist,Norway,57238.60,2018-07-26,1976-10-10
Business Analyst,France,65543.42,2016-04-04,1995-08-16
Cloud Architect,France,102794.98,2021-10-08,1986-07-24
IT Specialist,UK,80243.04,2020-07-03,1971-04-18
Technical Writer,Mexico,65575.01,2020-10-10,1982-02-19
CTO,India,195794.05,2023-09-15,1994-09-16
Machine Learning Engineer,Netherlands,119393.29,2024-10-31,1993-02-04
VP of Engineering,Germany,192442.71,2023-09-23,1998-02-14
Frontend Developer,Canada,71116.83,2021-04-20,1994-06-20
Junior Developer,Ireland,66047.52,2016-02-06,1974-11-10
Graphic Designer,Norway,64010.63,2019-08-29,1997-08-26
CTO,Mexico,247557.36,2024-11-16,1994-04-10
Full Stack Developer,Switzerland,98118.13,2017-11-12,1992-05-14
Machine Learning Engineer,South Africa,108534.47,2021-07-28,1986-05-16
Content Writer,Mexico,51646.32,2018-12-17,1995-05-09
Engineering Manager,Mexico,133674.50,2020-05-02,1995-05-24
Senior Software Engineer,UK,117917.55,2016-04-01,1990-09-30
Operations Manager,India,93454.68,2024-01-03,1980-03-29
Graphic Designer,Australia,66222.01,2023-07-06,1976-03-13
Sales Manager,Brazil,101513.27,2015-05-21,1977-12-16
Technical Writer,India,62217.77,2023-12-26,1998-10-21
Cloud Architect,UAE,130612.03,2018-04-06,1996-03-01
Operations Manager,South Africa,101640.36,2016-08-01,1975-12-22
UI Designer,South Africa,79928.84,2022-07-01,1991-07-30
Finance Manager,Norway,97078.05,2024-10-05,1993-07-23
Machine Learning Engineer,UAE,127698.23,2018-10-27,1971-10-01
Sales Manager,USA,111060.15,2021-12-23,1997-11-24
Support Engineer,UAE,75650.91,2021-08-18,1996-06-26
Software Engineer,New Zealand,93863.30,2015-03-11,1976-06-05
Operations Manager,Netherlands,92697.73,2015-03-02,1993-05-31
Cloud Architect,Japan,130385.53,2022-11-20,1980-07-21
Software Engineer,Sweden,76804.44,2023-10-08,1999-09-25
Junior Developer,South Africa,57446.59,2024-09-15,1995-10-18
Project Manager,Sweden,101534.97,2022-02-01,1994-03-15
Accountant,UK,77579.71,2017-02-02,1987-10-08
Database Administrator,Japan,67921.28,2020-09-24,1979-06-14
Technical Writer,Switzerland,63836.92,2018-04-21,1995-12-05
Marketing Manager,Switzerland,87724.54,2016-11-03,1974-03-23
Accountant,Denmark,71148.79,2016-06-29,1998-03-21
Scrum Master,South Africa,104992.55,2018-01-31,1971-10-01
Finance Manager,Netherlands,92442.83,2023-07-30,1988-10-26
Backend Developer,Australia,80086.18,2016-02-04,1978-01-03
VP of Engineering,Denmark,193430.02,2020-08-04,1971-05-27
Support Engineer,Switzerland,73831.32,2015-06-29,1982-05-27
UX Designer,Mexico,77539.84,2022-12-03,1989-03-28
Engineering Manager,Ireland,160091.04,2016-05-24,1990-08-20
Business Analyst,UK,69859.45,2021-01-17,1995-03-15
Security Analyst,India,108464.51,2023-12-24,1988-08-09
Content Writer,Netherlands,52151.92,2023-10-05,1978-10-25
Network Engineer,Norway,67600.80,2022-04-30,1971-10-23
QA Engineer,Brazil,70413.78,2024-04-19,1979-12-26
Data Scientist,Germany,87036.28,2017-07-03,1994-05-08
Legal Counsel,Japan,107139.66,2024-07-21,1972-11-07
QA Engineer,Australia,62916.18,2022-01-11,1987-05-20
Network Engineer,Sweden,89652.78,2023-10-22,1995-12-19
Support Engineer,UAE,50238.54,2016-01-27,1973-01-09
Content Writer,Germany,60141.84,2017-09-04,1995-08-20
Support Engineer,Australia,67003.36,2020-07-18,1981-07-19
Compliance Officer,Canada,80386.05,2020-07-09,1994-06-18
Engineering Manager,Brazil,156535.51,2022-07-31,1987-08-17
Security Analyst,Mexico,87592.36,2018-02-03,1991-07-09
Backend Developer,Switzerland,96468.53,2017-05-08,1971-10-03
Scrum Master,UAE,83697.28,2017-11-20,1990-12-24
Security Analyst,Netherlands,77530.31,2015-05-24,1999-02-11
Technical Writer,New Zealand,82776.93,2017-07-07,1987-01-15
Operations Manager,Japan,91893.33,2024-12-23,1997-06-20
Junior Developer,France,55945.07,2015-08-31,1994-02-15
Network Engineer,Switzerland,97310.70,2024-06-01,1988-04-03
IT Specialist,South Africa,63733.17,2018-10-30,1981-07-02
Business Analyst,Netherlands,73848.02,2023-04-15,1982-03-24
Business Analyst,Ireland,88012.74,2022-06-27,1982-04-18
Software Engineer,Ireland,71124.76,2020-04-21,1996-04-24
VP of Engineering,Singapore,155526.34,2021-06-08,1972-11-18
Security Analyst,Ireland,84428.10,2016-11-29,1975-05-21
QA Engineer,Brazil,61270.79,2018-09-22,1994-06-24
DevOps Engineer,Ireland,82839.51,2022-12-06,1985-09-30
Finance Manager,Japan,88575.70,2024-01-18,1973-09-03
Operations Manager,India,110290.37,2022-03-02,1971-11-24
VP of Engineering,France,200349.32,2016-01-08,1974-09-30
QA Engineer,Denmark,70334.72,2020-08-01,1985-05-22
Machine Learning Engineer,Switzerland,115315.82,2017-07-03,1981-10-14
Machine Learning Engineer,Mexico,119360.62,2017-07-02,2000-01-03
Product Manager,Brazil,102388.64,2017-10-04,1977-06-20
Network Engineer,Japan,95634.88,2018-11-24,1989-10-02
Scrum Master,South Africa,103441.44,2020-11-02,1977-11-11
HR Manager,Mexico,81700.23,2016-04-16,1984-06-26
Data Scientist,South Africa,114720.29,2017-08-10,1984-12-29
Machine Learning Engineer,Mexico,134814.47,2019-08-01,1990-08-10
Data Scientist,France,115791.37,2020-08-13,1980-04-02
Cloud Architect,UK,159226.06,2016-10-30,1970-08-30
Customer Success Manager,Sweden,89256.91,2023-07-11,1974-08-06
Network Engineer,USA,74633.12,2016-10-26,1992-08-12
Compliance Officer,Norway,82622.32,2015-07-12,1972-02-01
Backend Developer,Sweden,101207.61,2015-12-01,1993-07-27
Data Scientist,France,102550.57,2022-01-16,1992-03-05
Financial Analyst,USA,79519.85,2024-11-07,1976-01-31
IT Specialist,USA,55833.06,2018-10-02,1985-02-19
VP of Engineering,Australia,184976.81,2024-08-09,1992-07-27
Customer Success Manager,UK,73162.61,2016-09-30,1983-07-10
Financial Analyst,India,71470.99,2021-11-16,1977-11-14
Product Manager,Australia,95700.96,2022-09-22,1980-01-23
Scrum Master,New Zealand,107663.38,2020-06-15,1970-09-28
Senior Software Engineer,France,139911.30,2021-11-29,1975-11-20
Software Engineer,UAE,89748.47,2019-09-10,1977-03-28
Backend Developer,UAE,82812.19,2021-03-15,1998-09-27
System Administrator,Netherlands,70860.05,2019-02-16,1991-04-29
UX Designer,Germany,74441.93,2018-03-24,1978-01-23
Operations Manager,Mexico,98822.59,2019-07-13,1991-09-30
Cloud Architect,UAE,148677.09,2016-12-20,1986-09-14
Machine Learning Engineer,New Zealand,131243.08,2015-11-30,1977-02-05
Database Administrator,France,67919.96,2016-01-14,1975-02-22
Network Engineer,Germany,95997.52,2019-04-28,2000-10-29
Legal Counsel,Germany,90341.54,2020-01-25,1985-06-04
CTO,France,246052.89,2015-02-05,1977-07-16
Content Writer,Japan,63602.27,2022-02-09,1991-11-08
CTO,Norway,236568.07,2015-08-08,1999-11-29
System Administrator,New Zealand,69480.60,2019-09-05,1976-08-08
Cloud Architect,Singapore,104604.95,2016-11-03,1980-10-29
Financial Analyst,Switzerland,92961.47,2015-06-28,1973-02-05
Accountant,France,66548.11,2020-10-06,1975-05-30
UI Designer,Ireland,89849.41,2016-07-14,1981-12-13
Technical Writer,UK,82580.18,2016-03-09,1979-12-10
Content Writer,South Africa,43982.29,2024-03-26,1982-11-19
Backend Developer,UAE,94038.99,2016-06-27,1973-01-15
Technical Writer,India,81893.62,2018-01-02,1987-04-27
Technical Writer,Canada,55466.52,2015-02-10,1987-03-19
Legal Counsel,Switzerland,90005.18,2020-02-16,1980-06-28
DevOps Engineer,Canada,83480.55,2024-06-01,1994-04-27
Machine Learning Engineer,USA,123832.00,2023-09-10,1977-02-12
QA Engineer,Ireland,65039.18,2022-05-12,1988-09-30
UX Designer,India,98859.04,2019-03-27,1990-09-22
Legal Counsel,Japan,125613.69,2019-11-08,1989-09-12
Compliance Officer,Denmark,112061.54,2018-03-11,1986-05-23
Graphic Designer,Norway,46590.07,2023-01-24,1996-02-21
Full Stack Developer,South Africa,106621.99,2022-02-20,1989-09-13
Financial Analyst,UAE,75958.23,2022-02-18,1975-12-01
Compliance Officer,India,78400.34,2018-10-15,1990-11-12
VP of Engineering,New Zealand,216508.01,2022-06-28,1989-10-09
Backend Developer,France,74982.05,2024-03-01,1990-11-29
HR Manager,Australia,83986.99,2017-05-22,1974-12-01
Legal Counsel,South Africa,92485.56,2019-05-12,1999-04-25
Full Stack Developer,Japan,81069.88,2016-09-16,1995-08-26
HR Manager,Japan,81483.63,2024-04-15,1992-10-30
Backend Developer,New Zealand,67565.78,2021-06-13,1982-05-05
Database Administrator,Denmark,84498.94,2016-06-07,1988-04-10
Scrum Master,Switzerland,104869.61,2016-04-21,1971-03-12
Support Engineer,France,79817.07,2023-06-26,1985-10-24
Sales Manager,Sweden,76464.46,2022-10-22,1978-06-19
Accountant,Norway,59084.99,2017-10-01,1983-07-06
CTO,Mexico,185259.16,2024-12-18,1987-09-05
UI Designer,Ireland,91296.48,2023-02-12,1984-11-12
Support Engineer,Mexico,72390.80,2018-09-24,1998-08-21
Security Analyst,Singapore,116522.58,2015-06-29,1989-10-02
Compliance Officer,UK,103309.27,2022-02-05,1982-11-06
Engineering Manager,Sweden,144330.48,2024-07-28,1972-09-25
Accountant,South Africa,59839.34,2016-02-16,1997-07-13
Senior Software Engineer,USA,138350.31,2016-03-05,1987-02-03
Business Analyst,Ireland,91299.00,2017-09-09,1994-02-22
Technical Writer,India,82630.04,2018-01-14,1980-06-02
Operations Manager,Ireland,100085.52,2017-11-15,1981-08-23
UX Designer,France,67324.72,2021-10-17,2000-12-24
IT Specialist,Sweden,83923.75,2019-03-25,1999-01-05
Engineering Manager,Canada,138915.14,2021-01-28,1993-12-14
Support Engineer,South Africa,68012.76,2022-09-21,1989-08-03
HR Manager,Japan,71668.93,2024-11-21,1998-01-25
Database Administrator,Mexico,96103.94,2024-03-14,1996-09-17
Compliance Officer,Denmark,109496.29,2021-07-03,1992-08-09
Project Manager,Canada,111867.65,2018-08-29,1991-12-20
Software Engineer,India,94340.90,2015-04-21,1974-03-18
IT Specialist,Japan,69831.84,2021-08-13,1989-02-27
UX Designer,Mexico,84389.40,2016-06-27,1983-01-09
DevOps Engineer,Sweden,99665.96,2024-03-12,1987-12-20
Database Administrator,Netherlands,66738.99,2021-04-26,1977-02-06
Accountant,Singapore,59820.04,2015-12-05,1997-07-21
Data Analyst,South Africa,86946.87,2024-06-10,1975-08-24
Full Stack Developer,South Africa,103707.18,2024-04-03,1995-05-05
Compliance Officer,Switzerland,88291.48,2020-11-27,1974-03-10
Full Stack Developer,Japan,75986.76,2018-03-14,1992-04-26
Support Engineer,Singapore,64165.85,2020-09-14,1991-07-19
DevOps Engineer,Sweden,80370.35,2021-07-26,1978-08-29
Finance Manager,France,97301.42,2021-08-27,1987-06-24
Frontend Developer,Netherlands,67178.49,2017-11-16,1970-11-15
HR Manager,Denmark,79024.90,2018-12-29,1984-08-10
Accountant,New Zealand,57828.17,2018-01-17,1980-10-30
Machine Learning Engineer,Denmark,98129.29,2022-07-01,1996-10-12
Software Engineer,USA,80673.20,2023-02-03,1970-02-03
Data Scientist,Brazil,93172.60,2021-07-19,1994-05-23
Finance Manager,Australia,118577.29,2018-02-12,1972-11-20
Business Analyst,Norway,77508.14,2023-03-31,1973-10-31
Marketing Manager,Switzerland,100274.85,2021-08-29,1970-07-30
Business Analyst,India,87312.61,2019-12-04,1971-01-18
UX Designer,Brazil,95403.26,2016-07-30,1971-06-08
Technical Writer,UAE,65125.29,2018-12-11,1991-08-18
Finance Manager,South Africa,96603.37,2018-04-22,1991-02-15
Engineering Manager,Mexico,116353.63,2020-03-24,1994-03-30
Financial Analyst,UK,83137.80,2024-06-13,1980-08-10
Content Writer,Denmark,52466.07,2016-08-23,1975-03-31
Legal Counsel,France,119939.94,2022-05-22,1993-04-03
Accountant,New Zealand,73800.03,2023-07-25,1977-01-07
Business Analyst,Denmark,70503.83,2015-08-14,1988-04-30
Business Analyst,Japan,79532.63,2018-03-29,1979-02-14
Marketing Manager,New Zealand,101549.46,2020-06-27,1991-05-19
Content Writer,New Zealand,49567.06,2017-10-23,1998-09-06
Marketing Manager,UK,84763.76,2023-10-29,1981-03-22
Data Scientist,Switzerland,107816.93,2024-05-10,1973-03-04
System Administrator,Norway,88153.76,2018-06-09,1996-04-28
Scrum Master,Denmark,94863.28,2016-05-29,1994-03-23
Graphic Designer,Norway,65134.93,2022-08-12,1991-09-28
Operations Manager,Netherlands,109512.37,2016-03-17,2000-06-14
Engineering Manager,New Zealand,131247.26,2020-01-09,1972-02-20
Software Engineer,Singapore,77153.82,2024-05-19,1979-04-28
Software Engineer,Netherlands,79483.02,2019-01-17,1978-03-25
Full Stack Developer,Singapore,86059.74,2019-08-15,1978-05-05
HR Manager,Mexico,90830.59,2017-08-03,1984-04-02
Legal Counsel,USA,112884.98,2021-05-19,1972-07-15
UX Designer,Ireland,103298.92,2017-11-19,1993-02-10
Financial Analyst,UAE,96065.49,2021-07-31,1973-12-20
Legal Counsel,Norway,105759.19,2015-01-08,1998-01-05
Finance Manager,Brazil,118035.48,2017-12-12,1978-12-03
Legal Counsel,Ireland,95484.51,2024-02-14,1980-05-10
Machine Learning Engineer,France,111444.92,2019-04-23,1998-01-13
VP of Engineering,Norway,218848.20,2018-08-26,2000-03-27
Full Stack Developer,USA,99863.97,2016-02-18,1976-09-25
Marketing Manager,UAE,94965.25,2024-10-15,1977-03-21
Backend Developer,Germany,101974.42,2018-03-07,1991-04-19
Finance Manager,Brazil,119458.90,2018-05-18,1981-08-01
HR Manager,USA,91205.20,2017-11-25,1999-02-02
Marketing Manager,Australia,89747.41,2018-06-03,1983-01-22
Scrum Master,Netherlands,97020.46,2019-09-19,1986-07-24
Business Analyst,USA,78551.22,2022-10-12,1981-11-22
Data Scientist,Norway,83029.25,2023-12-25,1999-08-07
DevOps Engineer,Switzerland,95594.69,2019-01-27,1985-09-13
System Administrator,Switzerland,56526.95,2020-06-09,1982-09-21
Scrum Master,UAE,86494.22,2018-06-21,1982-09-14
CTO,Singapore,192385.90,2020-10-17,1991-08-19
Scrum Master,UAE,90338.92,2015-10-07,1977-03-11
Backend Developer,Ireland,85471.92,2023-12-14,1989-11-26
Technical Writer,Germany,67451.53,2018-04-12,1993-04-08
Network Engineer,Singapore,91981.79,2023-04-16,1992-03-04
IT Specialist,Netherlands,60303.37,2018-07-27,1996-11-25
Graphic Designer,Japan,60295.43,2016-10-17,1977-11-02
VP of Engineering,Netherlands,211443.63,2018-07-22,1983-01-07
Software Engineer,Mexico,93157.81,2016-07-05,1982-09-06
DevOps Engineer,Singapore,99991.03,2022-11-20,1989-08-24
Database Administrator,Norway,75266.00,2024-12-13,2000-05-11
Database Administrator,UAE,73917.53,2020-09-26,2000-10-10
Legal Counsel,Ireland,114658.83,2023-06-25,1990-08-15
Finance Manager,Brazil,110354.80,2020-09-23,1973-05-27
Compliance Officer,Germany,95196.37,2020-12-27,1990-06-09
Operations Manager,Canada,86792.52,2022-06-22,1983-12-27
Senior Software Engineer,Germany,133704.88,2023-12-10,1971-01-24
Technical Writer,Canada,82807.26,2019-06-02,1988-04-21
Product Manager,Mexico,114490.68,2018-05-05,1987-08-01
Business Analyst,UAE,73375.31,2019-04-02,1995-01-13
Graphic Designer,USA,61169.20,2018-07-26,1987-05-20
Junior Developer,Netherlands,55978.46,2024-09-11,1990-02-27
Backend Developer,Norway,65424.39,2015-03-12,1995-07-02
UX Designer,New Zealand,82166.95,2024-12-03,1995-12-03
Senior Software Engineer,UK,93890.45,2021-04-13,1981-09-13
Project Manager,India,90587.16,2021-11-05,1975-08-21
Finance Manager,Norway,104167.11,2017-07-28,1970-04-05
Database Administrator,Denmark,85187.35,2015-04-12,2000-07-20
Junior Developer,USA,48854.04,2017-10-21,1986-11-12
IT Specialist,France,82956.57,2017-09-02,1975-05-31
CTO,Brazil,239596.84,2015-12-03,1979-10-24
Engineering Manager,Japan,149033.43,2020-05-02,1991-03-11
DevOps Engineer,South Africa,101038.76,2021-04-04,1989-03-31
QA Engineer,Ireland,67333.49,2018-04-18,1997-05-01
Technical Writer,Japan,58143.18,2016-09-27,1993-11-10
Finance Manager,UAE,87131.72,2015-11-10,1977-06-01
Full Stack Developer,South Africa,80063.01,2017-08-31,1978-07-28
System Administrator,India,85294.13,2021-09-07,1990-04-22
Junior Developer,Japan,64585.70,2016-02-06,1986-11-10
Financial Analyst,Switzerland,76285.61,2017-07-05,1973-10-31
Full Stack Developer,USA,71171.84,2023-09-18,1995-02-27
Compliance Officer,France,94772.56,2019-11-25,1975-11-15
IT Specialist,Sweden,55417.07,2022-11-19,1984-03-24
Compliance Officer,UAE,102512.47,2021-10-31,1997-02-21
Product Manager,Singapore,137889.05,2021-12-04,1979-03-02
Senior Software Engineer,New Zealand,107393.16,2020-08-06,1971-05-02
Security Analyst,Singapore,118269.18,2018-10-25,1994-06-06
Engineering Manager,New Zealand,152621.53,2017-12-03,1992-02-01
Backend Developer,South Africa,86475.38,2020-11-28,1993-03-24
QA Engineer,Switzerland,55179.00,2017-06-15,1992-02-24
Engineering Manager,Canada,163947.34,2021-11-25,1995-04-16
Network Engineer,UK,96940.63,2017-05-29,1971-04-22
Software Engineer,South Africa,79375.89,2020-06-20,1996-12-02
Network Engineer,UK,71265.68,2020-06-09,1973-02-20
Operations Manager,Germany,86357.94,2020-06-04,1977-12-06
Backend Developer,Germany,79708.93,2016-06-26,1992-06-10
Security Analyst,Canada,95544.91,2023-05-24,1973-06-10
Graphic Designer,Brazil,48079.38,2023-09-19,1977-11-26
Security Analyst,USA,103130.94,2019-12-13,1973-09-12
Content Writer,Netherlands,63024.43,2023-04-11,1977-03-28
Support Engineer,Switzerland,64466.56,2016-05-14,1988-03-16
Content Writer,UAE,41143.52,2019-01-22,1979-09-30
Machine Learning Engineer,Brazil,118532.83,2017-10-26,1984-03-06
Engineering Manager,Mexico,117873.62,2024-05-16,1994-11-30
Financial Analyst,Denmark,68231.89,2016-09-12,1975-01-04
DevOps Engineer,South Africa,112675.74,2016-10-30,1986-05-22
Customer Success Manager,Norway,92943.32,2017-11-20,1989-06-26
Engineering Manager,UK,120612.59,2016-04-18,1991-06-15
Data Analyst,Switzerland,81590.31,2016-11-03,1973-05-13
QA Engineer,USA,63981.79,2018-07-23,1971-07-05
Sales Manager,USA,113886.06,2023-07-21,1977-10-05
HR Manager,Japan,74063.07,2023-12-04,1987-06-10
IT Specialist,Canada,55320.20,2015-01-07,1977-09-08
Engineering Manager,Brazil,148105.45,2023-01-14,1977-08-24
Legal Counsel,Norway,137733.04,2017-04-13,1984-07-24
Software Engineer,Ireland,63876.07,2024-07-21,1974-08-01
CTO,Netherlands,195844.03,2020-11-28,1997-04-07
Business Analyst,France,93321.91,2022-08-06,1978-12-18
Junior Developer,France,63633.05,2017-05-12,1978-08-12
UI Designer,Mexico,81775.59,2018-01-31,1984-03-20
QA Engineer,Australia,71042.09,2023-06-29,1988-10-22
Marketing Manager,Denmark,77851.16,2016-02-06,1975-11-09
HR Manager,South Africa,98380.76,2017-02-01,1992-10-06
Content Writer,UAE,51596.68,2018-03-25,1982-12-04
CTO,India,277298.53,2020-04-28,1983-01-14
Technical Writer,Canada,78554.37,2016-07-16,1980-04-23
Software Engineer,Netherlands,61903.48,2017-01-09,1991-11-10
Support Engineer,Norway,65716.32,2017-07-29,2000-03-01
Business Analyst,Brazil,80168.15,2024-09-12,1978-03-22
Content Writer,Brazil,44264.45,2024-08-05,1994-04-10
Product Manager,India,132369.80,2020-02-08,1978-03-28
Support Engineer,India,60358.78,2016-08-21,1992-06-06
Scrum Master,Germany,95439.91,2015-06-28,1981-05-26
Senior Software Engineer,Switzerland,103380.26,2019-12-26,1971-04-05
Financial Analyst,Brazil,75030.12,2018-05-03,1974-06-16
Network Engineer,Sweden,81286.35,2015-10-09,1977-07-11
Customer Success Manager,France,95738.98,2021-09-20,1985-12-01
Junior Developer,Norway,54777.01,2020-06-01,1975-12-14
Machine Learning Engineer,India,135398.29,2018-11-16,1972-08-14
Operations Manager,Canada,96336.18,2017-06-05,1971-12-08
Software Engineer,India,90119.79,2024-03-25,1981-11-26
Cloud Architect,UK,101755.40,2020-05-09,1981-01-06
IT Specialist,Germany,60290.98,2015-07-21,1978-05-09
Scrum Master,Japan,102097.29,2022-07-26,1972-02-02
Engineering Manager,Mexico,130534.52,2015-08-01,1995-03-27
DevOps Engineer,New Zealand,98225.21,2024-08-06,1973-02-13
Junior Developer,Canada,48226.31,2019-10-26,1994-04-06
Product Manager,Denmark,119266.44,2017-08-25,1977-01-10
Frontend Developer,UK,76597.66,2016-10-22,1992-06-11
Marketing Manager,Mexico,99719.53,2017-08-19,1999-02-23
Legal Counsel,Denmark,141581.80,2021-09-06,1975-04-13
Security Analyst,USA,99287.27,2021-10-10,1976-11-19
Machine Learning Engineer,UAE,103179.70,2021-03-31,1983-01-31
Financial Analyst,UK,82181.12,2022-06-12,1991-08-07
Legal Counsel,Ireland,129490.80,2022-01-12,1997-09-18
Engineering Manager,Japan,157527.62,2021-03-25,1987-10-28
IT Specialist,Ireland,80497.08,2020-06-28,1999-07-17
Senior Software Engineer,Switzerland,133749.73,2020-02-11,1988-10-16
UI Designer,Switzerland,65894.09,2017-05-09,1989-05-03
Database Administrator,Canada,66654.29,2017-07-15,1999-08-26
CTO,France,245377.07,2019-03-08,1990-12-04
DevOps Engineer,UAE,112322.14,2016-10-14,1993-01-06
Junior Developer,Mexico,56441.97,2016-02-02,1979-04-02
Product Manager,USA,102456.67,2015-01-03,1971-03-03
Data Scientist,Mexico,98583.08,2020-12-14,1978-08-24
Support Engineer,Brazil,60111.53,2018-10-30,1974-05-17
UX Designer,Canada,79069.69,2020-12-08,1991-12-28
UI Designer,Switzerland,90900.72,2017-02-13,1977-08-08
Graphic Designer,Canada,48168.27,2022-03-07,1996-10-07
VP of Engineering,Switzerland,158627.48,2020-02-28,1981-12-15
Compliance Officer,Netherlands,92524.46,2019-02-06,1972-04-02
Operations Manager,Switzerland,90151.39,2018-12-30,1997-08-03
UI Designer,South Africa,62691.11,2022-08-27,1997-05-03
Sales Manager,Denmark,106737.69,2021-02-14,1979-09-10
IT Specialist,New Zealand,59550.20,2023-10-22,1991-05-02
Sales Manager,UK,100764.33,2023-10-23,1985-09-18
Data Analyst,Norway,85658.60,2017-01-04,1973-08-09
CTO,South Africa,276827.37,2019-08-28,1979-07-24
Backend Developer,Sweden,86667.50,2017-07-16,1991-11-03
Technical Writer,UK,66897.03,2016-10-13,1988-08-27
Operations Manager,Sweden,109938.89,2015-12-25,2000-08-08
Engineering Manager,India,121571.74,2020-11-30,1994-01-01
Legal Counsel,Denmark,141352.85,2021-10-08,1981-07-26
Cloud Architect,India,103261.05,2018-02-25,1993-10-17
Database Administrator,Japan,92319.19,2023-12-22,1975-01-15
Software Engineer,Ireland,68521.43,2023-08-24,1983-08-06
Technical Writer,Australia,80851.76,2023-08-04,1999-04-17
Legal Counsel,Ireland,120805.94,2019-02-22,1974-07-25
Machine Learning Engineer,France,105340.41,2024-11-09,1996-09-17
Security Analyst,Germany,81493.20,2016-02-14,1987-01-30
Business Analyst,Denmark,62121.46,2023-02-26,1992-03-10
Legal Counsel,Mexico,98890.32,2015-09-07,1995-04-10
Accountant,India,59786.81,2021-03-30,1997-07-29
Technical Writer,Sweden,63277.23,2020-11-13,1974-06-21
Engineering Manager,Canada,112760.04,2018-11-20,1994-12-20
Data Scientist,Ireland,107478.99,2023-08-01,1983-01-13
Support Engineer,South Africa,78357.13,2020-09-09,1984-08-21
Finance Manager,UK,85882.90,2021-04-28,1973-01-23
Cloud Architect,Australia,136866.66,2022-12-01,1997-12-22
Project Manager,Switzerland,80733.65,2022-09-23,1976-11-17
Product Manager,Netherlands,114155.63,2021-06-27,1970-02-16
Cloud Architect,France,148045.40,2020-10-14,1992-10-27
Operations Manager,Australia,93523.46,2022-12-18,1982-03-12
Senior Software Engineer,UK,100215.22,2022-06-29,1997-11-18
Sales Manager,France,118137.35,2016-01-18,1989-02-18
Customer Success Manager,Singapore,87730.56,2020-12-01,1985-09-17
HR Manager,Switzerland,84559.60,2016-05-16,1981-03-15
IT Specialist,Mexico,82340.90,2016-02-13,1993-01-02
Engineering Manager,Germany,159033.43,2023-12-17,1985-01-26
Cloud Architect,Australia,132149.01,2021-09-30,1974-02-02
UI Designer,USA,67003.13,2021-12-15,1995-07-27
Finance Manager,Switzerland,124995.03,2018-01-12,1981-10-08
Graphic Designer,Singapore,71761.02,2017-01-12,1971-10-05
VP of Engineering,USA,202826.84,2021-04-18,1986-09-28
Legal Counsel,USA,148934.48,2016-05-06,1988-02-01
QA Engineer,France,74191.66,2020-07-28,1994-03-16
Data Scientist,Sweden,101850.88,2024-03-04,1983-01-04
UX Designer,UK,77904.53,2024-12-19,2000-08-27
Database Administrator,Sweden,75250.56,2022-12-21,1985-07-26
Software Engineer,Sweden,70051.87,2021-04-13,1998-06-07
HR Manager,Mexico,98605.10,2017-08-21,1996-02-08
Accountant,Norway,78869.06,2018-03-14,1979-08-09
System Administrator,Denmark,84807.75,2016-07-06,1981-04-24
Network Engineer,Mexico,91433.63,2023-09-30,1972-06-12
QA Engineer,UAE,78702.03,2022-03-16,1974-06-14
Frontend Developer,Australia,69257.54,2015-01-09,1972-02-10
Sales Manager,New Zealand,76229.42,2019-08-14,1990-09-19
Frontend Developer,Singapore,60232.63,2017-11-11,1986-04-23
Legal Counsel,Denmark,115835.72,2017-02-16,1977-10-31
Frontend Developer,India,69005.80,2017-04-01,1994-08-14
UI Designer,UAE,88417.50,2022-05-19,1990-04-24
Compliance Officer,UAE,108461.66,2021-08-06,1997-04-16
Technical Writer,Canada,76437.06,2023-05-11,1997-09-08
DevOps Engineer,UK,80059.03,2022-05-10,1991-04-04
VP of Engineering,Germany,187357.74,2018-07-31,1977-05-20
DevOps Engineer,South Africa,111334.08,2018-10-22,1976-03-30
HR Manager,Australia,98310.56,2017-02-09,1985-03-28
Sales Manager,USA,97342.46,2024-02-03,1991-03-15
Financial Analyst,Netherlands,66335.30,2018-06-18,1999-07-17
Support Engineer,USA,58277.59,2017-03-11,1984-05-24
CTO,UAE,266220.29,2017-02-07,1972-02-15
Finance Manager,Switzerland,115745.87,2018-03-08,1975-10-11
IT Specialist,Mexico,69109.32,2021-04-28,1977-11-02
Customer Success Manager,UK,86833.66,2022-08-05,1985-02-01
Network Engineer,South Africa,65186.02,2020-02-02,1997-09-04
Senior Software Engineer,Brazil,104132.66,2022-12-27,1981-02-23
Finance Manager,Sweden,124761.00,2016-02-09,1975-04-12
DevOps Engineer,UK,123988.73,2023-08-15,1999-09-13
Project Manager,Germany,105418.10,2021-09-06,1977-01-08
Machine Learning Engineer,Canada,147096.64,2019-12-27,1978-04-14
UI Designer,Canada,86165.18,2016-06-06,1991-04-21
DevOps Engineer,Denmark,116964.59,2022-01-05,1977-07-27
Product Manager,South Africa,93172.68,2015-02-21,1986-09-22
Graphic Designer,USA,59096.70,2018-01-12,1982-01-26
Data Analyst,UK,59427.09,2015-07-26,1982-10-21
UX Designer,Denmark,91194.15,2024-04-17,2000-05-22
IT Specialist,UK,72308.50,2024-10-10,1995-07-29
Technical Writer,Canada,59794.17,2021-05-03,1986-05-29
Network Engineer,Australia,80940.58,2022-07-27,1984-02-15
Senior Software Engineer,Netherlands,103144.27,2017-06-02,1998-01-17
DevOps Engineer,Ireland,85111.20,2017-01-28,1970-07-14
Cloud Architect,Ireland,111284.37,2018-04-07,1981-02-03
Product Manager,Netherlands,127709.59,2016-08-30,2000-07-18
Graphic Designer,France,68038.25,2018-02-08,1970-08-07
Support Engineer,USA,59619.25,2023-09-11,1990-04-26
Full Stack Developer,Germany,95223.09,2017-03-13,1995-11-12
Junior Developer,Brazil,46248.33,2024-04-14,1984-03-24
Operations Manager,Mexico,109170.30,2022-01-10,1994-06-27
Business Analyst,Switzerland,91325.81,2023-08-29,1975-12-12
Engineering Manager,Norway,142725.15,2024-05-18,1984-10-25
Compliance Officer,Sweden,113035.95,2024-07-10,1981-04-11
UX Designer,Switzerland,101622.28,2015-05-11,1989-03-13
Full Stack Developer,Australia,83136.13,2024-09-16,1991-01-21
Customer Success Manager,USA,81876.89,2015-04-11,1989-10-02
Engineering Manager,South Africa,164174.20,2021-11-15,1976-08-30
UI Designer,Australia,77777.99,2022-03-27,1980-08-30
UX Designer,Netherlands,65009.51,2015-11-28,1997-10-03
Network Engineer,Canada,74896.24,2022-08-20,1986-10-30
Business Analyst,Japan,76965.02,2023-04-21,1989-10-25
Scrum Master,Brazil,75852.66,2023-07-22,1999-12-02
Backend Developer,Ireland,71396.54,2020-02-26,1991-10-03
UX Designer,South Africa,71584.40,2017-07-10,1993-05-02
Finance Manager,Denmark,99647.63,2016-04-02,1978-07-31
Content Writer,Norway,40066.72,2019-03-21,1995-04-12
Business Analyst,Ireland,65732.88,2017-02-28,1970-06-29
Business Analyst,Canada,71015.68,2017-06-26,1989-11-28
Database Administrator,India,71432.45,2016-07-01,1984-04-29
Network Engineer,Switzerland,77965.80,2018-04-16,1973-08-11
Legal Counsel,UAE,98402.12,2022-04-07,1988-04-06
Backend Developer,Canada,86449.77,2017-07-20,1979-01-16
Compliance Officer,Switzerland,77918.64,2015-01-16,1994-05-19
Compliance Officer,UAE,108688.47,2022-05-17,1970-03-15
IT Specialist,Denmark,81950.94,2020-10-13,1987-12-22
Junior Developer,USA,47926.66,2022-05-08,1989-02-13
UX Designer,Japan,78179.05,2023-12-06,1978-02-13
QA Engineer,Mexico,62586.76,2022-06-16,1988-02-20
UI Designer,India,62821.72,2020-08-01,1991-08-29
Technical Writer,Mexico,79029.26,2023-07-31,1997-11-17
Backend Developer,Germany,87114.31,2016-11-30,1983-05-30
Marketing Manager,UK,88959.33,2018-06-06,1970-08-02
Network Engineer,UK,91626.92,2017-11-08,1997-04-24
Backend Developer,Australia,95986.92,2020-05-20,1995-12-11
Business Analyst,USA,60471.06,2020-08-21,1971-09-23
Content Writer,France,49036.09,2017-09-06,1990-08-04
Security Analyst,South Africa,84371.89,2024-05-29,1979-05-12
Full Stack Developer,India,104618.13,2021-06-04,1990-12-09
Customer Success Manager,Norway,91116.09,2023-04-06,1976-02-10
Network Engineer,Canada,69212.74,2015-04-27,1977-08-14
CTO,UAE,233059.84,2020-06-13,1997-09-09
Sales Manager,Singapore,87025.50,2016-05-01,1974-12-30
Technical Writer,Canada,70386.46,2016-07-08,1992-05-29
Security Analyst,Denmark,91148.53,2015-12-09,1987-07-03
HR Manager,India,68240.58,2016-11-15,1982-04-20
Cloud Architect,Singapore,117369.60,2019-02-07,1993-11-25
Accountant,Singapore,53815.27,2020-07-23,1970-09-04
Customer Success Manager,South Africa,98872.07,2021-12-12,1979-10-04
QA Engineer,USA,83089.64,2024-02-05,1987-12-11
Technical Writer,Denmark,55097.24,2021-01-19,1973-02-03
Scrum Master,UK,84040.19,2021-08-05,1982-10-26
Customer Success Manager,Ireland,97375.96,2019-11-04,1998-06-17
Technical Writer,Sweden,84326.05,2021-09-24,1999-12-16
UX Designer,Canada,94399.06,2015-11-16,1985-12-18
Finance Manager,Singapore,101815.68,2015-07-24,1983-08-16
QA Engineer,USA,64936.62,2016-08-23,1981-04-02
Legal Counsel,Denmark,124828.63,2018-05-27,1971-02-20
Senior Software Engineer,Netherlands,135709.98,2024-07-19,2000-06-13
DevOps Engineer,Singapore,89577.84,2016-04-01,1978-03-06
Senior Software Engineer,South Africa,130110.91,2021-05-19,1996-09-11
Graphic Designer,Switzerland,49620.74,2020-08-22,1973-08-01
Accountant,Brazil,62214.98,2024-05-17,1997-06-05
Frontend Developer,Singapore,84998.69,2024-02-22,1986-03-30
DevOps Engineer,Singapore,115306.72,2022-05-23,1987-02-25
Project Manager,Switzerland,95306.96,2017-01-03,1984-12-06
Network Engineer,Mexico,85011.07,2020-04-12,1970-11-13
Accountant,India,77521.18,2023-08-01,1999-11-05
Data Scientist,UAE,93261.42,2016-10-28,1984-07-29
System Administrator,India,62914.42,2018-02-24,1993-06-11
Data Analyst,Switzerland,71291.38,2018-04-06,1982-08-06
Security Analyst,Brazil,102528.83,2022-04-22,1995-02-20
Senior Software Engineer,Norway,92102.11,2021-12-28,1983-06-29
Financial Analyst,USA,97748.56,2019-01-14,1973-03-08
Frontend Developer,South Africa,86975.41,2016-12-23,1998-09-03
Customer Success Manager,Australia,71235.86,2015-06-02,1982-03-03
Compliance Officer,New Zealand,83146.20,2019-12-10,1995-08-07
Data Scientist,Singapore,82421.85,2019-04-22,1978-01-21
DevOps Engineer,Brazil,124044.21,2021-05-25,1975-09-09
Support Engineer,UAE,61009.03,2021-07-15,1994-02-14
Compliance Officer,South Africa,82947.79,2022-01-18,1980-01-17
Legal Counsel,Ireland,138671.91,2024-02-19,1984-09-18
HR Manager,Denmark,80362.83,2015-11-12,1988-01-05
Data Scientist,Netherlands,87435.60,2018-12-27,1971-07-11
Technical Writer,Ireland,79883.14,2016-08-10,1976-01-01
Machine Learning Engineer,Denmark,141621.08,2024-02-25,1976-01-19
Senior Software Engineer,Mexico,100179.28,2021-01-22,1996-08-13
Content Writer,Switzerland,45129.58,2017-05-12,1980-07-02
Software Engineer,USA,89586.14,2015-12-16,1985-12-29
Accountant,Sweden,68469.50,2016-01-04,1972-11-15
HR Manager,Singapore,69791.62,2023-09-07,1973-09-05
Security Analyst,Australia,89082.20,2021-05-05,1999-10-01
Junior Developer,Ireland,69711.62,2020-03-13,1991-11-15
Data Analyst,Singapore,57433.15,2020-07-12,1983-06-18
Full Stack Developer,UK,78873.12,2020-09-06,1992-12-04
UI Designer,Japan,75058.88,2021-06-18,1998-06-22
Network Engineer,Australia,85251.09,2019-01-01,1988-03-21
Machine Learning Engineer,Ireland,142829.88,2016-03-13,1978-06-30
Product Manager,India,113687.36,2019-10-12,1988-08-21
Graphic Designer,Japan,51226.87,2019-07-20,1997-11-20
DevOps Engineer,Ireland,99238.48,2019-01-07,1980-11-19
Network Engineer,Mexico,88729.62,2024-07-31,1994-03-28
Customer Success Manager,New Zealand,71823.56,2015-08-19,1972-01-27
DevOps Engineer,New Zealand,109600.43,2016-03-12,1985-09-15
HR Manager,South Africa,96539.46,2024-11-10,1994-03-05
Customer Success Manager,Germany,98905.50,2020-12-30,1981-05-11
Security Analyst,Brazil,106184.27,2015-07-17,1987-07-28
Product Manager,France,122789.93,2015-08-04,1971-06-30
Product Manager,Denmark,133570.87,2019-03-06,1991-04-16
Engineering Manager,Japan,132369.96,2018-02-04,1970-04-08
Technical Writer,New Zealand,67621.39,2018-04-30,1999-08-28
Operations Manager,UAE,105425.19,2015-03-27,1981-10-16
CTO,UAE,216815.99,2023-06-05,1980-04-07
Security Analyst,Ireland,108936.64,2016-08-12,1985-02-17
UI Designer,UK,80428.08,2020-03-26,2000-01-30
Junior Developer,Ireland,69805.83,2019-11-28,1974-09-15
Project Manager,Mexico,116645.87,2019-05-16,1991-11-04
Business Analyst,France,73351.60,2015-08-31,1986-10-21
Junior Developer,USA,50817.76,2016-04-24,1997-03-12
Finance Manager,Canada,114388.93,2022-06-18,1978-08-03
Content Writer,UAE,64469.67,2024-09-14,1973-08-10
Business Analyst,Japan,78693.84,2016-06-01,1989-08-17
UI Designer,Sweden,81607.93,2017-06-29,1977-03-14
Technical Writer,Australia,72368.14,2016-02-03,1988-12-07
IT Specialist,Norway,81322.23,2019-05-13,1972-12-08
Finance Manager,UAE,120147.51,2016-07-17,1971-07-01
Legal Counsel,Canada,104391.21,2018-10-22,1994-04-10
Product Manager,Sweden,127058.37,2024-06-17,2000-03-16
Database Administrator,Japan,66622.89,2020-04-14,1981-10-15
Financial Analyst,UAE,71946.64,2019-02-15,1984-08-26
Marketing Manager,Norway,81247.64,2016-01-13,1987-10-24
UX Designer,Brazil,97417.99,2015-04-11,1979-01-06
Software Engineer,Switzerland,67356.69,2015-05-18,1998-12-07
Content Writer,India,60323.42,2015-03-21,1973-06-05
UX Designer,Australia,92660.07,2017-06-02,1981-04-04
Project Manager,UAE,101006.15,2019-04-30,1990-01-17
Data Scientist,Australia,117945.03,2024-08-24,2000-08-07
Cloud Architect,Ireland,106218.69,2019-08-11,1996-07-16
QA Engineer,New Zealand,72099.92,2023-06-01,1987-10-24
Data Scientist,UAE,80203.37,2021-01-10,1974-08-31
Business Analyst,UK,65081.15,2018-11-29,1978-01-20
Financial Analyst,Canada,65948.31,2020-04-15,1988-12-03
Financial Analyst,UAE,90419.88,2024-08-27,1985-01-22
Junior Developer,UAE,61474.07,2018-07-02,1972-04-01
Business Analyst,Australia,77348.07,2017-09-06,1993-08-31
UX Designer,Denmark,75340.23,2021-07-26,1994-01-07
Junior Developer,UAE,45606.27,2023-09-25,1997-04-21
Marketing Manager,South Africa,82413.39,2020-04-28,1997-02-27
Machine Learning Engineer,India,137613.05,2022-03-18,1991-10-26
Frontend Developer,France,81850.78,2017-08-27,1986-02-26
Legal Counsel,Japan,116130.99,2021-02-25,1985-01-10
Graphic Designer,Ireland,56386.03,2018-01-11,1992-09-06
IT Specialist,Norway,70452.92,2024-08-13,1984-05-10
Security Analyst,Australia,96028.59,2023-12-13,1978-09-22
Product Manager,Singapore,134647.93,2020-01-22,1991-03-17
Legal Counsel,UAE,129139.03,2022-03-01,1996-06-26
Engineering Manager,Denmark,133321.90,2024-02-29,1996-12-18
Engineering Manager,Ireland,154293.33,2023-11-27,1999-11-27
Scrum Master,South Africa,91243.81,2016-01-09,1991-05-24
Junior Developer,Sweden,56915.80,2023-05-10,1994-03-04
CTO,USA,230623.95,2022-10-10,1992-12-11
Sales Manager,Canada,93830.92,2021-02-17,1973-08-25
Technical Writer,UAE,67798.62,2018-01-08,1989-02-07
Compliance Officer,Mexico,91533.05,2023-12-29,1988-10-22
QA Engineer,UAE,55868.31,2019-02-08,1993-02-06
Data Scientist,Germany,90257.94,2020-08-21,1998-06-25
Backend Developer,Sweden,104822.61,2015-11-02,1971-12-08
CTO,Sweden,199353.20,2024-09-16,1997-12-26
Backend Developer,Japan,67315.36,2019-05-10,1988-02-25
CTO,USA,235475.34,2017-07-18,1984-10-21
Graphic Designer,Germany,60775.83,2024-08-27,1973-07-02
Full Stack Developer,UK,108443.83,2015-07-14,1974-09-15
Data Scientist,Mexico,90062.37,2016-12-23,1995-10-07
DevOps Engineer,Sweden,119731.75,2016-03-14,1994-08-20
Product Manager,Australia,92373.90,2016-12-13,1992-10-04
Business Analyst,France,76113.79,2021-08-22,1994-11-02
Full Stack Developer,UK,73734.71,2024-01-11,1989-12-24
Database Administrator,Australia,92899.98,2015-11-15,1982-10-28
Accountant,Brazil,67423.67,2021-01-04,1998-11-20
Compliance Officer,Australia,81789.03,2016-10-13,1983-08-01
UX Designer,Singapore,83565.66,2017-02-25,1991-04-19
Data Analyst,Germany,56763.16,2019-07-26,1978-09-16
Business Analyst,France,84059.78,2017-03-04,1978-02-08
Accountant,Brazil,60858.11,2024-07-27,1973-09-30
Compliance Officer,Australia,95945.52,2020-04-27,1991-04-18
Security Analyst,Brazil,116498.64,2016-07-03,1998-09-24
Backend Developer,UAE,70544.35,2018-09-14,1990-04-21
Junior Developer,USA,45079.52,2024-04-03,1992-10-29
Network Engineer,India,82745.30,2016-04-08,1984-06-27
UX Designer,Norway,90013.22,2016-01-18,1983-02-28
UX Designer,Brazil,96842.96,2016-07-24,1984-04-07
IT Specialist,Norway,79884.21,2021-09-06,1990-09-12
UX Designer,Ireland,81561.16,2022-06-11,1982-10-17
Compliance Officer,Japan,82524.88,2020-11-05,1991-05-26
Full Stack Developer,Ireland,88415.77,2015-05-09,2000-07-31
DevOps Engineer,UAE,122052.70,2023-05-06,1990-09-24
Product Manager,UK,127707.75,2024-10-05,1971-01-18
CTO,New Zealand,230548.64,2017-04-22,1987-10-20
Engineering Manager,Germany,149010.27,2023-06-18,1971-10-12
Marketing Manager,Canada,105174.38,2023-01-28,1993-05-14
Operations Manager,Mexico,96777.72,2015-12-21,1998-08-10
Technical Writer,USA,72219.41,2015-08-04,1985-05-03
VP of Engineering,Brazil,150789.13,2016-09-23,1985-03-21
Scrum Master,Australia,88244.05,2019-04-09,1994-10-07
Finance Manager,India,124789.67,2016-09-18,1992-10-07
Graphic Designer,Mexico,56968.42,2017-08-10,2000-01-18
Support Engineer,Netherlands,73780.81,2019-12-10,1978-07-24
VP of Engineering,Brazil,197665.29,2015-04-11,1983-12-31
Senior Software Engineer,France,116178.98,2019-01-26,1994-03-28
Product Manager,UK,138138.40,2015-06-01,1986-09-29
Operations Manager,France,81385.17,2019-04-21,1988-07-31
Operations Manager,Canada,98519.74,2023-10-10,1982-09-21
CTO,Norway,211157.79,2020-02-05,1980-05-23
Senior Software Engineer,Singapore,133279.37,2022-07-21,1977-06-23
Backend Developer,Mexico,79779.41,2018-04-22,1990-12-03
Operations Manager,South Africa,96771.93,2021-03-31,1986-05-19
QA Engineer,India,62987.78,2023-02-08,1983-10-29
Machine Learning Engineer,Brazil,112738.89,2016-12-15,1973-09-10
IT Specialist,Ireland,82866.97,2022-08-02,1973-03-08
Business Analyst,Ireland,74780.14,2018-12-06,1984-06-07
Graphic Designer,Netherlands,68287.27,2016-10-17,1989-02-06
QA Engineer,Japan,75328.46,2024-09-08,1986-04-28
Content Writer,Australia,54919.57,2016-09-16,1976-09-29
Technical Writer,Netherlands,59703.48,2021-06-16,1991-03-18
QA Engineer,Australia,63564.55,2016-10-16,1990-05-13
Data Analyst,Australia,78303.92,2018-08-28,1972-04-19
Marketing Manager,Canada,94385.76,2018-02-26,1973-10-15
Network Engineer,India,80971.92,2024-07-08,1998-10-26
Content Writer,Ireland,55112.61,2024-12-24,1985-06-11
Sales Manager,UK,75377.46,2023-12-28,1987-03-05
UX Designer,Australia,69932.45,2019-05-31,1977-04-05
Cloud Architect,Switzerland,133456.57,2018-10-10,1987-06-26
Security Analyst,Singapore,98902.76,2024-02-28,1987-12-27
DevOps Engineer,Singapore,91898.17,2023-06-22,1997-12-28
UX Designer,Netherlands,93995.22,2022-11-23,1995-04-28
Product Manager,Canada,123979.08,2022-07-17,1994-02-14
Data Scientist,Singapore,125705.85,2018-02-15,1973-08-24
Technical Writer,UK,65372.38,2020-07-17,1994-03-20
Accountant,Singapore,71762.84,2019-03-21,1972-07-20
Customer Success Manager,India,74009.41,2017-06-30,1986-06-26
QA Engineer,Denmark,70921.22,2024-02-07,1975-08-23
Junior Developer,Sweden,56401.35,2015-11-11,1990-03-19
Machine Learning Engineer,Norway,126543.33,2019-11-07,1996-05-15
Support Engineer,Netherlands,78323.69,2021-10-01,1976-09-14
Frontend Developer,Singapore,91933.47,2016-01-13,1971-03-11
Financial Analyst,France,74510.42,2018-05-01,1972-01-09
Customer Success Manager,New Zealand,98050.49,2019-02-26,1995-01-16
Sales Manager,Sweden,86100.76,2018-12-20,1984-08-11
CTO,Switzerland,205497.78,2021-09-03,1981-06-07
Cloud Architect,Denmark,154004.26,2024-06-12,1987-11-09
Product Manager,Australia,107507.56,2015-08-08,1980-09-07
Product Manager,Japan,110743.07,2017-04-25,1974-07-29
System Administrator,USA,79221.78,2019-04-26,1988-12-12
CTO,Australia,271598.61,2018-10-17,1982-06-14
Frontend Developer,Canada,85376.06,2017-07-11,1988-05-08
HR Manager,Canada,78541.14,2018-12-25,1971-10-03
Sales Manager,South Africa,83225.91,2023-05-22,1987-12-07
Backend Developer,Norway,73662.06,2024-07-26,2000-10-13
Customer Success Manager,Australia,88448.82,2024-12-21,1988-01-10
Marketing Manager,Netherlands,90174.17,2018-03-01,1998-06-20
Scrum Master,UK,76034.33,2016-10-11,1983-11-12
Compliance Officer,France,103129.31,2024-05-05,1995-04-22
Project Manager,Sweden,109907.78,2017-04-15,1979-01-06
Network Engineer,Ireland,79525.77,2019-12-12,1977-03-17
Operations Manager,Switzerland,77244.50,2016-10-14,1980-09-16
HR Manager,Norway,97266.50,2017-11-13,1991-10-01
Senior Software Engineer,UK,120292.03,2019-11-25,1985-01-06
UI Designer,Norway,80228.65,2019-10-04,1984-10-03
QA Engineer,Canada,74062.42,2020-01-25,1994-03-02
CTO,India,210369.28,2024-09-20,1979-06-13
VP of Engineering,USA,194824.17,2019-04-22,1993-02-10
HR Manager,Switzerland,83592.15,2023-05-11,1993-05-11
Graphic Designer,UAE,66743.97,2024-06-23,1979-01-17
Scrum Master,Australia,75301.50,2016-05-29,1980-02-02
HR Manager,Japan,89594.79,2016-11-16,1980-03-03
System Administrator,Germany,70579.60,2019-08-04,1999-05-02
Data Analyst,South Africa,61054.23,2022-10-29,1973-12-27
Marketing Manager,Mexico,109025.16,2020-05-27,1981-10-25
Support Engineer,New Zealand,73278.24,2019-05-16,1996-01-31
Marketing Manager,Norway,98241.55,2015-10-30,1981-03-03
Compliance Officer,Ireland,108638.17,2020-07-12,1999-03-13
VP of Engineering,South Africa,180717.06,2018-05-30,1976-12-09
Frontend Developer,France,65068.93,2022-03-22,1986-01-16
Content Writer,Brazil,58373.82,2019-12-09,1982-10-24
Engineering Manager,Mexico,162469.53,2021-08-05,1992-12-06
IT Specialist,Norway,70825.09,2015-02-18,1984-07-25
Data Analyst,Sweden,55809.36,2018-02-10,1995-12-05
Operations Manager,New Zealand,114718.16,2024-01-10,2000-10-05
Backend Developer,Japan,68211.82,2018-12-27,1977-05-20
UX Designer,Mexico,96460.78,2023-06-06,1992-07-03
Software Engineer,Australia,71201.16,2018-10-05,1998-04-08
Financial Analyst,South Africa,83917.93,2016-11-11,1977-10-19
Software Engineer,France,82281.13,2023-06-25,1970-05-11
Cloud Architect,Japan,114096.09,2016-08-07,1987-09-01
Cloud Architect,Norway,144039.86,2018-04-20,1989-04-10
Backend Developer,Norway,73011.46,2023-02-13,1989-07-03
Technical Writer,Denmark,57334.80,2023-06-27,1984-06-09
Data Scientist,Australia,120927.44,2016-11-30,1979-04-25
Accountant,France,79192.17,2022-10-05,1981-08-09
Support Engineer,Sweden,53583.25,2015-06-27,1992-06-05
Customer Success Manager,Australia,81730.71,2019-01-14,1997-05-22
Backend Developer,Brazil,78528.83,2021-09-12,1990-02-12
VP of Engineering,Japan,218752.94,2023-10-07,1973-12-07
Data Scientist,Japan,93505.03,2019-10-15,1971-07-27
Product Manager,Germany,122681.02,2017-12-03,1995-06-15
CTO,Australia,207554.33,2016-08-26,1970-12-15
Engineering Manager,Brazil,153356.43,2019-02-09,1970-12-18
Graphic Designer,France,52387.56,2018-03-29,1976-10-20
HR Manager,Brazil,94227.34,2021-10-11,1994-02-01
Full Stack Developer,Canada,89871.22,2020-01-17,1973-09-12
Network Engineer,UK,84061.59,2020-12-20,1970-01-02
Scrum Master,New Zealand,90735.41,2015-08-04,1971-10-06
Customer Success Manager,Norway,90284.41,2019-03-18,1970-11-17
QA Engineer,Denmark,56170.59,2018-01-18,1979-03-17
Content Writer,Germany,56232.00,2017-07-28,1977-07-12
UX Designer,Denmark,89666.44,2020-05-29,1988-10-03
VP of Engineering,India,178595.17,2015-12-07,1987-11-28
Senior Software Engineer,Brazil,96743.12,2021-12-03,1988-05-12
Machine Learning Engineer,USA,124033.23,2024-06-10,1974-01-15
Network Engineer,Netherlands,93871.96,2022-05-06,1990-12-05
Machine Learning Engineer,Singapore,145687.32,2019-06-19,1995-02-25
Compliance Officer,Brazil,92621.25,2015-06-13,1970-08-03
Accountant,Mexico,58227.25,2022-10-16,1992-10-17
VP of Engineering,Netherlands,214084.75,2022-04-03,1992-12-10
Project Manager,Denmark,90122.66,2017-02-13,1988-03-19
Database Administrator,Norway,65474.34,2018-04-03,1981-07-09
Senior Software Engineer,Germany,95746.50,2024-07-15,1983-11-02
DevOps Engineer,Norway,99899.81,2023-06-02,1998-01-13
Operations Manager,Sweden,86772.10,2024-01-05,1996-01-13
Marketing Manager,Germany,108820.97,2020-09-26,1973-02-12
Senior Software Engineer,India,96945.72,2021-12-24,1987-07-25
Support Engineer,Singapore,67996.96,2020-06-12,1976-06-11
Network Engineer,New Zealand,89428.99,2017-06-28,1992-03-02
HR Manager,UAE,82884.93,2015-10-11,1991-10-24
System Administrator,Sweden,66081.40,2016-03-20,1988-07-27
Data Analyst,South Africa,69960.21,2019-10-20,1985-07-04
Customer Success Manager,UAE,87089.45,2015-07-10,1970-02-27
Database Administrator,UAE,76063.35,2016-05-18,1976-08-17
Finance Manager,USA,100462.13,2018-11-26,1997-04-25
HR Manager,Denmark,94891.28,2019-04-06,1983-03-27
UX Designer,Australia,70987.56,2024-06-26,1977-04-05
UI Designer,Denmark,71693.51,2018-11-06,1985-11-25
Data Analyst,Denmark,82588.69,2017-08-18,1972-10-19
Security Analyst,Sweden,93085.53,2024-12-16,1973-10-25
HR Manager,Japan,71108.33,2024-11-30,1976-11-30
Finance Manager,Brazil,93039.50,2021-05-07,1975-12-21
Finance Manager,Norway,112319.56,2021-10-05,1995-09-29
Operations Manager,New Zealand,114759.03,2019-02-26,1975-03-23
Backend Developer,UK,71480.69,2017-01-28,1986-03-21
Software Engineer,Australia,94393.67,2016-01-12,1979-01-12
Machine Learning Engineer,USA,118101.29,2016-01-28,1986-07-12
Business Analyst,Sweden,81556.21,2023-08-30,1979-02-05
Accountant,Brazil,51310.14,2023-04-28,1990-06-24
Project Manager,France,106648.29,2022-03-03,1984-09-12
Engineering Manager,UK,115933.59,2023-03-14,1996-04-06
System Administrator,France,89616.98,2022-08-24,1977-01-04
Junior Developer,UAE,51494.61,2018-07-26,1991-08-02
Machine Learning Engineer,Denmark,107521.55,2018-02-20,1973-04-11
Machine Learning Engineer,Mexico,104000.25,2024-02-08,1996-07-27
Machine Learning Engineer,Ireland,134449.83,2017-01-21,1990-10-25
Product Manager,France,141029.91,2017-11-10,1987-09-22
Engineering Manager,Canada,143425.90,2015-01-20,1987-09-10
IT Specialist,Mexico,75127.59,2016-01-18,1975-03-20
Network Engineer,Australia,83396.50,2018-11-23,1986-11-12
Compliance Officer,UAE,114560.89,2015-04-04,1977-07-02
Junior Developer,Australia,60403.70,2022-08-03,1982-12-12
Backend Developer,Canada,97139.39,2023-04-25,1976-02-12
QA Engineer,USA,80029.48,2017-12-05,1997-03-09
UX Designer,Sweden,91656.36,2017-05-25,1978-07-09
Operations Manager,Japan,99232.92,2024-06-05,1979-07-16
Customer Success Manager,UK,78659.69,2022-03-03,1993-10-19
Product Manager,Singapore,98532.44,2020-03-20,1971-02-12
Finance Manager,Singapore,114110.46,2021-11-07,1974-11-28
Content Writer,Netherlands,46322.11,2023-11-06,2000-01-05
Marketing Manager,India,95967.34,2015-09-07,1972-03-04
IT Specialist,Canada,77189.22,2022-11-22,1991-04-13
Senior Software Engineer,India,99335.80,2020-11-19,2000-08-07
Data Scientist,UAE,100613.99,2019-08-31,1971-12-30
Graphic Designer,UK,57921.89,2024-05-24,1975-03-09
UX Designer,Singapore,68475.06,2021-02-22,1989-09-02
IT Specialist,Japan,61799.66,2015-04-20,1990-09-05
Backend Developer,Mexico,81057.76,2020-12-15,1983-03-05
Business Analyst,Australia,77403.32,2024-01-09,1983-11-03
DevOps Engineer,Switzerland,108864.13,2020-09-27,1987-10-11
CTO,Ireland,185180.57,2017-09-13,1970-11-20
Engineering Manager,UAE,164834.94,2018-10-18,1994-03-10
Accountant,Japan,56023.14,2020-11-29,1979-12-01
Data Analyst,Mexico,77813.81,2023-01-21,1983-04-12
Engineering Manager,New Zealand,114752.13,2023-05-24,1995-01-30
VP of Engineering,Japan,171378.45,2019-02-21,1986-11-01
Senior Software Engineer,Singapore,128601.20,2018-12-13,1981-11-26
IT Specialist,France,59827.95,2020-08-20,1995-10-09
Cloud Architect,France,108739.51,2022-03-26,1975-04-03
QA Engineer,UK,61954.43,2017-07-08,1991-11-12
Project Manager,Ireland,94625.30,2019-10-16,1984-07-05
Marketing Manager,Ireland,95901.08,2017-12-04,1970-06-06
Backend Developer,Sweden,66258.18,2018-08-06,1990-06-12
UI Designer,Canada,85541.08,2017-12-12,1994-07-25
CTO,Canada,194864.60,2022-02-08,1979-01-26
Accountant,Mexico,62838.69,2021-04-20,1974-04-09
Sales Manager,Netherlands,113779.86,2020-01-11,1975-12-04
Operations Manager,Netherlands,109214.09,2019-03-09,1979-03-12
CTO,Netherlands,243669.69,2023-08-02,1979-12-27
Machine Learning Engineer,Singapore,97000.66,2021-11-15,1975-03-04
HR Manager,Switzerland,92978.19,2020-01-13,1984-04-21
Full Stack Developer,New Zealand,73018.76,2021-06-10,2000-08-14
Data Analyst,Germany,76170.39,2021-05-03,1980-02-25
Customer Success Manager,Ireland,66269.09,2023-08-28,1982-03-27
HR Manager,South Africa,96747.61,2023-07-15,1996-11-06
Project Manager,Ireland,83343.50,2022-12-23,1992-05-15
Content Writer,New Zealand,41173.92,2020-06-01,1986-12-04
Machine Learning Engineer,India,100850.88,2017-11-30,1977-10-06
HR Manager,UK,78727.98,2016-06-28,1974-08-16
QA Engineer,India,80035.93,2018-12-02,1991-12-25
Backend Developer,USA,88715.12,2023-03-25,1982-11-11
Support Engineer,France,59692.25,2018-04-12,1973-03-17
Network Engineer,Japan,76893.65,2016-10-25,1998-08-21
Marketing Manager,Netherlands,82439.27,2022-02-01,1971-05-04
HR Manager,Japan,90209.06,2021-07-07,1998-08-03
IT Specialist,Japan,56162.32,2022-04-08,1979-12-05
Financial Analyst,Ireland,68363.01,2015-08-25,1990-04-20
Marketing Manager,Ireland,105403.42,2023-03-15,1985-08-18
Network Engineer,Sweden,95425.08,2023-08-15,1974-09-10
Cloud Architect,Mexico,151252.69,2024-07-05,1983-05-18
System Administrator,Denmark,59560.26,2018-05-27,1974-10-11
Content Writer,Mexico,58379.83,2017-05-22,1987-01-14
UX Designer,Denmark,84636.61,2019-04-25,1982-07-27
HR Manager,South Africa,75434.05,2020-12-11,1995-03-04
Scrum Master,UK,101583.10,2016-11-17,1988-04-26
Frontend Developer,Norway,87635.24,2023-12-10,1987-04-01
CTO,Norway,260439.45,2020-05-09,1993-09-11
Security Analyst,Norway,75191.18,2018-08-30,2000-09-27
Junior Developer,UK,61167.75,2019-07-12,1995-11-30
Senior Software Engineer,Sweden,99044.90,2020-10-10,1995-02-09
QA Engineer,Norway,76422.50,2017-11-13,1978-05-22
Customer Success Manager,UAE,76895.62,2021-07-24,1978-07-04
Business Analyst,USA,83617.39,2020-07-19,1997-05-05
Software Engineer,Australia,79971.39,2024-12-08,1990-05-12
System Administrator,Canada,87687.74,2022-07-15,2000-03-26
Financial Analyst,Mexico,81021.22,2020-12-02,1978-08-23
Financial Analyst,Switzerland,97572.75,2018-09-04,1999-01-22
Backend Developer,Switzerland,72900.22,2015-09-10,1975-11-11
QA Engineer,Australia,69972.25,2024-01-18,1989-12-22
Engineering Manager,Sweden,167497.17,2022-10-08,1993-09-26
VP of Engineering,Ireland,161049.21,2024-12-23,1987-08-20
Scrum Master,Singapore,89408.32,2020-01-30,1971-06-11
Customer Success Manager,France,78889.29,2020-11-10,1977-02-23
Accountant,New Zealand,74628.77,2024-08-31,1993-08-01
Graphic Designer,South Africa,72029.39,2022-03-10,1983-01-02
DevOps Engineer,Netherlands,105629.76,2024-10-19,1998-01-04
System Administrator,Norway,58709.57,2019-11-01,1988-07-13
Compliance Officer,Australia,104979.35,2023-12-30,1979-08-31
Compliance Officer,Sweden,77364.72,2020-05-25,1986-02-21
Product Manager,Japan,119271.78,2017-01-12,1986-06-08
Support Engineer,Switzerland,70035.05,2023-07-23,1985-12-17
Software Engineer,USA,86285.25,2018-07-24,1999-05-29
CTO,France,186572.52,2017-08-10,1999-11-23
Graphic Designer,France,48538.35,2015-08-21,1970-10-03
Project Manager,Canada,99787.51,2023-07-08,1973-01-19
Product Manager,Germany,101736.95,2020-09-26,1976-05-01
Backend Developer,Germany,101514.26,2016-03-14,1972-12-23
Scrum Master,Germany,75032.53,2018-09-28,1999-07-03
Sales Manager,Netherlands,81607.05,2020-12-10,1996-12-04
Engineering Manager,Ireland,112011.50,2015-01-24,2000-02-03
HR Manager,Brazil,65785.64,2021-02-03,1995-06-04
Frontend Developer,Singapore,70789.38,2024-08-17,1973-08-19
Sales Manager,Denmark,81646.27,2019-07-14,1981-10-11
Graphic Designer,USA,58751.47,2019-12-04,2000-05-10
VP of Engineering,New Zealand,179436.90,2020-11-09,1996-07-23
Network Engineer,India,92617.03,2022-07-26,1996-06-14
Database Administrator,Japan,73581.98,2023-09-21,1985-08-11
DevOps Engineer,New Zealand,117442.19,2024-12-08,1975-10-18
Marketing Manager,France,95854.39,2021-09-04,1984-06-04
Frontend Developer,Canada,90511.44,2017-12-07,1978-08-01
Data Analyst,Japan,69486.41,2019-03-09,1985-02-10
Scrum Master,Norway,79905.20,2016-03-19,1995-11-14
Network Engineer,France,80086.95,2016-03-16,1986-05-22
UI Designer,UAE,84003.52,2024-06-27,1980-08-12
Legal Counsel,Denmark,111367.93,2021-10-03,1970-05-04
Legal Counsel,New Zealand,140842.01,2017-06-30,1973-10-07
UI Designer,Japan,94060.43,2022-08-14,1995-09-04
Network Engineer,New Zealand,74955.68,2024-08-08,1987-05-23
Business Analyst,Sweden,91106.76,2016-10-12,1986-05-13
QA Engineer,Sweden,75157.34,2024-01-04,1982-03-08
Backend Developer,Singapore,75535.34,2018-03-06,1995-07-15
Machine Learning Engineer,India,99493.15,2019-08-18,1991-11-22
Software Engineer,New Zealand,74393.75,2020-05-29,1972-08-09
VP of Engineering,India,160987.36,2015-10-18,1985-02-08
Software Engineer,Netherlands,73090.30,2022-03-29,1997-12-21
Network Engineer,UAE,85055.47,2023-01-03,1983-01-03
Business Analyst,UAE,72332.49,2022-03-16,1981-06-29
VP of Engineering,South Africa,200193.41,2021-04-23,1986-03-09
Project Manager,Mexico,119292.26,2021-12-01,2000-05-30
UX Designer,UAE,103156.87,2021-08-27,1999-09-20
Content Writer,India,53437.12,2016-09-24,1996-05-08
Operations Manager,India,94941.32,2020-03-16,1995-06-18
Operations Manager,New Zealand,89366.01,2018-10-09,1974-07-01
Data Scientist,UAE,111965.77,2016-12-01,1981-08-27
Technical Writer,Australia,71828.20,2017-06-05,1984-01-16
Database Administrator,Germany,97306.35,2019-12-04,1976-08-18
Full Stack Developer,Denmark,92551.20,2016-03-08,1973-02-26
Legal Counsel,Australia,134326.53,2015-03-25,1970-03-16
Sales Manager,Canada,77670.05,2024-11-01,1976-02-20
Technical Writer,Germany,76709.13,2015-02-04,1971-09-08
Full Stack Developer,Denmark,96924.23,2023-02-12,1998-09-15
Full Stack Developer,Australia,105264.15,2016-08-24,1979-03-10
Data Scientist,Canada,88182.54,2023-03-02,1992-08-16
Compliance Officer,Switzerland,106574.55,2023-12-08,1994-06-17
Graphic Designer,France,60882.52,2021-12-25,1999-11-20
Project Manager,Norway,111381.83,2023-11-18,1991-05-15
Frontend Developer,South Africa,96676.66,2019-02-16,1970-01-27
CTO,Denmark,256270.03,2024-09-27,1998-05-01
QA Engineer,Germany,56492.02,2021-11-13,1990-04-12
Network Engineer,Sweden,95178.09,2022-03-09,1973-04-08
Frontend Developer,Denmark,75974.65,2019-04-29,1981-01-28
Business Analyst,Singapore,92949.82,2017-02-19,1998-06-29
Frontend Developer,New Zealand,89141.37,2018-07-27,1989-04-08
Backend Developer,Australia,65818.82,2015-10-30,1970-12-30
Scrum Master,South Africa,98060.39,2023-12-28,1982-12-03
Product Manager,Singapore,124494.81,2023-08-06,1975-11-24
Operations Manager,France,114851.27,2021-04-10,1972-12-28
Graphic Designer,Ireland,63092.86,2024-07-02,1976-05-02
Compliance Officer,France,94800.30,2020-06-13,1974-06-16
Finance Manager,France,116720.84,2018-12-08,1970-04-11
Cloud Architect,India,117694.74,2020-01-28,1971-07-10
Data Scientist,Japan,118726.90,2015-08-16,1982-11-04
Software Engineer,Mexico,67954.22,2019-02-09,1988-04-08
Content Writer,Switzerland,59392.65,2017-04-15,1994-04-14
Customer Success Manager,South Africa,99134.28,2024-02-19,1991-10-06
Backend Developer,Switzerland,88725.73,2017-01-11,1997-04-22
Customer Success Manager,Germany,75817.89,2015-06-20,1991-02-25
UI Designer,USA,83768.68,2021-04-23,1985-11-12
Data Scientist,UAE,106265.00,2023-01-21,1976-06-21
Junior Developer,UAE,68717.50,2017-10-03,1973-08-17
IT Specialist,UAE,82455.39,2019-03-22,1971-10-25
Accountant,USA,70796.85,2015-11-09,1972-09-17
Legal Counsel,Singapore,133887.67,2017-06-25,1993-08-10
Business Analyst,Denmark,90735.42,2022-09-02,1982-10-04
Operations Manager,Mexico,77151.70,2022-01-29,1994-09-23
CTO,Netherlands,279711.66,2015-03-24,1989-05-12
Machine Learning Engineer,Canada,144392.51,2015-09-24,1984-01-27
Financial Analyst,Germany,98008.21,2018-03-27,1983-06-10
UI Designer,France,64531.75,2018-06-30,1977-11-12
Full Stack Developer,Singapore,95451.61,2024-01-19,1985-07-27
Finance Manager,Singapore,119403.30,2019-07-27,2000-05-26
Customer Success Manager,France,90178.01,2018-01-25,1984-11-08
Software Engineer,Brazil,91972.89,2023-11-12,1989-06-11
DevOps Engineer,Norway,101637.20,2016-03-19,1993-03-15
Operations Manager,Singapore,106483.88,2021-12-21,1987-03-20
Network Engineer,Switzerland,92622.48,2020-05-29,1976-05-18
Database Administrator,Denmark,93191.47,2016-10-07,1978-03-15
Project Manager,UK,88443.57,2022-12-18,1977-06-02
Backend Developer,Canada,95942.15,2021-04-30,1997-09-10
Sales Manager,Norway,79624.85,2024-04-27,1972-06-22
Scrum Master,Japan,102828.06,2022-05-13,1998-11-10
System Administrator,South Africa,69352.52,2018-03-29,1984-06-15
Database Administrator,Mexico,86973.67,2015-10-18,1981-12-11
Software Engineer,Canada,87728.31,2022-05-18,1982-09-15
Accountant,Australia,76108.94,2015-08-23,1974-03-31
Junior Developer,Singapore,45544.58,2017-05-15,1990-08-20
Full Stack Developer,Germany,93857.46,2019-10-17,1973-12-21
System Administrator,Canada,70480.24,2020-07-12,1970-10-17
Database Administrator,India,75205.13,2018-09-05,1985-07-29
Full Stack Developer,UAE,109371.69,2020-12-13,1987-03-04
System Administrator,Netherlands,76476.31,2015-02-28,1992-05-02
Technical Writer,New Zealand,59951.30,2019-05-07,1979-08-21
Operations Manager,Denmark,97796.74,2021-05-16,1996-12-09
Financial Analyst,UK,67310.98,2023-10-03,1976-06-10
Financial Analyst,Sweden,87261.92,2023-01-28,1997-10-24
Senior Software Engineer,India,96556.72,2017-06-28,1979-09-18
Business Analyst,Japan,64503.68,2016-09-21,1998-12-01
Machine Learning Engineer,Denmark,101965.61,2022-12-14,1988-06-16
Cloud Architect,Netherlands,121329.75,2023-03-10,1995-09-21
VP of Engineering,UAE,174405.75,2023-08-29,1971-06-24
Data Scientist,Singapore,110222.21,2023-09-02,1990-11-20
Data Scientist,Norway,128480.53,2023-02-09,1970-05-31
VP of Engineering,Canada,153521.89,2020-11-17,1987-01-16
DevOps Engineer,UK,121390.16,2021-08-19,1981-04-08
Senior Software Engineer,South Africa,128325.26,2017-12-26,2000-06-25
Accountant,Brazil,58525.57,2015-06-13,1993-02-28
Finance Manager,Switzerland,111646.28,2015-10-18,1998-12-26
Graphic Designer,Mexico,45052.95,2016-01-10,1992-02-03
Junior Developer,Mexico,61081.35,2020-02-12,1976-05-10
Data Scientist,Denmark,103478.62,2015-11-14,1980-10-12
Business Analyst,Mexico,80054.17,2024-05-02,1985-01-01
Backend Developer,Switzerland,68543.75,2017-02-15,1993-07-11
Scrum Master,Singapore,101845.66,2024-12-02,1978-06-06
Business Analyst,Germany,89016.62,2015-05-19,1995-03-11
Network Engineer,UK,91018.28,2023-06-01,1998-05-20
Support Engineer,Ireland,56857.84,2017-10-14,1995-10-30
DevOps Engineer,Netherlands,110534.60,2022-12-05,1999-12-01
Senior Software Engineer,Sweden,107537.18,2020-06-07,1999-08-05
Data Scientist,Switzerland,98945.26,2015-04-25,1984-12-21
Accountant,France,78837.75,2021-12-10,1973-09-15
Operations Manager,Canada,101026.25,2020-02-27,1990-09-24
Project Manager,France,119756.01,2016-02-20,1986-05-06
QA Engineer,South Africa,61688.63,2020-12-06,1998-07-07
Legal Counsel,France,102274.52,2017-12-19,1976-03-23
DevOps Engineer,UAE,91935.73,2019-08-15,1972-06-10
Machine Learning Engineer,Brazil,98073.06,2024-05-07,1983-08-24
Machine Learning Engineer,Switzerland,142804.16,2020-02-23,1990-11-04
Machine Learning Engineer,Sweden,133047.72,2021-08-17,1991-09-03
Engineering Manager,Germany,140846.75,2015-08-22,1971-01-16
Junior Developer,Sweden,45502.68,2021-03-10,1971-10-15
Junior Developer,UAE,66332.97,2020-03-20,1983-09-26
Business Analyst,New Zealand,67575.94,2020-05-04,1993-05-17
Product Manager,South Africa,141699.43,2023-12-20,1978-10-07
Network Engineer,Norway,73376.91,2022-10-30,1970-04-30
Machine Learning Engineer,Sweden,113082.83,2017-08-16,2000-10-27
System Administrator,Sweden,77696.37,2020-05-02,1990-01-14
System Administrator,Sweden,63352.75,2017-06-04,1987-07-12
Full Stack Developer,Mexico,107318.28,2022-02-22,1975-10-27
Sales Manager,Switzerland,99294.43,2016-03-08,1990-09-24
HR Manager,France,92419.64,2019-09-01,1981-02-26
Machine Learning Engineer,Mexico,145400.91,2023-12-29,1977-08-18
Senior Software Engineer,Denmark,132844.14,2021-05-28,1986-03-28
Data Scientist,South Africa,110968.88,2023-11-29,1985-05-19
IT Specialist,UK,77272.80,2016-08-09,1979-07-27
Junior Developer,France,50231.78,2020-01-07,1994-07-02
Backend Developer,Japan,92638.80,2018-11-14,1977-01-26
Data Analyst,UK,84146.15,2021-11-01,1990-08-21
QA Engineer,Sweden,59681.40,2016-11-24,1983-10-09
Scrum Master,Singapore,80723.83,2020-07-01,1979-09-09
Compliance Officer,Ireland,100487.00,2018-06-21,1995-01-20
CTO,UK,259414.81,2019-08-22,1980-07-04
QA Engineer,Switzerland,60474.64,2015-07-13,1976-12-30
Product Manager,Mexico,106971.21,2015-12-12,1987-09-15
Support Engineer,Netherlands,54565.66,2015-06-26,1977-03-27
Data Scientist,Denmark,128606.20,2015-03-08,1975-09-20
Database Administrator,India,82880.30,2019-06-26,1985-02-17
Product Manager,Denmark,107563.48,2022-02-23,1972-08-14
System Administrator,Denmark,64190.15,2021-10-31,1989-02-03
Sales Manager,Japan,97310.37,2022-04-23,1979-05-05
System Administrator,Germany,74376.91,2024-02-20,1983-08-23
Legal Counsel,South Africa,125017.45,2019-12-18,1993-10-02
HR Manager,Sweden,91852.52,2020-04-11,1979-06-18
Data Analyst,Australia,77247.65,2018-04-11,1990-06-07
QA Engineer,France,68671.89,2015-07-31,1980-07-27
Cloud Architect,France,129255.58,2015-01-07,2000-07-05
Project Manager,Ireland,94796.87,2021-08-31,1976-02-22
Security Analyst,Ireland,76271.67,2022-09-23,1980-05-27
Scrum Master,India,75879.84,2020-03-07,1970-02-16
Financial Analyst,Sweden,77985.94,2015-08-14,1973-03-14
Finance Manager,UAE,114039.15,2015-09-16,1981-08-31
VP of Engineering,Canada,151397.22,2020-10-04,1988-06-06
Financial Analyst,Mexico,79076.32,2017-06-01,1981-07-06
Machine Learning Engineer,India,102158.00,2016-06-25,1989-01-08
QA Engineer,USA,75061.93,2019-02-26,1991-08-28
CTO,Canada,198550.23,2022-01-23,1986-04-22
System Administrator,UK,69163.25,2022-07-30,1971-05-05
Technical Writer,UK,82950.25,2022-09-23,1981-03-03
Accountant,Netherlands,71413.83,2023-10-11,1993-10-14
CTO,Ireland,267352.29,2019-06-20,1972-07-09
CTO,Canada,267740.84,2019-04-11,1997-01-05
IT Specialist,Brazil,61064.73,2023-05-05,1984-08-28
UX Designer,Japan,82096.50,2024-09-19,1983-03-29
Operations Manager,Norway,93120.16,2015-10-20,1973-10-26
Software Engineer,India,60116.08,2021-02-06,1994-04-15
System Administrator,Japan,81914.81,2015-02-05,1984-02-23
Scrum Master,Japan,96222.89,2019-03-28,1977-06-03
Network Engineer,Germany,66840.19,2016-01-20,1972-10-07
Technical Writer,France,77161.33,2015-01-14,1979-07-07
Operations Manager,South Africa,76603.72,2020-11-27,1996-03-26
Operations Manager,Singapore,95536.96,2018-10-19,1992-03-15
Database Administrator,Sweden,99956.13,2023-10-27,1974-09-19
Engineering Manager,Ireland,154549.99,2017-09-25,1971-12-16
System Administrator,Germany,77427.61,2024-02-03,1975-06-05
Full Stack Developer,UK,87637.16,2020-02-02,1970-11-18
Network Engineer,Singapore,97361.34,2015-06-17,1982-05-24
Marketing Manager,Switzerland,89950.31,2015-01-27,1982-02-17
Project Manager,Ireland,106542.40,2020-08-08,1979-09-16
Operations Manager,India,81523.29,2015-09-13,1979-10-09
UI Designer,UK,93968.32,2024-04-20,1971-08-11
Graphic Designer,India,50724.34,2015-03-26,1986-04-23
Project Manager,Norway,103556.69,2016-02-15,1971-12-10
Engineering Manager,UAE,136079.49,2015-01-26,1996-03-11
Support Engineer,Canada,75030.01,2016-09-05,1994-03-13
Customer Success Manager,UAE,78608.11,2023-06-01,1972-05-24
Sales Manager,Singapore,111249.24,2016-07-29,1996-01-22
System Administrator,New Zealand,83376.62,2016-06-26,1996-05-08
IT Specialist,Ireland,64016.25,2023-02-17,1980-10-30
Graphic Designer,India,53313.32,2016-04-23,1981-05-27
Product Manager,Japan,95919.61,2016-11-24,1971-11-04
Marketing Manager,Ireland,97154.51,2022-11-16,1999-10-08
Accountant,Switzerland,67586.86,2019-06-10,1996-01-06
Frontend Developer,UK,86945.12,2021-04-11,1988-05-05
Financial Analyst,Brazil,99363.01,2024-04-17,1970-11-20
System Administrator,Sweden,87006.82,2017-06-12,1972-06-17
HR Manager,Netherlands,80833.09,2024-10-19,1993-09-24
Accountant,Norway,71546.47,2021-11-20,1991-07-26
Sales Manager,India,100591.50,2015-06-21,1988-02-18
Financial Analyst,UAE,83455.78,2018-07-29,1992-08-07
Support Engineer,New Zealand,61993.11,2016-01-28,1983-02-01
Backend Developer,Ireland,70872.30,2024-06-22,1999-12-02
Engineering Manager,Switzerland,146281.68,2023-05-11,1993-08-17
Content Writer,UAE,42515.22,2015-05-27,1987-08-07
HR Manager,New Zealand,93114.53,2016-05-14,1986-10-04
Cloud Architect,Netherlands,121114.15,2024-05-01,1984-09-07
Sales Manager,UAE,89205.58,2015-11-10,1993-05-22
Project Manager,New Zealand,108939.96,2023-07-16,2000-02-01
Technical Writer,Germany,64409.72,2021-02-14,1983-08-08
Full Stack Developer,USA,89266.93,2015-10-07,1976-12-22
IT Specialist,Switzerland,63521.81,2023-03-26,1977-04-20
Finance Manager,UAE,123351.82,2019-04-01,1985-10-08
Finance Manager,Canada,109452.80,2021-05-08,1978-04-21
CTO,USA,254098.30,2017-03-13,1990-10-31
Data Scientist,Germany,104706.55,2023-11-09,1989-09-24
Engineering Manager,France,115931.50,2018-01-05,1987-07-03
Graphic Designer,New Zealand,64283.42,2023-02-22,1993-06-10
Sales Manager,Germany,108055.85,2021-08-05,1985-10-10
Product Manager,South Africa,100618.70,2016-04-03,1990-12-22
Project Manager,Japan,88191.15,2015-01-22,1985-01-19
Accountant,Netherlands,79280.56,2023-10-12,1986-06-06
Network Engineer,Germany,80608.97,2019-04-14,1989-07-02
Sales Manager,USA,117335.12,2020-03-12,1983-02-26
Cloud Architect,Mexico,113663.21,2019-11-23,1983-12-26
VP of Engineering,Norway,205508.52,2021-11-28,1976-05-08
UX Designer,UAE,73526.57,2020-10-23,1996-01-29
Engineering Manager,Switzerland,127925.56,2020-05-07,1977-11-13
Accountant,Switzerland,64853.11,2024-06-15,1992-03-03
Operations Manager,New Zealand,110869.75,2015-09-23,1992-02-23
Business Analyst,Germany,90795.06,2015-06-12,1985-04-23
Product Manager,Singapore,123894.34,2024-05-28,1971-01-13
Financial Analyst,Mexico,79805.75,2016-03-26,1973-11-17
QA Engineer,Ireland,57843.04,2018-02-27,1997-01-18
Customer Success Manager,Sweden,81267.70,2021-11-19,1979-06-06
Network Engineer,Canada,77627.13,2018-06-02,1976-07-27
Finance Manager,Mexico,87276.44,2015-11-22,1986-02-17
Machine Learning Engineer,Mexico,101190.77,2015-12-01,1975-11-08
Support Engineer,New Zealand,50611.82,2023-11-16,1988-04-17
Customer Success Manager,Ireland,65714.03,2024-01-04,1989-10-17
Financial Analyst,France,66516.78,2023-09-18,1984-01-02
Project Manager,Germany,99948.49,2019-10-10,1997-05-09
DevOps Engineer,Sweden,99086.78,2017-07-28,1982-07-13
VP of Engineering,New Zealand,196403.82,2024-05-17,1976-03-04
Database Administrator,India,91988.91,2017-01-05,1978-05-23
HR Manager,Canada,77487.16,2021-04-07,1977-10-06
Content Writer,Canada,60410.24,2016-09-05,1974-01-17
Network Engineer,Brazil,83263.14,2023-05-05,1989-01-13
DevOps Engineer,Japan,121186.08,2016-09-13,1987-04-16
CTO,Ireland,266833.14,2019-01-26,1972-08-08
Data Scientist,Canada,103203.26,2016-04-04,1997-07-03
Financial Analyst,New Zealand,91895.75,2021-05-13,1985-12-09
Graphic Designer,Sweden,55531.05,2019-04-11,1977-11-02
Frontend Developer,France,85459.98,2017-11-19,1978-07-25
Cloud Architect,Germany,156537.85,2023-09-02,1992-11-03
UI Designer,South Africa,67955.67,2016-07-07,1974-08-04
Finance Manager,India,125386.37,2021-08-13,1982-04-27
Database Administrator,Switzerland,66869.25,2018-09-11,1997-04-28
Customer Success Manager,South Africa,87738.27,2020-09-07,1994-07-24
Product Manager,Norway,113199.12,2022-01-29,1990-03-11
Business Analyst,Brazil,63344.38,2019-05-01,1973-05-25
Engineering Manager,South Africa,152010.60,2016-05-12,2000-11-28
QA Engineer,Norway,64927.17,2019-11-08,1982-11-28
VP of Engineering,Denmark,165103.60,2020-01-02,1978-02-23
Finance Manager,Denmark,107317.38,2016-08-20,1970-12-23
Customer Success Manager,Denmark,96408.35,2016-03-20,1979-12-23
Financial Analyst,South Africa,99519.70,2015-09-15,1999-10-23
Technical Writer,UK,61245.82,2024-10-21,1984-04-09
Operations Manager,USA,104207.38,2020-06-08,1990-06-24
Project Manager,Norway,98706.56,2015-03-22,1992-05-16
Support Engineer,Brazil,67266.37,2024-09-23,1990-02-28
Senior Software Engineer,Ireland,131402.64,2023-10-12,1997-12-09
Finance Manager,Sweden,92549.42,2016-09-30,1979-11-21
Data Scientist,France,123549.66,2024-02-11,1975-05-24
Accountant,Mexico,78658.67,2018-08-31,1977-12-06
Compliance Officer,Norway,86479.38,2017-11-03,1981-05-15
DevOps Engineer,UAE,117914.49,2024-07-29,1972-04-11
VP of Engineering,Sweden,176936.00,2018-05-19,1983-01-02
Support Engineer,Switzerland,55619.19,2023-10-28,1996-06-12
Graphic Designer,Japan,56856.67,2024-02-19,1981-01-03
Network Engineer,France,83046.58,2021-09-03,1993-03-17
Project Manager,France,104440.87,2019-05-19,1987-03-12
IT Specialist,South Africa,64517.78,2018-07-18,1979-07-25
Security Analyst,Singapore,78998.16,2018-08-31,1986-10-28
Compliance Officer,Singapore,104874.42,2015-05-28,1976-07-29
Backend Developer,Sweden,78916.53,2016-10-05,1980-04-10
Finance Manager,USA,115075.02,2022-12-02,1973-01-18
Data Scientist,Germany,117982.64,2018-02-02,1991-12-31
Marketing Manager,UAE,78256.24,2023-04-15,1985-02-27
Product Manager,France,117059.97,2016-10-03,1998-09-05
Technical Writer,Australia,80777.34,2023-01-11,1985-10-03
Frontend Developer,Sweden,61051.50,2015-12-09,1979-02-26
Data Scientist,UAE,96258.58,2024-06-21,1979-10-14
Accountant,Sweden,68077.76,2020-10-23,1990-12-12
Technical Writer,South Africa,76987.09,2022-06-10,1978-12-23
Database Administrator,Mexico,75866.84,2023-11-22,1998-05-03
UI Designer,Ireland,82785.25,2016-08-04,1983-05-08
Frontend Developer,UAE,70043.83,2018-08-26,1991-09-03
Senior Software Engineer,Singapore,120435.38,2024-05-08,1990-12-28
Project Manager,Brazil,112368.49,2023-12-19,1999-03-02
Senior Software Engineer,Norway,129964.47,2017-12-14,1989-05-14
Content Writer,New Zealand,54842.88,2022-02-20,1979-10-07
QA Engineer,UAE,71934.56,2020-11-19,1972-10-19
Graphic Designer,UAE,64792.79,2015-07-26,1989-06-27
Machine Learning Engineer,Ireland,112356.56,2018-09-19,1984-05-14
HR Manager,Singapore,88748.63,2022-10-19,1994-01-21
Full Stack Developer,Switzerland,108847.90,2020-03-26,1985-12-21
Graphic Designer,Singapore,67792.53,2018-11-15,1992-11-05
Cloud Architect,New Zealand,139098.99,2021-12-05,1976-05-29
Software Engineer,UK,66153.38,2024-05-21,1990-05-14
Data Scientist,Mexico,93135.04,2018-09-08,1989-05-04
Engineering Manager,Mexico,122150.48,2015-01-09,1985-12-23
Compliance Officer,Netherlands,86118.15,2024-11-14,1983-06-17
IT Specialist,Singapore,83975.64,2016-11-29,1998-03-27
Operations Manager,New Zealand,112914.20,2018-04-20,1987-06-04
Graphic Designer,Singapore,66497.27,2016-08-03,1997-11-26
Customer Success Manager,Brazil,69938.74,2017-10-28,1996-04-27
Senior Software Engineer,USA,114658.10,2022-04-19,1973-01-16
Customer Success Manager,Australia,97943.86,2023-08-10,1985-06-28
Machine Learning Engineer,Singapore,99095.44,2016-07-20,2000-04-26
HR Manager,India,77416.17,2019-09-12,1998-07-25
Engineering Manager,Mexico,161223.37,2017-05-31,1994-11-11
Support Engineer,Netherlands,56855.55,2017-09-30,1995-07-27
QA Engineer,New Zealand,74084.99,2019-03-16,1991-12-14
Data Analyst,Sweden,73477.99,2017-01-04,1979-10-30
Machine Learning Engineer,Germany,95304.66,2017-07-19,1998-07-02
Data Analyst,Ireland,70564.45,2016-04-17,1971-04-13
VP of Engineering,India,172434.56,2022-05-25,1998-09-20
Accountant,Denmark,53294.24,2020-03-11,1980-12-25
Database Administrator,Singapore,83957.30,2022-01-21,1992-01-20
Network Engineer,Norway,77235.11,2018-08-05,1992-11-20
CTO,Ireland,244631.33,2018-03-23,1984-05-21
UX Designer,UAE,69743.48,2020-08-23,1993-08-30
Accountant,Brazil,50915.54,2019-12-19,1974-08-13
System Administrator,Netherlands,61702.19,2020-07-31,1982-01-14
Business Analyst,Ireland,82856.06,2016-05-26,2000-01-10
Engineering Manager,Singapore,136073.75,2024-06-18,2000-05-05
DevOps Engineer,Brazil,85876.11,2022-09-12,1998-10-25
Network Engineer,India,65662.95,2017-03-06,1983-12-30
Cloud Architect,Netherlands,121307.70,2016-09-21,1998-08-07
HR Manager,New Zealand,68689.49,2015-01-10,1975-09-10
VP of Engineering,Mexico,169447.61,2016-09-25,1995-06-03
Marketing Manager,Singapore,99672.69,2015-03-10,1993-07-04
Accountant,Denmark,62427.52,2019-06-29,1978-12-12
QA Engineer,USA,83537.93,2016-01-05,1988-04-24
Database Administrator,Sweden,67701.02,2022-09-28,1993-11-14
Security Analyst,Norway,93368.19,2017-04-25,1990-12-20
Data Scientist,India,100121.19,2021-11-26,1988-05-20
UI Designer,Mexico,76069.19,2023-12-29,1975-02-19
Machine Learning Engineer,Netherlands,115704.08,2022-02-24,1997-12-29
Network Engineer,Denmark,65334.35,2016-06-17,1970-12-12
Network Engineer,France,68228.56,2015-02-28,1990-08-20
CTO,France,213289.41,2017-08-20,1984-01-20
Software Engineer,Denmark,85073.31,2016-03-09,1971-01-22
QA Engineer,Mexico,62037.72,2023-09-23,1984-03-19
Accountant,UAE,79844.18,2020-11-16,1987-10-04
Support Engineer,Switzerland,73061.02,2019-08-29,1973-07-11
Scrum Master,France,75035.31,2020-01-16,1974-06-13
Technical Writer,Germany,60561.07,2019-10-09,1985-07-28
Frontend Developer,Ireland,86161.87,2024-04-29,1985-11-02
Data Analyst,Canada,66975.77,2023-03-18,1986-04-27
System Administrator,Netherlands,68247.15,2023-10-24,1974-05-07
Finance Manager,South Africa,98684.41,2024-02-27,1971-12-12
HR Manager,Ireland,77954.97,2020-03-08,1992-02-24
VP of Engineering,UAE,209091.01,2018-02-21,1983-06-01
Support Engineer,Japan,75379.77,2018-06-12,1996-09-12
UI Designer,Norway,89317.65,2020-10-22,1998-01-23
Frontend Developer,USA,75792.39,2024-12-01,1994-06-13
IT Specialist,Singapore,77381.49,2016-11-15,1975-07-03
Finance Manager,India,124708.23,2016-12-29,1995-03-25
UX Designer,Sweden,94004.70,2020-09-21,1993-05-19
Senior Software Engineer,Netherlands,119397.47,2023-05-12,1988-01-03
Finance Manager,New Zealand,106447.33,2020-06-26,1997-03-05
Customer Success Manager,France,99095.31,2021-03-21,1987-02-05
Product Manager,USA,94597.40,2015-02-14,1974-09-07
QA Engineer,Singapore,56759.76,2020-08-05,1973-11-16
Financial Analyst,UK,65095.02,2017-03-10,1986-09-12
Product Manager,Mexico,118580.86,2021-11-23,1994-11-20
Security Analyst,India,102643.85,2015-09-11,1993-09-03
Data Analyst,UAE,82729.56,2015-06-29,1997-04-13
Junior Developer,France,65044.04,2024-05-09,1971-03-27
Data Scientist,Germany,87594.54,2018-05-10,1972-11-16
HR Manager,Singapore,73528.20,2021-11-12,1991-11-22
Data Scientist,India,110597.88,2019-11-07,1973-03-24
Cloud Architect,Brazil,117817.86,2017-08-01,1992-07-21
Marketing Manager,Canada,104898.05,2015-05-09,1989-08-31
Support Engineer,USA,72822.71,2022-10-29,1975-08-28
Senior Software Engineer,Australia,99290.95,2021-06-27,1996-08-02
Data Analyst,South Africa,65871.65,2019-05-03,1990-06-19
Accountant,Mexico,64556.90,2019-09-06,1970-05-09
Project Manager,Norway,80937.04,2019-05-23,1973-07-21
Support Engineer,Netherlands,62544.88,2024-09-21,1978-05-08
Security Analyst,Denmark,79395.49,2020-01-14,1988-08-07
Engineering Manager,New Zealand,132512.44,2023-07-01,1992-09-28
Network Engineer,Switzerland,94158.31,2024-05-20,1979-08-04
Junior Developer,South Africa,50507.53,2019-11-25,1998-10-15
Frontend Developer,France,93498.10,2016-12-16,1975-03-30
Database Administrator,France,81199.96,2021-05-14,1985-12-22
Product Manager,Japan,135999.83,2019-03-30,1988-03-18
Product Manager,UAE,133478.61,2015-05-10,1977-07-26
Engineering Manager,New Zealand,129318.66,2022-02-04,1999-01-28
Engineering Manager,Singapore,156561.76,2016-10-03,1981-09-13
QA Engineer,South Africa,81212.37,2023-11-19,1978-05-08
Graphic Designer,Singapore,49947.46,2022-12-14,1972-09-14
Finance Manager,UAE,111838.49,2021-10-29,1987-07-06
Graphic Designer,South Africa,73528.18,2024-07-09,1972-03-06
QA Engineer,USA,76280.25,2019-11-14,1986-10-16
Engineering Manager,Netherlands,114218.11,2022-04-19,1998-08-31
Compliance Officer,France,110638.54,2018-07-01,1973-02-07
Data Scientist,Australia,100893.05,2024-06-20,1974-05-01
VP of Engineering,Sweden,190514.69,2021-11-03,1988-02-11
Junior Developer,France,46560.26,2021-09-16,1998-01-13
Support Engineer,Switzerland,67265.03,2015-10-15,1991-08-07
Compliance Officer,Ireland,100973.77,2022-02-23,1988-09-22
Scrum Master,Sweden,78900.13,2015-06-20,1997-05-14
Frontend Developer,Singapore,94706.23,2017-11-18,1970-06-22
Full Stack Developer,Canada,89160.12,2023-11-19,1985-05-26
Backend Developer,Brazil,99344.67,2023-01-06,1981-12-01
Operations Manager,Ireland,77019.25,2020-07-11,1981-01-26
Content Writer,Australia,49951.98,2016-05-18,1984-12-20
Security Analyst,USA,92878.84,2019-08-27,1976-10-29
QA Engineer,Switzerland,56637.46,2018-05-04,1988-03-10
Junior Developer,Japan,55836.63,2024-03-19,1994-10-01
Backend Developer,UK,99802.54,2021-09-04,1975-08-17
Scrum Master,USA,77018.78,2018-09-04,1973-01-05
Compliance Officer,UK,98047.20,2024-09-12,1997-02-14
Frontend Developer,India,70767.77,2017-11-18,1983-05-05
Data Scientist,Germany,85981.24,2024-04-24,1990-01-27
Accountant,Sweden,69707.58,2018-08-06,1973-10-01
Software Engineer,South Africa,80094.20,2022-02-26,1996-02-09
VP of Engineering,USA,209840.67,2020-08-18,1970-01-21
Network Engineer,Sweden,81424.85,2024-07-08,1975-11-17
Network Engineer,Denmark,86307.35,2017-12-20,1999-11-18
Frontend Developer,Canada,86989.32,2023-03-21,1981-02-03
Senior Software Engineer,Ireland,95195.46,2018-06-01,1977-10-07
Full Stack Developer,Brazil,93010.23,2019-07-26,1992-04-11
CTO,Canada,208509.47,2018-11-10,1974-09-23
Cloud Architect,UAE,126589.86,2020-03-31,1971-06-12
Junior Developer,Japan,59192.86,2020-03-06,1991-04-04
DevOps Engineer,Norway,107986.76,2023-01-15,1981-01-20
Legal Counsel,Singapore,130385.98,2016-04-28,1975-08-27
Customer Success Manager,Switzerland,84232.65,2017-10-01,1985-04-04
Finance Manager,New Zealand,97201.53,2022-09-18,1990-04-06
Finance Manager,Sweden,103908.60,2024-02-22,1986-05-24
Data Analyst,Switzerland,57422.93,2022-02-06,1997-12-19
Accountant,Sweden,54461.58,2020-01-19,1976-04-14
Compliance Officer,France,99203.45,2016-03-31,1975-05-28
Junior Developer,Norway,68253.95,2018-11-12,1978-02-12
Backend Developer,France,73759.52,2017-03-20,1980-10-08
IT Specialist,Netherlands,70393.47,2017-11-09,1971-08-09
Security Analyst,India,108793.17,2016-11-16,1979-02-06
Junior Developer,South Africa,58526.39,2020-03-22,1983-06-05
Project Manager,UK,92438.82,2020-08-18,1992-10-26
VP of Engineering,Singapore,182836.39,2023-05-16,1997-07-04
DevOps Engineer,Singapore,118228.06,2021-07-11,1995-04-15
Data Analyst,France,73870.55,2017-05-17,1998-07-21
Database Administrator,Brazil,96721.30,2022-02-16,1972-10-03
Scrum Master,New Zealand,80359.57,2024-06-12,1984-07-24
Technical Writer,Mexico,78330.52,2016-12-15,1988-05-18
Financial Analyst,Singapore,80934.43,2020-11-04,1981-04-09
CTO,Sweden,242172.13,2024-07-09,1979-03-03
Customer Success Manager,Norway,99517.33,2020-03-16,1973-08-30
Scrum Master,Switzerland,100928.42,2023-08-19,1989-11-12
DevOps Engineer,France,104205.11,2017-05-30,1976-03-05
Full Stack Developer,Brazil,87232.20,2016-08-21,1973-07-12
QA Engineer,India,60309.00,2023-10-13,1972-07-29
Business Analyst,Mexico,94527.95,2023-09-17,1998-12-24
Database Administrator,Germany,97220.89,2016-12-11,1999-05-04
Backend Developer,South Africa,72495.84,2024-01-14,1982-07-21
Operations Manager,USA,102840.99,2020-04-02,1987-09-22
Full Stack Developer,Germany,70488.41,2023-08-10,1979-05-26
Graphic Designer,New Zealand,68380.32,2019-03-27,1972-12-28
Support Engineer,India,51072.64,2019-10-12,1973-03-11
Data Scientist,UAE,115651.48,2018-08-05,1993-07-20
Content Writer,Norway,41620.06,2017-11-18,1987-04-30
Network Engineer,Sweden,76355.86,2023-06-25,1990-05-28
Data Scientist,Brazil,104406.35,2023-03-24,1970-09-22
QA Engineer,South Africa,64988.49,2020-12-28,1999-03-31
Compliance Officer,Sweden,114519.60,2022-01-30,1972-12-27
HR Manager,USA,65558.44,2018-03-31,1995-05-29
Full Stack Developer,Sweden,102496.50,2016-06-08,1994-02-08
Frontend Developer,UK,67775.97,2020-08-08,1992-03-15
Business Analyst,Denmark,86638.38,2024-08-28,1993-12-23
Graphic Designer,Canada,73233.36,2018-06-03,1979-05-22
Data Scientist,Germany,99232.22,2023-08-14,1985-09-10
Frontend Developer,Ireland,94315.82,2021-08-30,1970-11-24
Content Writer,Germany,58170.58,2023-08-22,2000-08-14
Data Analyst,Netherlands,58074.71,2023-12-17,1984-05-01
QA Engineer,UAE,80058.70,2018-04-01,1983-07-02
Machine Learning Engineer,Canada,116002.19,2019-10-21,1983-03-30
Data Scientist,France,118235.88,2022-09-21,1986-03-22
Network Engineer,Switzerland,83265.89,2018-06-04,1997-10-14
CTO,Canada,186613.48,2018-11-04,1978-07-03
Senior Software Engineer,Australia,90888.17,2022-01-16,1974-11-25
Machine Learning Engineer,France,103765.94,2018-01-31,1994-07-19
CTO,Sweden,233470.99,2022-04-06,1974-10-13
UI Designer,New Zealand,93160.71,2015-08-29,1979-12-22
Software Engineer,Singapore,86331.86,2017-02-13,1974-04-08
Cloud Architect,Mexico,124342.89,2023-03-08,1976-09-01
Legal Counsel,Ireland,146292.08,2015-05-04,1986-02-08
Customer Success Manager,Switzerland,87489.62,2023-01-28,1983-02-11
Frontend Developer,Norway,93300.85,2015-04-25,1989-11-19
VP of Engineering,Japan,206779.10,2016-09-28,1970-02-28
Frontend Developer,Canada,64760.82,2022-03-19,1995-11-25
Data Analyst,France,63399.15,2016-02-15,1996-01-10
Machine Learning Engineer,Netherlands,99385.10,2024-07-12,1992-05-30
Compliance Officer,Sweden,106685.07,2018-05-14,1978-08-30
UI Designer,South Africa,61957.78,2017-08-15,1981-06-24
CTO,Norway,207855.49,2019-04-25,1974-08-20
Business Analyst,New Zealand,82395.63,2019-08-30,1980-08-02
Machine Learning Engineer,India,131515.06,2018-08-29,1986-01-20
Content Writer,Brazil,59565.49,2023-06-27,1999-03-20
Backend Developer,Norway,91426.50,2024-07-18,1970-12-17
Security Analyst,India,91816.51,2021-04-26,1985-05-05
QA Engineer,Sweden,72101.79,2018-04-18,1982-06-26
Operations Manager,Switzerland,100547.43,2019-01-10,1970-04-14
Graphic Designer,UK,59075.51,2017-04-04,1990-03-02
Technical Writer,USA,71160.53,2021-03-19,1988-06-21
Sales Manager,UAE,110833.80,2021-03-15,1981-05-27
Content Writer,Mexico,42954.05,2016-12-06,1991-08-29
HR Manager,Canada,87878.16,2017-05-30,1974-12-01
VP of Engineering,India,192787.72,2016-07-12,1999-02-23
Operations Manager,South Africa,89583.13,2017-10-16,1994-12-19
Database Administrator,Singapore,82943.01,2018-06-05,2000-07-31
Security Analyst,USA,78355.24,2023-11-08,1987-04-03
Backend Developer,Sweden,74652.36,2018-09-25,1975-10-30
Project Manager,USA,112285.96,2023-02-10,1998-04-04
Customer Success Manager,New Zealand,93116.52,2017-09-29,1996-05-06
Frontend Developer,Norway,61053.33,2017-06-13,1982-02-10
Junior Developer,France,67567.61,2018-11-30,1978-08-10
Content Writer,Denmark,54853.53,2019-05-07,1988-05-07
CTO,Japan,210386.38,2019-09-05,1994-08-06
IT Specialist,New Zealand,77009.79,2020-10-09,2000-12-13
Data Analyst,Norway,64849.77,2024-01-27,1974-12-18
HR Manager,Singapore,74160.18,2016-10-25,1978-07-02
Data Analyst,Norway,81949.56,2016-06-26,1973-12-15
Support Engineer,France,70470.62,2023-09-07,1983-04-05
VP of Engineering,India,188243.17,2023-07-16,1984-12-09
Cloud Architect,Netherlands,119716.57,2020-11-15,1980-06-29
Project Manager,Singapore,104193.92,2021-09-18,1997-08-13
DevOps Engineer,Norway,90023.25,2023-03-27,1982-08-17
Data Analyst,Mexico,63923.57,2023-08-01,1994-10-19
Marketing Manager,New Zealand,76228.55,2019-08-29,1999-02-28
VP of Engineering,France,189180.73,2024-02-25,1970-05-17
Full Stack Developer,South Africa,105465.33,2019-02-03,1991-01-07
Backend Developer,Brazil,104986.32,2023-08-22,1976-01-01
Project Manager,Japan,108132.92,2020-06-06,1971-01-05
Frontend Developer,India,99081.19,2022-07-10,1989-10-07
Financial Analyst,Japan,86778.75,2019-02-18,1993-11-11
QA Engineer,Singapore,75570.51,2018-05-27,1981-03-23
Financial Analyst,Ireland,80190.52,2021-10-13,1985-07-21
Full Stack Developer,Australia,103673.84,2022-02-11,1999-11-23
Finance Manager,Sweden,111843.65,2016-09-01,1993-03-28
Security Analyst,Germany,75949.89,2022-06-14,1982-06-05
Operations Manager,Norway,95021.31,2015-01-22,1984-10-08
System Administrator,USA,89771.24,2023-10-30,1994-01-11
HR Manager,Ireland,98502.51,2017-06-24,1983-07-08
Backend Developer,India,66999.21,2024-06-07,1972-06-06
Finance Manager,France,104023.57,2022-11-06,1977-12-06
Customer Success Manager,Canada,97276.07,2021-11-23,1975-12-06
Scrum Master,New Zealand,77541.52,2021-02-19,1977-04-01
Marketing Manager,Denmark,108454.32,2015-01-03,1989-11-23
Financial Analyst,Norway,75202.60,2016-04-08,1991-09-09
Cloud Architect,Netherlands,151608.10,2017-04-06,1986-12-30
Business Analyst,UAE,75011.48,2017-08-11,2000-10-08
System Administrator,Singapore,77354.02,2024-01-29,1970-04-05
Content Writer,Netherlands,61777.17,2022-02-16,1975-10-25
CTO,UK,218873.92,2020-03-26,1974-04-19
Backend Developer,South Africa,69113.06,2022-03-01,1994-11-07
Software Engineer,Sweden,86573.40,2019-06-13,1972-06-09
Machine Learning Engineer,Norway,132665.98,2015-10-27,1988-12-31
Sales Manager,Brazil,112586.68,2023-11-20,1989-06-17
VP of Engineering,Ireland,169481.42,2021-11-09,1991-10-02
Content Writer,Norway,64258.73,2015-11-16,1975-09-04
Backend Developer,Singapore,81369.13,2019-02-05,1985-01-22
UI Designer,Singapore,90290.09,2022-07-15,1977-12-07
Network Engineer,Singapore,66755.35,2020-02-15,1990-02-16
Compliance Officer,USA,113762.84,2020-05-27,1996-06-29
Security Analyst,Denmark,90402.88,2015-02-02,1978-08-11
IT Specialist,Denmark,70566.36,2016-02-11,1982-09-23
Engineering Manager,Switzerland,168719.47,2018-06-26,1981-05-31
Legal Counsel,Brazil,123262.27,2024-10-30,1982-02-27
Legal Counsel,Switzerland,106807.83,2016-01-01,1985-09-27
Marketing Manager,France,97133.68,2016-04-16,1975-07-07
Operations Manager,India,85197.81,2015-11-20,1996-05-30
HR Manager,France,87663.66,2018-12-29,1971-09-19
Security Analyst,Germany,96803.73,2023-05-25,1988-03-12
VP of Engineering,USA,197891.56,2023-08-29,1989-09-27
Technical Writer,New Zealand,84249.09,2020-12-04,1991-12-05
Support Engineer,Mexico,59668.95,2016-03-18,1983-05-01
Security Analyst,South Africa,96787.32,2022-02-20,1998-09-27
Product Manager,India,105667.94,2019-04-08,1976-06-13
Full Stack Developer,Brazil,70270.51,2024-05-24,1972-12-06
Senior Software Engineer,Australia,101523.63,2016-09-21,1970-05-08
Sales Manager,South Africa,83878.32,2017-05-17,1994-12-21
Data Scientist,Ireland,98275.01,2015-10-11,1978-08-17
Network Engineer,Ireland,91124.51,2018-12-19,1970-09-01
Financial Analyst,USA,83197.38,2017-09-23,1988-08-27
Operations Manager,Canada,91545.05,2021-11-01,1979-05-11
UX Designer,Mexico,82892.93,2018-01-24,1982-05-31
Marketing Manager,Germany,93579.15,2016-10-19,1983-03-31
Accountant,France,68265.84,2021-02-25,1978-12-20
QA Engineer,USA,60342.20,2015-10-28,1991-12-24
Sales Manager,Australia,81854.89,2016-04-08,1974-08-12
Sales Manager,Ireland,88955.20,2019-01-07,1970-11-14
Technical Writer,Ireland,64112.48,2021-02-11,2000-08-19
VP of Engineering,Ireland,215093.22,2020-03-10,2000-01-25
DevOps Engineer,UAE,98870.52,2024-10-25,1993-04-10
System Administrator,UAE,77584.38,2023-02-07,1981-06-29
UX Designer,France,69021.62,2019-07-17,1977-06-30
Frontend Developer,Netherlands,70819.23,2018-10-15,1984-11-17
UI Designer,India,93784.29,2015-06-09,1989-12-07
DevOps Engineer,Ireland,95580.63,2021-06-20,1985-07-07
HR Manager,Germany,82711.92,2023-09-13,1982-02-03
Accountant,Netherlands,56356.05,2015-09-20,1978-04-24
Machine Learning Engineer,Mexico,149747.23,2019-03-22,1980-04-11
Sales Manager,UAE,78387.75,2017-04-07,1990-08-23
Accountant,Mexico,67177.66,2021-09-24,1980-09-09
Sales Manager,Singapore,78723.76,2020-01-12,1985-02-22
Senior Software Engineer,India,96814.28,2024-11-15,1979-06-15
Scrum Master,Netherlands,105142.08,2022-02-24,2000-11-16
HR Manager,India,79123.04,2019-02-01,1981-07-30
Software Engineer,New Zealand,67428.81,2015-04-03,1995-05-15
Graphic Designer,Ireland,72967.94,2019-02-20,1990-06-20
Senior Software Engineer,Switzerland,131753.03,2024-12-12,1975-08-20
Junior Developer,Canada,69582.76,2019-12-04,1983-12-22
Frontend Developer,Mexico,77722.67,2024-03-13,1993-05-25
VP of Engineering,Singapore,202634.03,2023-04-29,1988-10-24
Engineering Manager,USA,151841.50,2021-10-16,1993-05-02
Data Analyst,Germany,71571.63,2023-06-13,1997-10-02
Product Manager,New Zealand,119232.71,2023-10-23,1992-11-11
Software Engineer,France,80203.93,2023-07-09,1999-03-11
HR Manager,Germany,94761.69,2016-07-15,1999-03-01
Technical Writer,India,59962.74,2016-05-09,1978-09-11
Finance Manager,Canada,107776.94,2024-10-10,1977-06-10
System Administrator,Australia,63217.58,2023-12-31,1977-03-27
Scrum Master,Ireland,98055.22,2019-02-27,1984-11-30
Junior Developer,Mexico,54010.26,2015-09-21,1979-12-03
Technical Writer,France,66121.93,2015-06-07,1985-02-06
UX Designer,UK,72940.27,2022-05-09,1971-03-07
Data Scientist,Denmark,93912.88,2021-10-08,1978-04-07
Software Engineer,Brazil,78837.30,2021-03-30,1978-03-01
Software Engineer,India,66364.24,2024-04-20,1990-01-24
Finance Manager,India,95846.88,2016-01-14,1990-01-02
Finance Manager,Japan,113511.49,2015-09-12,1981-09-25
Compliance Officer,Australia,79687.56,2015-05-05,1999-03-16
Security Analyst,France,89100.73,2022-03-24,1987-09-29
Full Stack Developer,UK,104307.77,2021-06-26,1998-09-11
Engineering Manager,Denmark,138637.28,2024-08-02,1995-12-24
Data Scientist,Australia,110101.02,2017-12-20,1970-05-01
Content Writer,USA,59466.92,2018-04-22,1978-08-20
Machine Learning Engineer,UAE,131971.02,2017-06-24,1980-04-27
Compliance Officer,Norway,89826.31,2015-03-03,1993-03-25
DevOps Engineer,Australia,123832.95,2015-05-26,1981-06-06
Software Engineer,USA,67375.24,2016-07-23,1992-01-29
Graphic Designer,Japan,61370.00,2020-02-25,1974-12-19
Finance Manager,Norway,125181.14,2020-06-22,1979-11-09
Cloud Architect,Canada,158960.25,2017-07-11,1991-05-23
Database Administrator,USA,93209.46,2016-07-20,1970-06-05
Technical Writer,Switzerland,62452.55,2023-05-31,1985-03-25
Data Analyst,Netherlands,86698.17,2015-02-27,1993-09-05
Data Analyst,USA,62167.39,2022-08-06,1992-03-01
Marketing Manager,Mexico,84464.63,2019-03-17,2000-10-21
Cloud Architect,Japan,130254.41,2018-10-07,1992-01-11
Machine Learning Engineer,Norway,106863.95,2019-06-15,1985-01-10
Product Manager,Japan,117223.44,2021-05-06,1976-04-19
DevOps Engineer,New Zealand,85283.29,2018-03-30,1977-04-18
Customer Success Manager,France,76186.58,2016-08-21,1978-03-08
DevOps Engineer,Norway,87507.58,2020-01-03,1973-09-13
System Administrator,Mexico,66192.23,2022-03-19,2000-08-17
System Administrator,New Zealand,78849.98,2019-08-19,1998-02-09
Customer Success Manager,Sweden,90107.89,2022-01-18,1999-12-15
DevOps Engineer,Ireland,86624.33,2017-02-11,1977-03-09
VP of Engineering,New Zealand,166430.92,2021-03-17,1972-01-10
Software Engineer,France,84453.42,2015-02-04,1971-07-04
Compliance Officer,Switzerland,78840.14,2024-05-09,1983-09-13
Engineering Manager,Norway,122270.98,2022-02-05,1970-07-20
Graphic Designer,Australia,55483.05,2020-11-25,1998-06-08
Business Analyst,Singapore,85975.75,2016-12-10,1976-09-28
DevOps Engineer,Brazil,115622.06,2019-04-17,1979-08-21
Legal Counsel,Brazil,143150.88,2024-09-06,1999-09-07
Database Administrator,Netherlands,76406.36,2017-03-20,1982-08-13
Marketing Manager,Norway,87487.00,2016-11-06,1975-12-17
Security Analyst,Canada,99826.85,2024-10-08,1972-02-13
Network Engineer,Mexico,82179.11,2019-06-01,1978-06-03
Security Analyst,UK,114891.59,2024-01-31,1980-02-22
CTO,Denmark,217378.58,2019-12-29,2000-05-29
Junior Developer,Germany,45307.89,2019-09-05,1994-06-13
Software Engineer,Sweden,84831.02,2023-04-06,1991-06-20
Engineering Manager,Australia,161401.14,2017-07-16,1998-09-26
Frontend Developer,France,73027.84,2022-10-17,1979-06-16
Junior Developer,Norway,53151.76,2022-03-11,1994-10-22
Customer Success Manager,Australia,83312.06,2016-02-16,1983-07-15
Engineering Manager,South Africa,169941.05,2015-12-26,1986-09-24
UX Designer,Singapore,77192.79,2018-06-21,1979-06-06
Security Analyst,Australia,98333.59,2017-10-06,1986-02-06
Data Analyst,Switzerland,76458.51,2015-11-21,1971-06-23
Product Manager,Mexico,106093.33,2023-05-17,1972-06-09
Sales Manager,Canada,96413.51,2015-09-09,1975-08-15
Data Scientist,Norway,113936.97,2020-02-23,1974-05-08
Data Analyst,Brazil,60573.26,2018-10-23,1984-01-30
Project Manager,Germany,95161.70,2017-07-25,1999-10-03
Marketing Manager,Mexico,84612.57,2024-08-21,1988-06-14
Senior Software Engineer,Mexico,107364.95,2021-09-10,1980-10-05
Business Analyst,New Zealand,75423.99,2020-08-22,1994-05-12
Database Administrator,South Africa,71289.49,2024-09-11,1978-11-23
Business Analyst,Norway,66624.61,2024-07-26,1988-01-28
UX Designer,Norway,94301.66,2024-11-13,1986-12-09
DevOps Engineer,UK,100331.33,2024-08-28,1988-08-21
Cloud Architect,Brazil,145969.15,2020-05-02,1995-05-20
Legal Counsel,Brazil,142598.97,2015-11-18,1982-07-21
Network Engineer,Switzerland,70502.94,2018-02-05,1998-09-15
Machine Learning Engineer,USA,130188.71,2016-03-21,1978-06-20
Software Engineer,Netherlands,90412.68,2017-12-26,1988-04-05
Operations Manager,USA,113069.84,2024-07-15,1985-03-14
VP of Engineering,Norway,200676.40,2017-01-31,1992-10-11
Data Analyst,Canada,68318.53,2019-11-04,1986-11-01
Sales Manager,Switzerland,98560.95,2023-02-02,1997-12-09
Content Writer,South Africa,49179.76,2018-04-10,1983-08-24
Customer Success Manager,Ireland,83847.22,2016-07-02,1997-08-24
Junior Developer,Brazil,65660.50,2021-08-21,1973-03-07
Security Analyst,Japan,81114.73,2017-06-23,1997-03-04
UI Designer,Singapore,65026.19,2015-05-06,1995-11-19
Legal Counsel,Norway,102171.64,2023-11-27,1991-07-08
Project Manager,New Zealand,108269.32,2019-03-22,1994-04-25
Senior Software Engineer,UAE,94134.75,2022-07-08,1984-05-27
Machine Learning Engineer,Canada,117482.26,2023-12-25,1975-02-15
Compliance Officer,Brazil,93407.41,2017-11-19,1979-11-12
Senior Software Engineer,India,132459.48,2023-03-12,1998-11-09
Backend Developer,Japan,67540.65,2019-04-12,1983-11-21
Senior Software Engineer,Norway,108504.62,2024-12-18,1983-03-06
CTO,Denmark,265011.43,2016-04-03,1984-02-21
Data Scientist,Japan,111795.53,2018-02-26,1984-05-22
IT Specialist,Switzerland,68477.11,2017-03-25,1981-02-09
VP of Engineering,Canada,151711.87,2020-09-04,1977-04-01
Financial Analyst,Brazil,92140.38,2023-03-25,1996-10-03
Project Manager,India,113421.79,2017-04-06,1987-06-28
CTO,Norway,256697.75,2024-05-07,1992-05-04
Backend Developer,Switzerland,98177.25,2023-03-01,1992-04-23
IT Specialist,Australia,81232.35,2020-09-04,1978-07-09
Financial Analyst,Singapore,97802.40,2024-10-12,1992-01-20
Machine Learning Engineer,Japan,119410.56,2023-05-14,1984-02-22
Technical Writer,South Africa,82746.20,2015-09-17,1996-02-01
Data Scientist,Japan,117855.99,2019-08-19,1983-12-24
Scrum Master,USA,104791.44,2020-07-29,1977-01-02
VP of Engineering,Netherlands,188137.41,2018-05-15,1994-04-18
Graphic Designer,Brazil,65897.83,2022-12-12,1979-05-18
Customer Success Manager,India,79750.04,2023-02-14,1973-12-24
Finance Manager,New Zealand,118124.97,2016-07-04,1992-08-02
UI Designer,South Africa,63141.24,2022-09-29,1999-01-14
VP of Engineering,Ireland,219107.23,2021-01-21,1994-05-21
Machine Learning Engineer,Mexico,149317.99,2023-02-22,1993-07-26
Customer Success Manager,Mexico,85574.78,2021-09-03,1999-06-27
Junior Developer,Mexico,56813.48,2024-05-05,1987-09-02
System Administrator,Ireland,73375.48,2018-07-05,1974-11-18
Frontend Developer,France,94469.00,2018-06-26,1987-11-01
Technical Writer,Mexico,75708.85,2024-10-12,1988-10-14
Customer Success Manager,Brazil,94723.01,2015-07-29,1987-12-12
IT Specialist,Norway,62445.19,2018-12-28,1980-04-19
Product Manager,Norway,100137.11,2020-12-20,1980-12-09
Senior Software Engineer,UK,136751.52,2018-03-10,1983-06-07
HR Manager,USA,84276.48,2022-05-13,1978-04-16
Product Manager,Norway,144794.92,2020-04-27,1992-12-22
Marketing Manager,Australia,101923.77,2017-11-29,1971-07-23
Content Writer,Australia,57611.37,2017-10-05,1997-01-22
Customer Success Manager,New Zealand,87915.09,2021-04-03,1973-08-31
Senior Software Engineer,New Zealand,128830.42,2023-11-12,1974-05-15
Product Manager,Brazil,144144.83,2021-07-19,1985-03-19
UI Designer,Japan,90410.91,2018-04-14,1981-08-24
Customer Success Manager,New Zealand,78662.12,2020-06-24,1975-01-16
Network Engineer,New Zealand,93967.40,2024-11-01,1987-01-03
Data Analyst,Sweden,70851.53,2018-10-08,1992-11-27
DevOps Engineer,Sweden,113648.92,2016-07-01,1977-09-22
Data Scientist,Singapore,122251.89,2023-12-07,1983-04-01
Product Manager,Mexico,131770.67,2020-09-12,1997-03-02
IT Specialist,Switzerland,69601.62,2021-08-11,1990-10-31
UX Designer,Germany,95386.65,2020-06-06,1990-06-21
Scrum Master,Mexico,84444.02,2023-12-26,1970-04-04
Project Manager,Japan,91525.92,2024-03-27,1985-12-24
Accountant,Canada,53413.18,2016-10-25,2000-05-20
Security Analyst,Australia,103181.86,2022-04-23,1981-08-16
Support Engineer,France,77802.85,2018-06-04,1999-11-30
Software Engineer,Norway,65414.05,2018-09-28,1995-09-29
Business Analyst,New Zealand,65916.13,2024-02-28,1975-02-08
Financial Analyst,Australia,65420.87,2021-10-22,1973-03-03
Customer Success Manager,Japan,98764.61,2020-02-20,2000-04-05
Business Analyst,Switzerland,82988.10,2021-04-28,2000-04-19
Marketing Manager,Netherlands,101397.04,2021-03-26,1981-09-10
Content Writer,Sweden,59290.26,2021-08-12,1971-06-02
Sales Manager,Ireland,112400.46,2021-02-02,1989-03-24
Network Engineer,Sweden,88681.25,2017-01-01,1986-08-27
Support Engineer,Ireland,73999.46,2017-02-05,1998-11-04
CTO,USA,193151.06,2023-12-12,1982-02-15
Senior Software Engineer,India,118288.87,2018-03-24,1992-02-29
Compliance Officer,Sweden,104351.91,2018-10-24,1987-10-19
Engineering Manager,USA,117321.43,2018-11-13,1985-11-07
System Administrator,Japan,73123.24,2022-10-05,1974-04-16
Support Engineer,Brazil,63427.04,2018-04-23,1978-02-21
Software Engineer,Mexico,79565.03,2015-04-19,1989-01-08
Finance Manager,Ireland,124707.41,2023-03-02,1991-08-23
Security Analyst,Japan,91923.70,2022-04-21,2000-09-11
Operations Manager,Denmark,111633.13,2018-02-19,1998-09-25
Support Engineer,Japan,62975.68,2016-09-12,1999-02-03
Full Stack Developer,Switzerland,93704.85,2016-05-15,1982-04-09
CTO,South Africa,245219.17,2015-03-29,1996-10-14
Marketing Manager,New Zealand,94208.51,2015-02-08,1970-10-15
DevOps Engineer,Singapore,91834.69,2016-04-06,1990-07-19
Legal Counsel,Canada,94454.31,2018-05-14,1985-12-28
Security Analyst,South Africa,117802.53,2022-02-18,1980-02-14
Compliance Officer,South Africa,101320.93,2021-08-19,1985-08-18
Operations Manager,Australia,96171.23,2021-11-08,1974-07-19
Software Engineer,France,78154.48,2019-06-25,1978-12-26
HR Manager,Switzerland,70318.69,2016-04-30,1993-01-13
Backend Developer,Brazil,70635.58,2016-03-24,1981-02-19
Full Stack Developer,South Africa,85245.35,2023-07-15,1981-09-11
HR Manager,Sweden,99102.51,2024-04-21,1986-05-28
Financial Analyst,Canada,83070.38,2024-05-20,1988-07-15
Finance Manager,Australia,117878.53,2020-04-22,1977-05-15
UI Designer,Brazil,60514.84,2019-12-30,1995-05-11
Project Manager,Mexico,107760.66,2020-11-27,1979-09-12
Product Manager,Switzerland,116660.90,2018-08-10,1979-12-01
UX Designer,Netherlands,79930.28,2023-12-22,1983-07-19
Engineering Manager,Brazil,139721.90,2018-02-19,1999-11-28
Sales Manager,India,110944.50,2019-03-03,1996-12-10
UX Designer,Germany,95008.00,2017-05-05,1984-08-03
Junior Developer,New Zealand,51136.66,2021-05-06,1988-12-05
Frontend Developer,South Africa,86037.14,2023-04-15,1984-11-01
Accountant,New Zealand,69019.32,2024-05-18,1974-11-15
Business Analyst,Singapore,72610.29,2022-04-11,1985-01-05
DevOps Engineer,Ireland,106932.36,2015-05-09,1993-11-10
UX Designer,India,91053.65,2023-02-02,1976-11-20
Finance Manager,UAE,114272.90,2018-11-19,1976-12-12
Frontend Developer,Japan,76606.71,2019-12-08,1979-08-02
Product Manager,Canada,99691.40,2022-11-21,1972-05-13
Finance Manager,Australia,113194.70,2021-12-14,1996-08-22
Customer Success Manager,Australia,89030.32,2021-02-16,1983-06-06
Backend Developer,Sweden,80332.78,2019-04-07,1991-11-05
CTO,Australia,210008.25,2019-04-24,1987-12-29
Network Engineer,Sweden,69906.00,2016-06-08,1971-08-19
Customer Success Manager,UAE,76168.63,2023-05-06,1985-05-07
Full Stack Developer,Mexico,91884.66,2019-11-01,1995-06-18
Machine Learning Engineer,France,125046.42,2021-09-01,1989-02-24
Marketing Manager,UK,93297.37,2016-12-24,1990-01-27
Product Manager,Japan,133647.83,2024-07-11,1988-04-25
Senior Software Engineer,Mexico,90083.56,2023-10-21,1986-05-01
Technical Writer,Canada,83986.28,2017-05-30,2000-01-21
Engineering Manager,France,142905.66,2017-08-28,1989-05-31
Database Administrator,Singapore,83004.70,2021-05-09,1973-10-04
Graphic Designer,Canada,67902.18,2018-10-18,1977-07-11
Accountant,Sweden,78079.44,2023-12-26,1982-04-03
IT Specialist,USA,77875.80,2017-09-15,1995-04-29
IT Specialist,USA,70758.55,2023-03-14,1994-08-04
Cloud Architect,Brazil,105505.73,2024-05-13,2000-08-27
IT Specialist,Japan,81876.09,2015-02-04,1979-10-20
Accountant,Mexico,63811.69,2015-05-14,1980-04-28
VP of Engineering,Brazil,169764.08,2023-05-14,1983-05-24
Engineering Manager,Denmark,154673.13,2022-07-14,1981-08-02
CTO,Netherlands,271408.69,2022-01-19,1974-05-19
UI Designer,Japan,67151.82,2016-06-07,1984-01-04
Content Writer,Mexico,50006.35,2022-05-04,1987-02-17
System Administrator,Mexico,63557.04,2018-11-19,1991-10-16
Business Analyst,Ireland,94061.92,2023-04-12,1996-01-07
Software Engineer,Brazil,77896.86,2018-12-09,1987-03-31
Compliance Officer,Mexico,95303.74,2017-03-11,1996-01-31
VP of Engineering,South Africa,173358.58,2021-09-02,1979-03-08
System Administrator,Germany,74542.29,2018-10-02,1992-11-04
Project Manager,Canada,100223.55,2024-08-26,1996-05-02
DevOps Engineer,South Africa,91748.20,2022-05-22,1976-09-19
Scrum Master,Denmark,101945.55,2017-01-20,1986-09-02
System Administrator,France,62329.71,2024-09-18,2000-02-27
QA Engineer,France,79979.68,2022-03-04,1977-05-27
CTO,Mexico,193433.08,2019-02-21,1997-08-05
Technical Writer,Sweden,58387.88,2019-06-28,1974-07-12
Software Engineer,South Africa,66944.14,2022-10-10,1982-11-04
Junior Developer,South Africa,55788.34,2017-04-24,1998-10-29
Engineering Manager,Norway,157416.99,2020-02-05,1996-09-16
Frontend Developer,USA,88433.65,2024-06-13,1980-01-14
UI Designer,Denmark,94775.32,2024-03-22,1991-03-28
Machine Learning Engineer,Ireland,141952.30,2020-06-19,1979-07-26
CTO,Mexico,201241.39,2022-06-29,1985-03-14
Data Analyst,India,74567.40,2023-05-16,1998-09-03
Financial Analyst,Japan,98347.60,2017-06-12,1999-04-03
Financial Analyst,Switzerland,92152.19,2016-03-08,1999-07-05
Project Manager,UK,82906.27,2016-12-20,1977-02-27
Accountant,India,67620.19,2024-03-01,1997-07-03
Security Analyst,Norway,105777.70,2019-01-09,1972-02-21
Data Scientist,South Africa,105215.12,2016-10-09,1993-04-17
Business Analyst,USA,88036.12,2018-06-29,1980-01-30
Compliance Officer,Japan,84317.40,2019-01-23,1973-10-08
Financial Analyst,France,96216.76,2020-12-14,1973-08-08
Business Analyst,UK,84445.00,2023-01-25,1987-07-13
UI Designer,Sweden,61633.00,2024-06-03,2000-11-17
VP of Engineering,UK,191389.10,2020-06-27,1999-07-30
Network Engineer,Mexico,81414.22,2024-01-18,1993-02-01
Senior Software Engineer,Brazil,138428.20,2015-05-11,1988-12-02
HR Manager,Sweden,76530.75,2016-05-18,1990-01-30
System Administrator,Denmark,81997.57,2017-06-23,2000-12-11
Content Writer,Brazil,52815.34,2016-01-25,1981-11-03
Support Engineer,Germany,73613.09,2023-04-12,1981-10-28
HR Manager,UK,71180.18,2024-02-17,1990-02-05
Software Engineer,Switzerland,79436.34,2016-04-24,1993-07-07
Cloud Architect,New Zealand,133368.36,2015-09-14,1989-08-06
Engineering Manager,Switzerland,167645.81,2019-12-28,1993-08-01
Cloud Architect,Netherlands,103942.40,2018-12-08,1990-03-16
Sales Manager,Netherlands,98652.42,2016-05-14,1978-12-12
UX Designer,UAE,94874.94,2020-07-02,1975-11-19
Full Stack Developer,Denmark,81170.94,2017-08-31,1970-02-23
Project Manager,UAE,86645.27,2022-06-25,1990-07-10
QA Engineer,USA,57744.88,2017-04-24,1972-11-03
Product Manager,Ireland,142451.63,2019-02-03,1993-11-10
DevOps Engineer,Netherlands,120082.33,2021-04-01,1973-11-20
IT Specialist,UK,58143.91,2017-03-14,1974-05-11
Financial Analyst,South Africa,70582.12,2019-08-12,1988-02-13
Security Analyst,USA,92390.09,2016-08-04,1997-09-07
VP of Engineering,Norway,193338.22,2024-12-31,1981-05-12
Marketing Manager,Switzerland,87630.61,2018-04-19,1981-04-05
System Administrator,Norway,68567.70,2024-05-02,1975-02-22
Product Manager,Norway,101946.19,2021-04-25,1999-10-01
Frontend Developer,Denmark,65245.81,2022-02-01,1994-08-10
Business Analyst,Mexico,67437.90,2016-12-23,1976-06-02
Compliance Officer,India,80317.24,2016-05-24,1987-09-02
Machine Learning Engineer,UK,121912.67,2018-10-11,1997-01-15
Legal Counsel,USA,96799.60,2015-12-21,1992-05-05
HR Manager,Mexico,92529.29,2018-10-23,2000-01-09
Product Manager,Mexico,90932.88,2019-10-23,1973-09-07
Junior Developer,Denmark,49443.34,2021-06-30,1992-08-16
Engineering Manager,France,124669.87,2018-06-19,1990-12-12
Senior Software Engineer,Ireland,97027.81,2018-06-29,2000-10-17
Machine Learning Engineer,UK,142080.86,2017-06-21,1972-07-20
Security Analyst,UK,98664.73,2021-03-15,1975-02-10
Operations Manager,Canada,97056.26,2020-07-22,1985-05-18
Accountant,Mexico,76186.61,2024-12-07,1980-03-29
System Administrator,France,73657.18,2021-02-21,1995-08-21
IT Specialist,Germany,73331.00,2020-05-02,1994-12-12
Security Analyst,USA,82504.08,2015-10-14,2000-03-14
Frontend Developer,Germany,76580.20,2020-02-18,1990-09-27
UX Designer,UAE,65972.24,2015-10-08,1982-01-11
Cloud Architect,Japan,115702.75,2017-08-04,1970-12-10
Data Scientist,USA,99052.74,2018-08-18,1985-09-25
Content Writer,USA,43257.21,2022-09-03,1982-03-13
VP of Engineering,Ireland,181746.94,2024-11-29,1973-06-19
Cloud Architect,France,152609.03,2021-10-28,1995-11-30
Security Analyst,Netherlands,79024.39,2017-06-02,1972-11-24
Machine Learning Engineer,France,143850.60,2018-11-28,1996-02-25
Machine Learning Engineer,Switzerland,100660.73,2022-10-23,1996-04-11
Senior Software Engineer,South Africa,118739.74,2022-07-03,1996-02-26
CTO,Netherlands,202524.67,2020-10-04,1983-06-04
Frontend Developer,Sweden,97367.44,2022-08-20,1996-12-26
Finance Manager,Switzerland,85837.12,2021-07-22,1993-12-18
UI Designer,USA,91460.43,2015-12-10,1998-05-23
Compliance Officer,Germany,77777.77,2015-08-20,1984-04-13
System Administrator,India,76068.82,2018-12-03,1999-06-16
Data Analyst,Netherlands,84361.91,2023-10-15,1975-06-12
Marketing Manager,Denmark,100309.50,2024-03-16,1975-06-25
Project Manager,Denmark,82577.42,2018-02-15,1991-07-31
Network Engineer,New Zealand,78893.51,2021-01-14,1982-12-13
System Administrator,Norway,77303.16,2023-08-26,1977-07-26
Accountant,Germany,54683.03,2023-09-14,1987-07-08
HR Manager,UK,84012.65,2016-12-14,1973-08-02
Security Analyst,Denmark,75810.22,2018-09-16,1983-12-22
QA Engineer,Denmark,61459.87,2019-11-10,1975-11-17
Graphic Designer,Ireland,58463.48,2016-10-13,1976-05-13
Software Engineer,France,61119.61,2023-02-03,1989-11-29
Accountant,Norway,50896.98,2020-06-05,1983-12-02
Product Manager,Japan,121112.69,2017-05-22,1971-04-12
Machine Learning Engineer,Japan,143803.69,2021-11-07,1983-04-23
Marketing Manager,New Zealand,105506.27,2019-10-05,1986-01-20
Junior Developer,Norway,47274.31,2023-10-25,1973-09-03
QA Engineer,Canada,72902.62,2018-02-23,1977-07-12
Data Analyst,South Africa,55170.98,2017-03-26,1977-06-19
Product Manager,New Zealand,137606.81,2022-07-20,1993-07-01
Network Engineer,South Africa,91444.86,2023-09-25,2000-06-28
Cloud Architect,UAE,123290.03,2017-04-07,1984-10-05
Technical Writer,Netherlands,66625.47,2024-08-05,1992-06-29
Junior Developer,Singapore,66632.65,2016-05-25,1995-05-18
CTO,Australia,203622.05,2019-10-30,1998-11-13
Compliance Officer,India,91119.34,2015-12-04,1979-10-23
Marketing Manager,Denmark,107426.85,2023-08-09,1999-02-23
Software Engineer,Netherlands,77336.59,2016-09-23,1990-08-23
System Administrator,Japan,86306.91,2015-01-01,1971-05-06
DevOps Engineer,Norway,87052.38,2022-03-23,1995-02-07
Junior Developer,UK,60819.22,2021-09-21,1975-03-04
Finance Manager,Germany,97705.22,2021-11-29,1972-03-21
Data Scientist,Japan,82428.28,2016-08-01,1980-07-31
Network Engineer,Germany,89955.13,2021-02-28,1985-07-04
Full Stack Developer,UAE,108236.98,2019-09-20,1990-04-26
Data Scientist,South Africa,80360.03,2022-05-31,2000-08-29
Support Engineer,Japan,72074.63,2020-12-25,1982-05-21
Project Manager,Sweden,115841.85,2022-06-01,1980-01-15
Project Manager,Singapore,107595.76,2023-02-06,1973-12-01
QA Engineer,Australia,81622.58,2022-11-22,1994-12-19
Sales Manager,South Africa,90787.39,2020-05-02,1995-05-31
IT Specialist,Japan,62229.33,2021-04-06,1975-03-26
Product Manager,Singapore,101374.51,2018-04-16,1971-08-30
Content Writer,India,40680.56,2016-09-19,1971-04-30
Security Analyst,Singapore,117962.32,2022-06-23,1983-12-20
Content Writer,New Zealand,57756.42,2022-10-16,1998-12-23
Frontend Developer,Denmark,76848.52,2020-04-17,1996-02-15
Security Analyst,France,89645.64,2020-05-25,1978-01-18
Full Stack Developer,Germany,72729.40,2018-09-15,1981-06-13
Software Engineer,Sweden,70930.82,2016-02-26,1988-01-13
Full Stack Developer,Ireland,103341.50,2018-07-12,1971-08-22
Senior Software Engineer,South Africa,103605.29,2017-06-29,1975-05-29
System Administrator,South Africa,87842.65,2019-06-15,1976-10-05
Network Engineer,Netherlands,81987.23,2022-05-16,1994-04-26
Financial Analyst,New Zealand,66242.34,2019-12-07,1998-02-10
Operations Manager,Ireland,110774.60,2023-11-11,1986-02-04
Data Scientist,Brazil,113277.12,2016-07-14,1981-08-23
HR Manager,Norway,93354.76,2015-07-13,1999-12-11
DevOps Engineer,UK,122642.44,2022-10-09,1999-05-16
System Administrator,Denmark,58517.32,2021-08-13,1995-07-20
Financial Analyst,Sweden,72746.86,2019-12-06,1995-10-16
HR Manager,New Zealand,69395.14,2024-08-28,1998-09-12
Engineering Manager,Japan,145500.92,2023-05-25,1990-07-11
Content Writer,Singapore,51078.25,2018-12-19,1978-01-06
Backend Developer,Ireland,67204.41,2015-05-28,1987-12-17
Technical Writer,Switzerland,80943.98,2024-04-09,1980-03-24
Sales Manager,Germany,101392.09,2019-04-22,1974-06-30
Marketing Manager,Japan,107474.97,2019-03-19,1999-04-06
Security Analyst,UAE,110680.00,2021-11-27,1985-01-09
CTO,Norway,209341.64,2021-08-25,1972-05-11
Software Engineer,New Zealand,60004.22,2016-03-01,1992-12-19
UX Designer,UK,77375.98,2022-09-02,1973-03-14
Network Engineer,Japan,87320.39,2022-03-13,1970-05-10
IT Specialist,Singapore,61046.09,2016-06-10,1994-11-01
DevOps Engineer,UAE,105517.84,2023-03-21,1989-07-04
Product Manager,Ireland,127415.11,2021-02-16,1989-08-16
Software Engineer,France,74520.56,2018-07-09,1989-11-04
VP of Engineering,Switzerland,166720.18,2024-08-04,1972-05-14
Marketing Manager,Ireland,92538.60,2023-04-12,1982-01-17
QA Engineer,Brazil,61668.89,2019-06-10,2000-04-28
Machine Learning Engineer,Netherlands,116114.02,2020-10-22,1975-10-20
Product Manager,UK,126351.45,2018-09-12,1995-12-08
Frontend Developer,Brazil,80699.12,2021-05-04,1986-02-08
HR Manager,Brazil,98343.96,2024-08-28,2000-10-28
UI Designer,South Africa,76818.03,2018-02-01,1990-02-20
UI Designer,UAE,67021.44,2018-04-08,1996-11-10
Compliance Officer,Japan,99200.48,2015-11-19,1970-10-30
Backend Developer,Australia,88521.76,2019-09-18,1979-07-21
VP of Engineering,France,211151.50,2018-03-15,1984-06-14
Financial Analyst,Ireland,65680.15,2024-03-19,1982-07-03
HR Manager,Singapore,65408.24,2021-05-31,2000-02-02
VP of Engineering,India,205678.55,2017-08-27,1972-01-25
UX Designer,Australia,76937.78,2017-04-21,1987-05-18
VP of Engineering,UAE,177429.38,2016-02-11,1982-02-24
Project Manager,Switzerland,107266.59,2023-08-03,1976-09-18
UX Designer,India,84525.70,2015-12-10,1999-04-19
Software Engineer,Denmark,61532.98,2015-12-23,1993-09-11
Data Analyst,Switzerland,79967.89,2018-08-03,1977-02-13
IT Specialist,UAE,67915.74,2019-04-12,1979-12-20
VP of Engineering,Singapore,166881.77,2023-06-27,1986-02-22
Marketing Manager,Switzerland,74851.08,2022-02-23,1995-07-03
Database Administrator,UAE,78696.50,2022-12-07,1992-06-19
IT Specialist,UAE,55163.18,2021-01-28,1982-07-22
Data Scientist,South Africa,121518.32,2018-07-25,1993-11-25
Frontend Developer,Norway,60711.66,2018-07-02,1992-07-20
UX Designer,UK,88101.81,2015-04-27,1991-10-08
Content Writer,Canada,59213.45,2016-11-27,1987-11-15
Operations Manager,Denmark,111160.89,2019-05-04,1997-12-12
Finance Manager,Germany,101657.58,2023-05-24,1999-09-25
Operations Manager,Australia,108685.47,2024-06-15,1973-07-13
Financial Analyst,Switzerland,82880.49,2016-05-27,1994-02-14
Full Stack Developer,Australia,97020.76,2016-02-12,1988-10-12
Marketing Manager,Netherlands,98742.41,2020-10-22,1982-09-04
System Administrator,Australia,65165.88,2015-06-19,1993-04-03
Graphic Designer,Singapore,70810.44,2019-05-30,1982-09-02
Finance Manager,UAE,97940.84,2023-01-14,1973-05-27
Backend Developer,Denmark,71453.46,2022-10-10,1977-11-19
Machine Learning Engineer,Sweden,100372.43,2022-05-12,1973-08-11
Senior Software Engineer,Australia,95277.54,2023-10-21,1976-08-31
Support Engineer,Germany,69368.15,2015-02-10,1980-09-02
Cloud Architect,USA,135868.33,2023-01-10,1982-08-21
Customer Success Manager,Netherlands,69915.56,2017-10-02,1995-07-19
Frontend Developer,New Zealand,66767.29,2023-05-31,1987-01-11
Business Analyst,France,63322.28,2019-08-02,1971-07-27
Graphic Designer,Netherlands,74326.13,2017-10-20,1985-09-16
Customer Success Manager,Sweden,68680.62,2016-11-26,1997-01-06
Full Stack Developer,Denmark,90892.07,2017-08-03,1998-11-07
Finance Manager,Singapore,126909.32,2022-09-05,1979-03-01
Backend Developer,USA,65278.63,2019-02-21,1992-06-01
IT Specialist,UAE,77323.88,2023-04-18,1971-11-25
Full Stack Developer,UK,103722.97,2016-05-16,1987-07-31
DevOps Engineer,France,85044.10,2021-03-02,1976-07-23
Machine Learning Engineer,Norway,121763.22,2018-08-25,1990-10-22
Project Manager,South Africa,93962.39,2024-09-21,1976-06-04
Backend Developer,Sweden,83257.50,2016-12-04,1980-02-17
Data Analyst,Japan,67024.10,2016-08-15,1984-12-26
Accountant,Norway,77574.21,2021-09-01,1976-03-31
Graphic Designer,Brazil,67289.32,2022-05-23,1987-07-22
Customer Success Manager,Sweden,97374.59,2015-12-31,1982-02-16
UX Designer,Norway,80595.32,2019-10-18,1979-05-30
Senior Software Engineer,Netherlands,135180.33,2024-03-09,1987-02-12
HR Manager,USA,81560.61,2018-12-21,1973-12-31
Graphic Designer,Singapore,55629.58,2019-06-23,1974-12-22
Operations Manager,Brazil,75835.94,2016-01-18,1981-01-09
QA Engineer,Brazil,67037.25,2017-03-27,1993-04-01
Financial Analyst,Switzerland,95988.90,2022-10-18,1993-12-10
Project Manager,UAE,105900.12,2015-09-11,1991-04-10
Machine Learning Engineer,Brazil,131403.21,2024-05-19,1972-08-04
DevOps Engineer,New Zealand,110313.77,2019-12-09,1984-05-15
Database Administrator,UAE,96761.69,2023-03-29,1991-01-19
Content Writer,Mexico,55682.36,2024-02-08,1974-08-09
Data Analyst,New Zealand,64932.10,2017-09-11,1989-05-26
Compliance Officer,Norway,82851.16,2023-12-19,1977-04-03
Marketing Manager,UAE,94163.82,2021-12-15,1997-11-02
Network Engineer,Denmark,80094.89,2020-10-12,1992-09-27
DevOps Engineer,India,99123.92,2019-11-29,1982-07-27
Backend Developer,USA,100190.43,2015-11-18,1992-04-25
Machine Learning Engineer,Mexico,142871.69,2022-04-08,1986-10-07
HR Manager,Brazil,84533.45,2022-07-07,1983-07-25
Legal Counsel,UK,135518.26,2018-04-06,1992-08-06
VP of Engineering,Australia,184932.59,2020-09-24,1992-02-10
Technical Writer,UAE,83704.43,2018-03-30,1972-01-03
Sales Manager,Sweden,75457.11,2022-08-23,1972-05-13
Finance Manager,South Africa,124971.83,2018-08-09,1995-07-06
Product Manager,Singapore,104140.03,2018-01-14,1989-04-26
Content Writer,Singapore,64245.88,2018-06-15,1981-06-09
Frontend Developer,Ireland,82228.39,2024-10-02,1988-06-22
Frontend Developer,Singapore,79446.87,2017-03-25,1975-04-16
VP of Engineering,France,212283.65,2015-05-02,1981-12-22
DevOps Engineer,South Africa,117278.22,2015-01-17,1986-11-02
Security Analyst,Netherlands,92255.41,2020-03-16,1995-09-20
CTO,Germany,247362.61,2022-03-29,1997-05-11
Database Administrator,New Zealand,72961.89,2018-04-12,1982-07-17
Senior Software Engineer,USA,114394.32,2023-10-11,1993-01-28
Junior Developer,Mexico,63802.01,2018-10-12,1980-12-24
Senior Software Engineer,South Africa,94419.37,2024-02-20,1992-12-28
Project Manager,Canada,91658.81,2022-07-29,1998-04-08
UI Designer,Singapore,64992.97,2023-07-24,1985-10-23
Financial Analyst,South Africa,98733.82,2020-01-21,1988-03-01
Project Manager,Mexico,114419.64,2023-04-12,1971-12-25
Support Engineer,France,64070.46,2020-06-24,1975-06-29
Compliance Officer,Singapore,102449.12,2020-04-04,1989-06-30
Support Engineer,Singapore,67461.30,2018-04-06,1988-12-17
DevOps Engineer,Germany,99702.77,2016-05-11,1992-07-26
Project Manager,USA,91817.37,2022-04-09,1985-03-10
Backend Developer,USA,73715.31,2024-12-18,1994-11-06
QA Engineer,Japan,80908.85,2018-04-17,1988-07-22
DevOps Engineer,Australia,96349.76,2019-09-17,1990-05-22
Scrum Master,UK,87887.10,2024-03-20,1989-09-18
Operations Manager,Norway,75613.02,2024-06-06,1993-08-17
Marketing Manager,South Africa,92397.31,2023-05-23,1997-01-24
Security Analyst,New Zealand,77291.54,2024-04-02,1984-12-07
Technical Writer,Singapore,59354.42,2023-11-16,1980-05-09
HR Manager,New Zealand,86602.42,2018-11-19,1976-02-25
HR Manager,Canada,65646.26,2024-09-24,1983-10-08
IT Specialist,Mexico,67795.87,2016-02-15,1997-09-23
QA Engineer,Australia,72482.09,2020-08-15,1990-03-18
Machine Learning Engineer,USA,111775.56,2017-05-10,1985-01-28
Graphic Designer,Netherlands,50873.98,2016-02-02,1979-08-30
Compliance Officer,Brazil,87605.41,2019-07-03,1997-07-03
Scrum Master,UK,106894.49,2017-09-28,1979-05-21
Data Scientist,Switzerland,92713.83,2017-04-01,1971-11-07
Content Writer,UK,60286.26,2023-07-01,1980-03-07
Customer Success Manager,Switzerland,89077.46,2016-12-17,1998-10-10
Database Administrator,Norway,85772.61,2024-12-06,1987-07-12
Content Writer,Mexico,45078.21,2019-02-11,1973-05-27
Finance Manager,India,113313.45,2017-06-27,1997-06-12
Financial Analyst,Brazil,66330.74,2024-08-20,1995-08-07
Support Engineer,South Africa,73499.75,2023-10-22,1995-04-06
Backend Developer,Mexico,65992.19,2024-12-19,1979-05-10
Financial Analyst,Canada,83224.77,2017-09-19,1975-08-25
QA Engineer,Netherlands,59784.59,2022-11-30,1986-12-17
Legal Counsel,Netherlands,109404.10,2019-11-11,1970-12-20
Machine Learning Engineer,Brazil,130473.76,2017-03-17,1981-02-13
Junior Developer,Denmark,47910.69,2015-06-12,1994-04-21
Data Scientist,Brazil,115488.29,2018-09-23,2000-11-09
Data Scientist,USA,113250.71,2020-02-14,1987-10-24
Engineering Manager,Denmark,136517.18,2023-03-28,1975-01-04
Senior Software Engineer,UK,97543.43,2018-12-17,1998-05-14
HR Manager,Singapore,71933.87,2020-03-12,1986-08-25
Marketing Manager,France,70241.22,2022-09-17,1989-08-31
Cloud Architect,Germany,117736.10,2020-09-02,1998-10-21
Operations Manager,Germany,94679.37,2024-02-15,1982-10-20
Accountant,Switzerland,73530.57,2019-04-05,1975-12-11
VP of Engineering,Norway,150892.79,2019-07-13,1978-06-29
System Administrator,Sweden,61071.12,2024-10-23,1987-08-18
Operations Manager,South Africa,81791.99,2015-08-17,1994-01-01
UX Designer,South Africa,77920.01,2020-01-31,1978-12-16
Product Manager,France,140366.75,2015-08-28,1990-02-28
Sales Manager,Germany,104733.39,2017-02-04,1993-07-12
Backend Developer,Sweden,68210.45,2024-04-11,1970-05-21
DevOps Engineer,Switzerland,91457.26,2024-09-18,2000-04-04
Content Writer,USA,42332.66,2018-10-10,1979-10-22
System Administrator,Singapore,69744.15,2015-04-06,1990-04-13
Engineering Manager,Australia,169637.31,2020-02-13,1973-07-27
Business Analyst,France,79109.64,2023-01-24,1990-12-18
Marketing Manager,France,106299.23,2019-04-13,1973-04-07
Product Manager,Denmark,109053.54,2019-10-18,1994-08-31
Project Manager,Canada,117044.21,2019-10-14,1989-06-09
Content Writer,India,52294.66,2015-07-02,1984-06-10
Sales Manager,UAE,86965.66,2019-05-03,1994-02-21
Accountant,USA,50947.41,2021-06-15,1994-06-05
Business Analyst,Norway,73592.87,2022-03-09,1970-12-16
HR Manager,Ireland,99211.28,2022-07-22,1990-06-17
IT Specialist,UK,68473.93,2019-01-02,1982-10-12
Graphic Designer,Sweden,46085.16,2015-03-20,1988-02-02
Finance Manager,USA,119711.16,2020-10-12,1975-03-20
Scrum Master,USA,84385.67,2019-01-18,2000-12-18
Legal Counsel,Mexico,99883.39,2022-12-25,1976-07-29
UX Designer,Australia,69544.46,2016-08-29,1971-10-07
Technical Writer,Australia,60637.85,2019-10-14,1981-04-10
VP of Engineering,Ireland,164291.62,2015-12-02,1988-07-24
Network Engineer,UK,91429.99,2015-07-13,1985-02-26
Operations Manager,Norway,99439.22,2019-09-20,1983-07-27
Cloud Architect,Singapore,124366.20,2020-10-01,1984-08-25
Cloud Architect,Mexico,137835.07,2021-11-29,1986-12-13
Engineering Manager,New Zealand,116199.37,2019-08-06,1984-03-30
Support Engineer,Japan,72825.21,2019-03-06,1989-06-22
VP of Engineering,Switzerland,217169.84,2018-11-18,1987-06-28
Sales Manager,South Africa,115018.21,2024-08-21,1979-12-02
Data Analyst,Mexico,74011.28,2024-07-02,2000-12-19
Senior Software Engineer,Ireland,130067.64,2023-03-31,1987-04-17
CTO,Ireland,222328.48,2017-05-06,1979-05-30
Finance Manager,India,114743.16,2016-07-10,1987-07-12
Machine Learning Engineer,Brazil,114467.24,2019-04-28,1978-10-01
Business Analyst,Australia,93327.81,2023-07-24,1994-10-04
Software Engineer,Sweden,64781.63,2017-11-09,1999-12-08
Finance Manager,India,87740.81,2020-07-26,1975-02-01
Network Engineer,Germany,94425.82,2018-01-15,1979-05-15
Machine Learning Engineer,Mexico,116052.22,2024-09-15,1997-10-07
Support Engineer,Ireland,61593.91,2016-03-15,1976-05-31
Finance Manager,Ireland,117438.37,2022-04-10,1999-08-05
Business Analyst,South Africa,89285.13,2022-12-14,1976-04-21
HR Manager,Canada,99999.01,2017-11-29,1977-11-23
Compliance Officer,Canada,90040.95,2015-09-20,1979-06-16
Financial Analyst,Japan,81223.77,2017-01-09,1972-08-10
Data Analyst,France,83580.85,2022-07-17,1982-09-30
DevOps Engineer,Brazil,97208.65,2018-01-19,1978-03-19
Full Stack Developer,Norway,83235.75,2015-02-27,1974-05-06
Finance Manager,France,87148.19,2022-07-25,1972-07-17
Machine Learning Engineer,USA,109381.59,2023-06-10,1980-05-11
UX Designer,Japan,79119.66,2024-05-24,1992-01-28
Finance Manager,India,118510.55,2017-11-30,1996-08-31
Content Writer,Sweden,41943.96,2017-03-11,1995-08-08
System Administrator,Sweden,85342.59,2021-05-18,1994-08-17
Security Analyst,Mexico,114856.46,2019-11-21,1978-05-06
Product Manager,Canada,106813.65,2020-11-01,1971-05-18
Business Analyst,Netherlands,87800.30,2018-03-07,1983-07-23
Senior Software Engineer,USA,131408.71,2020-10-09,1998-10-30
IT Specialist,South Africa,72207.78,2024-06-18,1994-02-04
UX Designer,UK,87591.41,2017-05-11,1990-01-02
Network Engineer,India,77466.38,2018-07-27,1995-04-01
QA Engineer,Ireland,81483.61,2021-07-16,1979-08-23
Scrum Master,Australia,105822.05,2023-10-31,1992-05-10
Engineering Manager,Australia,144737.09,2023-08-28,1972-01-23
Machine Learning Engineer,Canada,104384.75,2019-05-08,1974-02-24
Backend Developer,UAE,82277.19,2015-07-25,1977-10-28
Machine Learning Engineer,Denmark,95455.66,2015-01-30,1980-05-24
Support Engineer,Switzerland,65629.01,2015-01-22,1979-01-05
Data Analyst,New Zealand,77002.51,2024-11-21,1985-01-13
CTO,Japan,256471.00,2015-10-03,1990-01-25
Operations Manager,Brazil,79282.74,2021-03-11,1995-07-09
Sales Manager,France,85728.78,2022-05-27,1979-10-08
Software Engineer,New Zealand,83666.45,2022-09-12,1992-03-04
System Administrator,Canada,60359.49,2016-09-28,1998-04-02
DevOps Engineer,Japan,110756.52,2015-02-01,1991-02-19
Database Administrator,New Zealand,69933.43,2020-10-04,1985-07-26
VP of Engineering,Netherlands,167228.04,2020-06-22,1996-10-13
Content Writer,Australia,63470.77,2016-03-08,1970-04-23
UI Designer,USA,83540.26,2019-05-07,1973-08-16
Customer Success Manager,Japan,90375.07,2022-02-02,1978-01-07
Software Engineer,Netherlands,86643.15,2017-06-06,1996-12-06
VP of Engineering,UK,173614.33,2020-12-15,1975-10-29
Marketing Manager,Ireland,92576.77,2024-12-13,1996-06-13
Content Writer,Australia,53418.06,2021-03-08,2000-07-04
Support Engineer,New Zealand,78935.67,2016-05-13,1997-11-09
UI Designer,Japan,90138.50,2021-08-23,1975-10-28
Machine Learning Engineer,Netherlands,125953.90,2017-06-01,1997-10-09
Sales Manager,UK,113447.44,2022-12-21,1976-12-10
Data Analyst,Germany,56236.32,2022-08-05,1971-01-30
Legal Counsel,South Africa,110933.36,2021-07-10,1973-01-17
VP of Engineering,South Africa,187105.84,2022-01-30,1980-07-06
Full Stack Developer,South Africa,78206.31,2022-03-10,1979-05-20
UI Designer,Mexico,81165.55,2016-08-17,1989-11-30
Senior Software Engineer,UAE,139982.52,2020-05-06,1970-08-26
QA Engineer,USA,56281.18,2015-11-29,1982-10-27
Product Manager,Germany,137347.82,2021-05-08,1984-05-27
IT Specialist,Netherlands,60842.85,2016-01-25,1991-04-11
Legal Counsel,France,148245.51,2020-09-03,1981-12-25
Machine Learning Engineer,UAE,121894.24,2021-08-23,1970-04-26
Frontend Developer,UK,95582.39,2021-06-16,1999-09-13
VP of Engineering,South Africa,201376.65,2024-01-18,1994-10-11
UX Designer,Mexico,86650.70,2017-06-21,1984-06-09
Customer Success Manager,Brazil,93414.94,2021-04-08,1972-03-19
DevOps Engineer,Norway,90214.87,2024-06-06,1991-03-13
Project Manager,India,116050.29,2024-08-07,1983-04-24
Database Administrator,South Africa,75132.82,2016-03-09,1996-12-31
UX Designer,Australia,69184.14,2021-11-05,1998-08-23
DevOps Engineer,Singapore,99384.46,2020-12-28,1973-07-06
Full Stack Developer,New Zealand,88990.25,2020-05-11,1973-08-17
Support Engineer,Brazil,73752.43,2024-10-25,1980-02-18
Engineering Manager,Brazil,145548.24,2021-10-09,1997-02-03
Business Analyst,Brazil,84361.85,2016-06-10,1976-12-21
Backend Developer,Australia,99839.57,2016-01-30,1994-02-27
Accountant,South Africa,67450.26,2019-08-20,1976-01-13
Content Writer,New Zealand,56167.27,2018-09-23,1978-10-22
Accountant,Australia,72033.64,2015-01-12,1988-06-16
UX Designer,USA,78135.27,2016-02-03,1996-01-04
Software Engineer,Netherlands,89560.95,2024-07-04,1988-12-14
Accountant,UAE,76434.52,2020-11-19,1984-01-02
Database Administrator,Sweden,85252.38,2015-10-31,1997-12-15
Finance Manager,USA,86575.17,2020-03-21,1980-09-29
Product Manager,Australia,109469.75,2023-04-07,1994-06-30
Machine Learning Engineer,New Zealand,121676.98,2019-01-22,1976-08-18
Legal Counsel,Brazil,148293.38,2020-02-14,1989-05-29
Operations Manager,Canada,105380.61,2019-09-21,1995-03-01
Database Administrator,India,77192.24,2023-05-08,1980-01-23
Software Engineer,India,84733.26,2015-02-02,1973-12-05
Data Analyst,Mexico,55857.46,2016-02-25,1980-09-13
Backend Developer,South Africa,82459.74,2020-09-25,1994-08-14
Machine Learning Engineer,Denmark,146903.49,2015-05-12,1970-08-16
DevOps Engineer,Sweden,124746.68,2020-10-30,2000-11-06
Senior Software Engineer,USA,134481.37,2019-11-01,1970-11-12
Full Stack Developer,South Africa,79889.35,2022-12-29,2000-09-26
Legal Counsel,Switzerland,117275.87,2019-12-06,1979-10-14
VP of Engineering,India,180379.16,2022-09-01,1981-03-15
Technical Writer,Brazil,61217.80,2024-06-11,1995-03-20
Engineering Manager,New Zealand,148610.98,2018-08-01,1978-11-14
Machine Learning Engineer,UK,108512.57,2023-05-28,1980-07-20
HR Manager,UK,92009.75,2016-05-27,1989-06-15
Scrum Master,Germany,107401.30,2016-05-31,1990-06-15
Compliance Officer,UK,87697.12,2019-08-13,1978-11-30
QA Engineer,Norway,79029.56,2016-06-21,1988-02-24
QA Engineer,UK,67394.55,2018-06-08,1973-02-23
QA Engineer,UAE,67738.32,2021-09-11,1983-06-03
Operations Manager,New Zealand,87578.55,2023-10-11,1972-10-20
UX Designer,Ireland,101587.85,2015-12-21,1982-09-25
Support Engineer,France,68747.95,2018-09-29,1992-05-19
HR Manager,Germany,84711.87,2016-06-11,2000-03-14
Senior Software Engineer,Netherlands,99002.82,2022-09-11,1988-07-28
Technical Writer,Mexico,67268.12,2020-10-24,1973-06-08
Cloud Architect,France,109843.89,2021-11-22,1997-03-05
Compliance Officer,Switzerland,94034.71,2017-07-09,1982-12-11
Security Analyst,Netherlands,82532.96,2016-11-19,1986-05-13
Accountant,Netherlands,57934.13,2020-09-21,1988-11-13
Content Writer,India,45709.05,2016-03-15,1973-11-30
Frontend Developer,Mexico,90241.84,2023-12-05,2000-01-15
QA Engineer,Singapore,60719.65,2024-05-08,1984-05-02
HR Manager,Norway,95160.30,2019-07-12,1994-01-15
Software Engineer,Japan,81552.99,2024-10-12,1974-10-31
Financial Analyst,Switzerland,84984.13,2019-11-23,1992-08-28
Scrum Master,Brazil,109590.24,2018-10-12,1974-12-28
Security Analyst,UK,89690.92,2023-11-25,1998-12-11
VP of Engineering,South Africa,178384.98,2023-05-28,1973-05-09
Operations Manager,Brazil,87845.79,2015-11-26,1970-07-11
Security Analyst,Sweden,111259.01,2020-06-19,1987-11-08
Machine Learning Engineer,USA,101006.52,2020-06-26,1997-05-05
Senior Software Engineer,New Zealand,136820.75,2017-04-02,1997-01-08
Customer Success Manager,Switzerland,67201.20,2015-11-15,1982-12-10
Sales Manager,Japan,85510.81,2017-04-24,1999-09-03
Finance Manager,France,93603.70,2015-12-08,1976-10-12
Engineering Manager,Australia,163566.98,2024-06-26,1995-12-14
Support Engineer,Canada,61915.27,2021-11-21,1978-04-10
Full Stack Developer,Norway,96075.09,2023-08-11,1977-05-13
Data Analyst,Netherlands,63073.68,2024-01-06,1980-08-01
Database Administrator,USA,98226.37,2020-03-02,1972-11-06
DevOps Engineer,Australia,115107.75,2018-04-01,1997-10-31
Scrum Master,Singapore,90538.52,2021-05-21,1992-01-01
IT Specialist,Germany,79319.79,2017-10-04,1992-08-20
Sales Manager,UAE,99628.93,2016-04-18,1995-12-29
Frontend Developer,Singapore,85637.62,2017-09-07,1985-05-20
Support Engineer,South Africa,72456.12,2018-08-28,2000-05-07
QA Engineer,Norway,56001.80,2016-07-17,1993-06-11
Sales Manager,Brazil,90940.01,2022-12-31,1996-01-22
Full Stack Developer,Brazil,98839.08,2023-11-23,1979-06-09
Software Engineer,Canada,63036.20,2023-05-05,1998-11-25
Backend Developer,Switzerland,69130.97,2020-06-25,1999-02-20
Data Scientist,India,119621.99,2022-08-02,1976-08-08
Financial Analyst,Australia,70604.99,2019-10-14,1971-11-18
VP of Engineering,USA,168761.83,2023-12-22,1972-11-18
Accountant,Japan,75970.94,2017-01-16,1971-09-28
Data Analyst,UK,69971.60,2023-10-14,2000-07-01
Graphic Designer,UK,52209.45,2023-12-27,1995-02-06
Marketing Manager,Brazil,80014.11,2018-11-12,1996-11-16
Legal Counsel,Japan,129695.05,2018-11-04,1993-03-25
Full Stack Developer,Denmark,88499.86,2021-12-01,2000-11-18
Compliance Officer,Norway,96364.51,2017-10-08,1973-05-14
Full Stack Developer,USA,72695.30,2020-07-07,1970-04-28
QA Engineer,Brazil,84099.65,2019-09-29,1991-07-27
Legal Counsel,Canada,121531.90,2022-05-24,1977-02-06
Technical Writer,USA,62883.81,2019-02-24,1980-04-20
Support Engineer,Ireland,58617.28,2015-09-14,1976-08-20
Junior Developer,Netherlands,49711.06,2016-01-16,1976-05-10
VP of Engineering,France,210164.14,2024-08-29,1999-05-02
Scrum Master,Japan,91854.12,2020-10-25,2000-03-05
Backend Developer,UAE,69772.79,2024-11-05,1992-04-29
Full Stack Developer,Mexico,87497.59,2016-06-06,1983-06-17
VP of Engineering,Netherlands,189307.64,2018-08-05,1989-09-23
Full Stack Developer,Netherlands,86562.17,2019-11-27,1993-04-10
Engineering Manager,South Africa,113922.77,2023-06-14,1980-08-19
Project Manager,France,109617.86,2024-11-03,1971-07-22
Backend Developer,Netherlands,76478.01,2019-10-03,1974-01-25
Marketing Manager,India,85270.08,2022-01-08,1998-01-12
Accountant,Brazil,76904.39,2023-09-06,1983-11-11
HR Manager,Sweden,65881.03,2018-10-14,1981-12-31
Technical Writer,Mexico,61149.18,2016-03-27,1975-07-19
Financial Analyst,Japan,81144.21,2019-04-20,1970-04-07
Backend Developer,France,84259.04,2017-05-28,1992-10-30
QA Engineer,New Zealand,78734.32,2021-09-07,1994-01-16
Financial Analyst,USA,73013.46,2016-03-25,1979-02-16
Database Administrator,India,77033.33,2020-02-10,1983-10-10
Legal Counsel,Switzerland,97262.52,2016-11-25,1982-02-01
Data Scientist,Denmark,121240.83,2020-04-04,1981-03-26
Engineering Manager,Japan,129417.38,2016-01-27,1976-10-17
Technical Writer,Canada,65469.68,2023-08-09,1985-03-21
QA Engineer,UAE,83031.08,2018-09-12,1981-02-17
Graphic Designer,Singapore,71124.64,2017-10-28,1991-10-16
CTO,Netherlands,225206.44,2020-12-30,1983-01-30
UI Designer,New Zealand,92803.54,2022-10-10,1976-03-21
Business Analyst,New Zealand,66789.80,2017-03-06,1981-12-18
Marketing Manager,USA,96076.29,2019-08-21,1996-10-30
Technical Writer,Australia,78353.20,2016-12-06,1983-06-18
Full Stack Developer,Canada,90474.23,2020-12-31,1974-02-18
Database Administrator,New Zealand,76438.56,2016-01-16,1992-03-31
Junior Developer,India,49403.09,2024-09-27,1992-06-25
IT Specialist,Singapore,67072.71,2023-04-12,1984-11-15
Software Engineer,New Zealand,76569.65,2017-03-10,1994-08-16
Data Scientist,USA,116307.64,2018-03-22,1981-10-17
Accountant,Canada,50413.83,2016-05-12,1991-05-02
Legal Counsel,Germany,142090.62,2017-08-17,1992-05-27
Business Analyst,Brazil,78293.91,2023-10-18,1971-12-11
HR Manager,Ireland,86154.64,2018-09-29,1976-12-19
VP of Engineering,Germany,165651.51,2015-04-07,1979-08-26
UX Designer,Denmark,72773.77,2017-02-08,1996-03-09
Data Analyst,Netherlands,59360.14,2017-04-06,1975-11-10
Content Writer,France,53675.20,2018-03-06,1992-09-26
UX Designer,Switzerland,79636.33,2019-07-06,2000-01-26
Customer Success Manager,Sweden,82748.59,2015-02-20,1998-09-19
Scrum Master,UK,109839.10,2023-01-01,1978-07-07
Junior Developer,New Zealand,47601.23,2020-04-23,1973-08-29
Frontend Developer,Denmark,74940.89,2018-06-28,1972-06-24
Security Analyst,Mexico,94510.61,2021-08-24,1997-01-18
Junior Developer,UAE,57977.06,2019-08-31,1972-12-13
DevOps Engineer,Norway,123559.03,2024-06-25,1986-10-14
UI Designer,Canada,91151.31,2022-02-12,1989-09-13
Data Scientist,New Zealand,119610.16,2020-08-30,1973-01-27
Accountant,UAE,57938.07,2019-12-12,1996-10-15
Security Analyst,Ireland,78083.81,2018-08-27,1974-03-16
Legal Counsel,New Zealand,131027.24,2020-01-01,1970-06-23
Customer Success Manager,Mexico,66321.15,2018-05-20,1983-02-08
QA Engineer,USA,83496.19,2022-03-29,1998-10-06
Graphic Designer,Mexico,48895.78,2023-05-10,1980-10-07
Data Scientist,Ireland,94216.64,2018-04-26,1996-08-03
Operations Manager,Canada,91085.87,2019-10-19,1989-12-11
Frontend Developer,Sweden,88624.06,2022-11-06,1995-12-07
Data Scientist,Netherlands,107787.33,2018-07-15,1977-11-06
Sales Manager,Switzerland,110178.69,2018-06-01,1980-10-04
Legal Counsel,Netherlands,115933.82,2022-12-13,1983-12-02
HR Manager,India,81355.09,2017-11-02,1974-01-26
Operations Manager,UK,85492.11,2021-01-16,1971-04-07
Legal Counsel,USA,112651.99,2016-08-06,2000-01-13
Operations Manager,Mexico,112100.21,2016-04-15,1976-11-04
Data Analyst,Mexico,83403.41,2020-10-11,1983-06-30
Frontend Developer,Switzerland,78300.46,2024-07-02,1976-06-22
Support Engineer,UK,72923.03,2024-12-19,1985-08-14
Support Engineer,UAE,63017.91,2024-08-03,1972-01-25
Graphic Designer,Ireland,51048.51,2020-06-23,1984-06-12
HR Manager,Denmark,74166.77,2017-06-10,1997-03-23
UX Designer,France,72805.87,2021-11-23,2000-10-23
Marketing Manager,Netherlands,73747.55,2021-04-03,1987-07-01
Network Engineer,UK,67988.45,2022-05-25,1979-02-14
Legal Counsel,Sweden,117085.39,2016-12-25,1974-10-10
Database Administrator,Switzerland,69679.38,2016-03-09,1972-07-06
Database Administrator,France,70309.65,2023-07-03,1986-11-22
Cloud Architect,UAE,144288.12,2016-06-04,1977-01-27
Finance Manager,Japan,108404.41,2018-09-13,1989-01-04
Backend Developer,Sweden,104825.19,2018-08-28,1995-02-19
Graphic Designer,India,54165.86,2020-09-20,1983-03-01
Junior Developer,Norway,45168.88,2021-02-03,1982-08-19
Business Analyst,Ireland,68022.31,2020-06-28,1972-12-21
Senior Software Engineer,Singapore,128811.56,2020-04-13,1994-08-04
Financial Analyst,Japan,87476.60,2018-02-18,1991-01-07
Compliance Officer,USA,106484.58,2024-03-18,1990-12-30
QA Engineer,UAE,61895.71,2015-06-13,1989-05-17
Sales Manager,Mexico,100545.87,2023-09-26,2000-03-09
Database Administrator,Japan,87908.62,2018-12-10,1994-03-23
Scrum Master,Mexico,89064.44,2015-08-26,1997-05-29
Marketing Manager,Australia,89603.33,2017-06-11,1988-08-13
Compliance Officer,Brazil,85202.87,2023-08-18,1973-12-03
Backend Developer,Switzerland,72396.86,2015-09-24,2000-12-10
Network Engineer,France,81704.70,2018-10-26,1991-01-15
Marketing Manager,Mexico,92434.59,2015-09-29,1989-03-08
Operations Manager,New Zealand,113954.94,2017-05-01,1998-06-06
Business Analyst,India,79424.41,2018-06-25,1993-12-02
UX Designer,Sweden,68830.38,2023-07-27,1989-08-23
DevOps Engineer,UAE,119500.53,2022-06-18,1978-05-22
Compliance Officer,Mexico,112033.65,2019-04-03,1995-04-04
Sales Manager,India,96377.87,2019-03-10,1988-09-15
Project Manager,Switzerland,85259.73,2015-08-09,1975-08-16
Sales Manager,Singapore,106439.36,2021-02-12,1970-11-22
Project Manager,UAE,105425.95,2022-11-26,1983-07-09
Project Manager,Germany,112393.24,2022-06-07,1977-08-19
Network Engineer,India,92333.22,2019-08-31,1996-04-26
Network Engineer,Sweden,68614.28,2018-08-16,1992-02-02
Technical Writer,Denmark,57255.78,2022-10-10,1986-06-18
Cloud Architect,Brazil,120721.32,2019-09-09,1994-06-30
VP of Engineering,South Africa,164527.99,2021-12-13,1998-03-10
Cloud Architect,Australia,134778.37,2021-04-23,1973-12-14
HR Manager,Germany,77776.53,2019-10-23,1972-08-09
Accountant,New Zealand,65115.59,2022-09-26,1974-03-12
DevOps Engineer,Canada,91208.17,2023-05-10,2000-11-19
Data Scientist,Switzerland,126626.20,2017-06-16,1983-11-05
UI Designer,Germany,63093.04,2021-02-12,1972-11-04
Graphic Designer,South Africa,56925.76,2020-07-01,1972-02-09
Financial Analyst,India,67221.09,2023-11-07,1971-04-22
Customer Success Manager,Australia,66797.36,2017-12-27,1993-08-24
Junior Developer,UAE,50963.05,2018-04-15,1976-09-24
Backend Developer,UK,85146.31,2020-05-17,1985-06-08
Financial Analyst,Canada,67543.46,2024-12-02,1996-07-27
Compliance Officer,Denmark,104038.90,2020-07-08,1998-07-04
Engineering Manager,South Africa,155553.57,2015-11-17,1978-01-11
Operations Manager,Norway,93203.07,2017-07-24,1979-06-29
Operations Manager,India,75533.57,2018-06-15,1972-02-15
Customer Success Manager,Canada,82881.50,2015-12-22,1987-05-11
Content Writer,India,47744.28,2016-11-08,1985-06-15
Security Analyst,Ireland,119734.42,2018-10-22,1974-05-04
QA Engineer,Netherlands,69162.31,2023-05-07,1975-03-13
Software Engineer,South Africa,74477.31,2017-09-03,1991-06-23
Database Administrator,India,89182.28,2022-03-11,1988-07-20
Software Engineer,Switzerland,68780.64,2023-12-28,1995-01-04
DevOps Engineer,UK,102896.54,2020-10-25,1977-03-23
Technical Writer,Switzerland,55114.02,2024-05-16,1984-07-30
Financial Analyst,Singapore,89319.20,2022-10-22,1975-05-02
QA Engineer,Switzerland,62445.44,2023-09-17,1984-05-09
Cloud Architect,India,105284.57,2022-03-06,1976-10-26
UI Designer,Denmark,76827.02,2017-10-16,1992-08-27
System Administrator,UK,57608.81,2017-12-15,1993-01-18
Graphic Designer,New Zealand,60932.57,2024-09-08,1971-03-05
HR Manager,USA,88422.00,2024-04-27,1971-11-21
Operations Manager,USA,92769.18,2015-12-24,1983-11-27
Network Engineer,France,87179.62,2015-04-15,1997-04-24
Customer Success Manager,Australia,86060.81,2019-10-03,1988-09-07
Product Manager,Sweden,119702.57,2019-02-18,1971-02-08
Scrum Master,UAE,106699.76,2023-09-16,1986-05-12
Business Analyst,Germany,79856.36,2020-02-22,1982-04-22
Backend Developer,Norway,102670.71,2024-04-10,1988-10-16
Sales Manager,India,119799.31,2016-07-08,1995-04-19
Full Stack Developer,Mexico,101083.76,2021-11-07,1971-01-30
Cloud Architect,Norway,153565.62,2023-03-11,1986-10-01
Business Analyst,New Zealand,93793.96,2023-02-17,1971-12-07
Machine Learning Engineer,New Zealand,138603.17,2021-12-17,1992-09-12
Legal Counsel,Sweden,137228.83,2019-12-30,1983-06-26
Sales Manager,Sweden,104081.16,2019-09-23,1998-11-08
CTO,USA,231689.25,2024-05-29,1998-11-14
Operations Manager,UK,85955.80,2019-04-16,1996-04-29
Data Scientist,Singapore,108608.64,2019-02-10,1984-12-28
Project Manager,Switzerland,89997.10,2019-09-24,1999-07-11
Software Engineer,New Zealand,71084.56,2023-07-29,1973-11-28
Compliance Officer,Australia,108101.41,2016-10-05,1991-04-18
UI Designer,UAE,74761.04,2022-12-30,1970-08-24
Database Administrator,Norway,83080.40,2023-09-03,1981-08-18
Software Engineer,Australia,65202.57,2015-06-24,1975-08-23
Compliance Officer,Canada,112856.88,2024-10-30,1972-03-25
Support Engineer,Canada,73288.48,2019-09-21,1982-09-08
Graphic Designer,Switzerland,46282.13,2024-03-04,1991-07-03
Machine Learning Engineer,Brazil,104206.63,2020-08-05,1979-06-14
Software Engineer,South Africa,70517.92,2022-01-31,1970-12-25
UI Designer,Ireland,77908.78,2015-07-21,1993-06-29
Product Manager,UAE,95452.31,2024-09-21,1989-09-27
Customer Success Manager,Japan,88769.13,2017-08-25,1995-01-27
Cloud Architect,South Africa,120439.63,2021-10-21,1994-05-12
Graphic Designer,India,68993.11,2017-08-12,1989-10-17
Graphic Designer,Sweden,65160.85,2017-05-26,1984-11-13
Graphic Designer,New Zealand,68642.69,2019-03-20,1975-09-10
UI Designer,France,86335.64,2019-12-10,1987-05-05
Data Analyst,Brazil,63091.96,2024-08-02,1980-01-24
Data Analyst,Ireland,56819.50,2022-08-17,1977-03-23
Technical Writer,Mexico,75850.60,2020-06-17,1977-06-02
VP of Engineering,UAE,184880.83,2020-02-04,1993-06-04
Machine Learning Engineer,Switzerland,96614.72,2017-11-14,1981-05-29
Business Analyst,Canada,83771.03,2018-06-29,1983-04-05
Machine Learning Engineer,Switzerland,110369.11,2024-06-30,1975-03-10
Graphic Designer,Germany,59736.39,2016-01-24,1980-06-13
Technical Writer,Australia,84849.18,2015-05-18,1980-05-08
HR Manager,USA,74693.27,2024-09-02,2000-06-12
Database Administrator,Mexico,99426.87,2023-04-01,1978-08-13
Software Engineer,Canada,89706.65,2022-09-01,1984-06-05
Security Analyst,France,100261.19,2021-04-07,1994-10-05
Full Stack Developer,Mexico,109813.14,2017-10-28,1999-04-03
Software Engineer,UAE,68936.31,2017-04-11,1972-06-11
UX Designer,Netherlands,82500.93,2021-07-25,1977-11-07
Frontend Developer,Switzerland,99675.47,2020-04-05,2000-08-26
DevOps Engineer,New Zealand,119913.72,2016-05-14,1973-04-25
Backend Developer,Japan,71338.46,2023-05-28,1972-09-03
Full Stack Developer,Norway,109488.68,2023-08-29,1979-09-06
DevOps Engineer,Ireland,89069.57,2023-07-18,1991-07-19
Engineering Manager,Germany,135189.71,2016-04-03,1991-05-19
DevOps Engineer,Mexico,92823.57,2020-10-29,1970-09-04
Database Administrator,USA,80625.23,2017-01-31,1971-04-06
VP of Engineering,USA,185265.36,2022-11-26,1976-05-14
VP of Engineering,Sweden,178188.61,2015-08-14,1980-09-15
Content Writer,Mexico,45351.67,2015-02-20,1979-08-16
QA Engineer,Canada,68460.22,2017-06-11,1984-04-01
Full Stack Developer,South Africa,95861.61,2022-07-12,1994-05-06
Marketing Manager,New Zealand,92246.36,2018-02-01,1976-04-02
Graphic Designer,Singapore,66079.07,2015-05-25,1978-11-24
UX Designer,Norway,84185.89,2021-12-23,1984-10-31
Graphic Designer,South Africa,51640.96,2023-04-02,1971-01-20
Data Scientist,Sweden,120056.72,2017-10-02,1989-08-02
IT Specialist,France,78932.87,2018-10-05,1977-10-20
Operations Manager,Mexico,93367.68,2023-04-08,1991-01-06
Data Analyst,Denmark,69252.97,2023-06-21,1983-12-01
Network Engineer,Canada,89622.41,2020-09-24,2000-01-08
Network Engineer,Denmark,99097.98,2017-01-20,1973-09-16
Graphic Designer,Australia,50647.05,2020-05-09,1986-08-07
Data Scientist,Canada,123800.25,2023-04-03,1991-03-27
HR Manager,Sweden,89030.45,2022-09-03,1972-05-23
Sales Manager,Sweden,103827.99,2016-04-09,1992-10-16
IT Specialist,Singapore,76176.93,2024-11-24,1993-10-23
Operations Manager,Norway,91305.56,2020-06-12,1979-01-18
Marketing Manager,New Zealand,92760.44,2017-03-22,1977-07-04
Accountant,Japan,67463.89,2022-09-16,1992-10-07
Accountant,Sweden,62799.31,2023-03-09,1987-08-21
UI Designer,New Zealand,87041.17,2016-07-07,1971-08-09
Finance Manager,Ireland,98129.99,2024-02-23,1981-11-02
VP of Engineering,Netherlands,198862.66,2015-08-06,1974-04-18
Junior Developer,Mexico,59841.59,2017-05-14,1987-01-26
Security Analyst,Ireland,86295.35,2015-11-23,1974-06-26
IT Specialist,Ireland,61579.13,2022-06-14,1983-12-24
HR Manager,Brazil,96069.91,2015-02-14,1980-01-31
Legal Counsel,Denmark,114279.97,2019-11-26,1985-04-30
Project Manager,Japan,108334.60,2019-06-16,1982-07-18
Database Administrator,France,88640.96,2019-06-05,1979-11-11
VP of Engineering,Denmark,183293.91,2018-02-26,1983-08-28
Engineering Manager,Netherlands,160058.11,2019-11-20,1996-03-28
Senior Software Engineer,Mexico,108576.48,2022-11-16,1975-01-14
Senior Software Engineer,UAE,129052.81,2019-01-13,1999-01-23
IT Specialist,Ireland,82185.80,2016-01-31,1992-07-25
Sales Manager,Switzerland,97824.06,2024-06-13,1995-09-03
DevOps Engineer,Switzerland,95909.55,2020-08-16,1976-10-13
Cloud Architect,Sweden,120559.23,2017-12-28,1983-10-16
VP of Engineering,Canada,181702.07,2020-04-29,1985-07-09
Machine Learning Engineer,Germany,134296.15,2020-09-14,1999-10-20
HR Manager,Mexico,96121.86,2023-11-13,1984-02-24
Sales Manager,Australia,91298.62,2020-09-12,1990-04-21
Database Administrator,USA,69833.36,2020-08-03,1982-11-05
UI Designer,UK,81328.45,2023-01-12,1999-03-15
IT Specialist,Ireland,83936.16,2022-03-16,1988-11-15
Database Administrator,France,82678.55,2021-12-23,1998-02-02
System Administrator,USA,69489.95,2020-03-27,1983-03-28
Machine Learning Engineer,UAE,124464.77,2020-11-24,1980-06-08
Frontend Developer,Singapore,87245.63,2021-02-27,1978-10-14
Network Engineer,South Africa,93163.31,2020-09-28,1980-05-05
Backend Developer,Switzerland,101479.62,2018-06-01,1972-07-13
Scrum Master,Canada,81714.80,2018-12-03,1982-03-19
Project Manager,Australia,91665.48,2024-07-28,1970-09-21
IT Specialist,UAE,71239.80,2020-08-12,1979-09-26
Software Engineer,Sweden,79794.98,2022-01-06,1971-12-24
UI Designer,Canada,65816.88,2022-11-25,1999-11-22
Senior Software Engineer,Switzerland,127929.16,2023-02-18,1999-11-01
Sales Manager,UK,114900.98,2020-07-06,1985-03-15
VP of Engineering,Switzerland,176413.08,2021-12-11,1994-07-24
Graphic Designer,South Africa,53461.43,2023-03-20,1973-08-25
Project Manager,Switzerland,90746.93,2024-11-10,1992-06-20
Finance Manager,Switzerland,99597.74,2018-12-27,1975-04-23
Full Stack Developer,France,77296.60,2020-03-20,1986-03-01
Data Analyst,France,84141.15,2022-11-09,1999-09-22
Financial Analyst,Mexico,78647.83,2021-07-07,1993-01-13
Content Writer,Netherlands,56010.79,2020-05-08,1985-09-10
Network Engineer,USA,70439.20,2015-12-16,1980-08-05
Data Analyst,France,89513.30,2016-02-10,1985-05-24
Frontend Developer,UK,92480.48,2018-04-12,1970-02-22
Financial Analyst,Netherlands,71057.04,2024-10-19,1989-04-13
Junior Developer,Denmark,53321.66,2021-09-18,1975-08-18
Data Scientist,Sweden,127980.22,2015-12-21,1997-01-07
Junior Developer,Denmark,58884.78,2020-02-20,1976-10-26
Backend Developer,France,101519.43,2021-09-30,1986-03-07
Accountant,USA,77394.16,2024-06-13,1994-01-06
DevOps Engineer,Brazil,114156.08,2018-04-18,1999-10-07
Finance Manager,UAE,117547.80,2019-09-03,1971-07-02
Software Engineer,Norway,93688.70,2015-10-02,1996-10-04
Senior Software Engineer,Australia,111907.92,2022-04-05,1996-10-11
Technical Writer,Norway,67331.04,2024-09-23,1982-05-19
Junior Developer,Sweden,64101.42,2021-11-12,1997-06-19
Machine Learning Engineer,Mexico,127400.50,2015-08-10,1972-10-29
Accountant,Netherlands,50076.62,2019-03-19,1995-07-18
Marketing Manager,Netherlands,103361.41,2021-08-09,1999-05-15
Customer Success Manager,Brazil,82777.49,2022-12-11,1981-04-13
Support Engineer,Brazil,74583.14,2016-12-25,1980-10-10
QA Engineer,Germany,83707.42,2023-12-21,1989-11-18
Scrum Master,South Africa,85640.71,2017-07-11,1978-10-14
UI Designer,Germany,77179.64,2022-02-28,1980-09-07
Financial Analyst,USA,68150.95,2023-01-18,1979-08-03
Security Analyst,Australia,82054.38,2021-05-28,1973-01-06
UI Designer,Ireland,81383.11,2024-01-03,1977-11-26
Customer Success Manager,Singapore,93769.52,2018-12-22,1997-08-01
QA Engineer,Denmark,83134.43,2016-01-30,1979-03-08
Product Manager,Sweden,118187.91,2015-03-26,1993-10-16
Business Analyst,Singapore,73136.30,2021-01-16,1987-02-03
VP of Engineering,Sweden,172331.51,2024-08-24,1985-10-30
Technical Writer,Norway,58603.70,2022-04-13,1985-01-31
Technical Writer,Canada,70720.28,2024-08-06,1988-01-29
QA Engineer,Canada,78300.97,2023-02-08,1994-09-26
Marketing Manager,Germany,74066.93,2023-10-05,1985-04-19
Content Writer,Denmark,60638.09,2023-04-03,1999-07-03
Frontend Developer,Germany,78500.72,2017-04-16,1972-08-29
Security Analyst,UAE,119129.09,2016-06-28,1977-01-05
System Administrator,Switzerland,85331.91,2023-07-18,1976-02-19
Data Scientist,Switzerland,122398.14,2020-07-13,1970-06-09
VP of Engineering,France,202240.44,2022-07-09,1998-08-22
Support Engineer,Japan,56209.35,2020-10-17,1993-11-02
Accountant,Mexico,73721.08,2019-06-18,1970-10-23
Graphic Designer,Canada,65352.51,2019-05-27,1986-10-15
Support Engineer,New Zealand,57047.33,2020-10-31,1978-07-10
Frontend Developer,Netherlands,84899.27,2024-08-09,1994-05-27
Scrum Master,Switzerland,76129.75,2019-10-10,1983-04-30
HR Manager,Germany,88668.66,2021-01-29,1992-03-31
Project Manager,Australia,111773.65,2022-05-28,2000-03-29
Technical Writer,Australia,72641.59,2021-10-19,2000-04-17
Finance Manager,Switzerland,93172.49,2021-05-29,1995-11-12
HR Manager,Netherlands,96562.27,2020-11-21,1976-11-11
VP of Engineering,UK,154617.15,2018-05-20,1990-03-08
Project Manager,New Zealand,117618.88,2016-08-21,1996-08-24
DevOps Engineer,New Zealand,96806.61,2015-03-14,1986-07-31
Senior Software Engineer,Norway,108222.07,2015-03-27,1972-12-06
QA Engineer,South Africa,64580.30,2017-07-26,1979-07-12
Frontend Developer,Brazil,72051.22,2017-02-06,1978-04-06
Content Writer,India,49450.67,2019-04-28,1982-07-24
Machine Learning Engineer,Netherlands,129903.10,2024-02-01,1987-10-10
Finance Manager,Switzerland,109985.98,2018-09-17,1984-08-04
Operations Manager,Singapore,113901.74,2015-09-05,1973-05-30
Sales Manager,New Zealand,105846.87,2022-03-12,1994-07-02
DevOps Engineer,Mexico,109983.78,2017-07-24,1978-06-22
Legal Counsel,USA,130178.30,2015-07-23,2000-08-25
DevOps Engineer,Brazil,113951.44,2024-11-06,1986-08-02
CTO,Brazil,258421.63,2018-07-21,1996-08-26
Accountant,Sweden,61828.83,2016-07-26,1974-06-17
Compliance Officer,Sweden,109857.94,2017-12-07,1981-06-10
Financial Analyst,Sweden,76808.44,2016-01-20,1989-07-03
Scrum Master,Switzerland,86009.10,2016-01-31,1975-01-31
Network Engineer,UK,72356.33,2018-01-21,1998-03-27
Cloud Architect,New Zealand,143024.48,2023-06-20,1977-07-03
Content Writer,Japan,59077.88,2016-11-20,1972-01-01
Machine Learning Engineer,France,141095.95,2015-06-11,1975-02-17
VP of Engineering,UK,158105.84,2023-03-27,1981-11-26
Software Engineer,Australia,80028.55,2019-12-20,1971-10-28
Junior Developer,Japan,45165.74,2019-07-26,1990-05-04
Junior Developer,France,45717.04,2019-03-12,1996-06-13
DevOps Engineer,Japan,99421.55,2024-06-18,1992-09-19
Senior Software Engineer,Brazil,108976.41,2016-01-25,1980-02-17
Compliance Officer,France,79657.45,2024-01-17,1982-04-26
Accountant,Mexico,76358.11,2017-07-02,1970-10-26
Full Stack Developer,Netherlands,102163.37,2017-06-03,1970-04-01
Frontend Developer,Norway,94459.68,2018-10-13,1990-03-05
CTO,UK,245999.14,2016-12-29,1989-12-14
HR Manager,UK,71778.75,2024-05-30,1973-05-21
Senior Software Engineer,Brazil,93964.32,2021-04-24,2000-11-02
Business Analyst,Sweden,73246.32,2018-03-02,1999-04-01
Frontend Developer,Mexico,60833.87,2021-09-24,1988-11-22
Network Engineer,USA,89251.97,2019-03-11,1998-04-26
Senior Software Engineer,Switzerland,104664.15,2020-05-05,1972-09-08
Customer Success Manager,Australia,89276.67,2019-11-26,1974-06-27
Financial Analyst,New Zealand,78181.15,2015-08-06,1971-05-26
Engineering Manager,Germany,137781.36,2017-10-15,1995-03-12
QA Engineer,USA,72696.14,2022-12-26,1979-11-21
DevOps Engineer,Ireland,102961.94,2022-01-26,1974-12-04
Content Writer,Singapore,47333.79,2023-06-12,1989-10-18
Data Analyst,Norway,63055.01,2021-05-22,1980-11-02
Accountant,USA,70714.21,2019-09-07,1983-11-11
Database Administrator,France,95758.89,2024-09-04,1997-03-22
Full Stack Developer,UAE,85482.65,2022-09-24,1995-05-04
Database Administrator,Switzerland,86693.04,2015-10-17,1989-04-22
Project Manager,Mexico,98062.00,2015-05-05,1979-02-07
Business Analyst,New Zealand,76035.98,2021-01-20,1977-11-08
Finance Manager,Mexico,123113.07,2018-01-12,1974-04-11
QA Engineer,South Africa,65858.17,2023-10-27,1986-07-06
HR Manager,Germany,78761.96,2022-02-04,1986-02-14
Security Analyst,Ireland,75751.62,2022-08-16,1979-12-09
Database Administrator,Singapore,84480.80,2021-05-12,1999-03-08
Software Engineer,France,69391.26,2016-11-05,1980-10-24
Frontend Developer,France,99980.81,2023-06-21,1997-08-30
Full Stack Developer,Switzerland,86716.84,2023-01-21,1990-10-28
Full Stack Developer,Canada,84908.87,2021-08-16,1984-05-17
Junior Developer,South Africa,50886.67,2020-05-11,1979-01-24
Network Engineer,Denmark,83371.18,2015-08-09,1974-07-25
Full Stack Developer,UAE,76296.05,2018-05-17,1992-03-04
Legal Counsel,New Zealand,127778.84,2023-09-01,1984-09-07
Security Analyst,India,102360.03,2018-07-23,1975-11-21
Network Engineer,Norway,85608.73,2017-04-23,1994-07-04
Project Manager,Denmark,97409.39,2020-11-06,1986-11-07
Backend Developer,Brazil,81010.24,2019-10-04,1974-06-28
Customer Success Manager,Brazil,90407.72,2021-02-01,1978-04-18
UX Designer,India,86869.40,2019-12-25,1999-08-24
Legal Counsel,UAE,136883.64,2019-06-20,1977-02-10
Data Analyst,Switzerland,87806.19,2015-10-14,1981-06-16
Software Engineer,Singapore,88449.88,2016-08-10,1971-01-13
CTO,Netherlands,191531.50,2022-10-16,1998-10-03
Compliance Officer,Switzerland,93650.11,2023-06-04,2000-02-02
Junior Developer,Singapore,53005.55,2021-05-14,1972-02-10
System Administrator,Singapore,74459.10,2020-01-12,1971-06-24
Legal Counsel,Canada,107306.86,2019-08-12,1976-01-17
Product Manager,USA,105901.94,2020-07-03,1984-01-12
Financial Analyst,UK,65687.79,2019-03-24,1995-09-29
Engineering Manager,India,135142.17,2016-09-15,1978-11-07
Backend Developer,Japan,73922.28,2016-04-10,1992-02-28
Financial Analyst,Australia,75703.22,2022-02-20,1984-12-27
Compliance Officer,Sweden,92796.50,2024-08-12,1994-03-18
Security Analyst,Switzerland,90013.99,2017-03-14,1973-10-02
System Administrator,Sweden,59833.98,2018-10-05,1993-11-29
IT Specialist,Singapore,77294.01,2018-05-13,1980-03-24
Full Stack Developer,Ireland,74837.59,2022-01-28,1985-06-01
IT Specialist,France,71912.68,2018-08-07,1971-09-20
Product Manager,Mexico,103262.35,2019-07-13,1998-09-01
Full Stack Developer,Singapore,88007.40,2023-06-02,1972-01-10
Scrum Master,Switzerland,76978.31,2015-10-07,1978-04-20
Product Manager,Australia,99059.36,2018-02-23,1976-07-09
UX Designer,Canada,91198.19,2023-02-02,1995-02-24
Finance Manager,India,125223.07,2017-07-17,1991-03-20
Operations Manager,Canada,83331.52,2024-07-16,1981-12-29
Frontend Developer,Norway,60880.80,2016-05-08,1970-07-29
Project Manager,UK,105862.58,2018-11-11,2000-02-06
Finance Manager,Norway,98104.89,2023-04-24,1993-10-19
Accountant,Denmark,56463.46,2017-03-19,1996-07-10
Cloud Architect,Ireland,156370.24,2022-06-17,1992-01-10
Compliance Officer,South Africa,102460.30,2020-09-28,1986-09-08
Senior Software Engineer,Ireland,94238.33,2022-01-11,1998-12-08
Technical Writer,Ireland,60918.93,2017-02-22,1991-11-26
Frontend Developer,Canada,99745.34,2022-09-02,1993-03-08
Machine Learning Engineer,France,134213.83,2024-11-11,1981-09-19
Machine Learning Engineer,Australia,113169.74,2018-05-30,1976-02-13
Operations Manager,Switzerland,92581.05,2021-04-06,1980-04-08
Legal Counsel,Netherlands,126649.83,2024-03-25,1985-07-16
Backend Developer,Mexico,66222.20,2024-05-12,1973-08-21
Marketing Manager,New Zealand,71636.81,2022-03-09,1998-03-08
Support Engineer,Brazil,55566.17,2021-06-18,1995-03-06
CTO,France,220107.53,2024-09-24,2000-03-20
UI Designer,Norway,87357.46,2021-07-28,1971-09-16
Scrum Master,Japan,104840.98,2022-12-31,1977-03-07
UI Designer,Norway,79495.54,2024-09-17,1989-06-17
Software Engineer,UK,64589.20,2019-01-25,1983-12-11
Marketing Manager,Canada,79981.65,2017-09-30,1978-02-17
Product Manager,UK,110987.45,2015-09-29,1974-12-17
Backend Developer,Brazil,73389.62,2016-12-31,1998-07-12
Frontend Developer,Sweden,76763.90,2024-10-04,1983-07-13
Junior Developer,USA,56168.63,2015-07-26,1996-04-05
Marketing Manager,France,91075.24,2015-05-11,1976-04-04
Customer Success Manager,Japan,71932.95,2020-10-30,1993-11-20
QA Engineer,New Zealand,75933.74,2023-08-04,1992-11-25
Project Manager,Mexico,105894.04,2018-09-20,1983-04-28
Software Engineer,UAE,72960.14,2021-06-21,1973-04-05
IT Specialist,USA,83947.41,2015-06-24,1987-05-23
Operations Manager,UK,77104.24,2018-07-01,1980-06-06
Content Writer,South Africa,42476.09,2015-07-15,1982-06-28
Database Administrator,Japan,78962.75,2023-09-25,1982-10-21
Security Analyst,Germany,95494.43,2015-05-01,1992-01-13
UX Designer,UAE,103175.78,2024-09-23,1991-01-04
IT Specialist,Germany,84903.09,2016-12-19,1999-02-27
Technical Writer,Japan,73186.18,2018-02-19,1996-07-13
VP of Engineering,Brazil,206317.97,2016-03-01,1978-05-21
Machine Learning Engineer,Brazil,131103.53,2022-08-06,1991-10-02
Data Scientist,Japan,112188.03,2020-01-22,1998-10-29
Customer Success Manager,South Africa,91018.38,2015-05-12,1997-11-18
Network Engineer,Germany,90182.96,2017-05-30,1988-08-30
Data Analyst,India,59641.01,2019-07-15,1997-06-17
CTO,Germany,267027.65,2023-01-13,1978-12-01
Machine Learning Engineer,Canada,116066.68,2017-10-27,1997-09-15
Operations Manager,Netherlands,83724.87,2017-01-20,2000-02-18
Security Analyst,Brazil,78580.43,2024-12-01,1976-10-05
Product Manager,Singapore,113192.19,2017-09-24,1970-04-04
Graphic Designer,UAE,54408.23,2023-12-14,1985-07-08
Finance Manager,Ireland,120075.88,2020-07-03,1986-07-16
Marketing Manager,Germany,93304.84,2023-02-08,1973-08-12
Senior Software Engineer,Australia,95913.50,2017-10-13,1986-06-16
Data Scientist,Netherlands,86609.04,2017-06-10,1999-02-27
Accountant,Switzerland,75124.56,2015-11-14,1990-11-15
Content Writer,Japan,47643.47,2017-04-17,1970-04-02
Operations Manager,India,85558.88,2018-05-09,1981-04-05
Graphic Designer,Sweden,45717.37,2024-03-01,1985-12-04
Data Scientist,UK,88161.85,2022-02-07,1978-06-20
Technical Writer,New Zealand,76145.89,2016-09-02,1980-05-13
Content Writer,Netherlands,62085.03,2018-06-29,1970-07-01
Graphic Designer,Japan,53334.91,2015-09-14,1982-12-26
Accountant,Netherlands,58944.17,2018-04-12,1979-10-31
Machine Learning Engineer,Singapore,125789.98,2024-12-01,1981-03-22
Legal Counsel,UAE,134205.92,2022-01-09,1997-12-20
Compliance Officer,UAE,80529.89,2019-12-07,1982-03-22
QA Engineer,USA,80213.65,2016-05-22,1994-11-28
Finance Manager,Ireland,105109.23,2023-12-29,1975-01-03
Project Manager,Brazil,102856.95,2020-09-30,1986-03-23
Operations Manager,Singapore,113238.44,2021-06-02,1995-06-10
Compliance Officer,Sweden,84421.88,2020-05-29,1995-03-24
Legal Counsel,USA,113319.17,2024-10-08,1992-12-11
Marketing Manager,USA,89476.18,2024-04-07,1976-05-31
Senior Software Engineer,South Africa,128326.62,2019-05-31,2000-12-24
Frontend Developer,USA,80836.26,2016-10-27,1987-06-16
Accountant,Netherlands,75235.37,2024-06-23,1993-03-03
Cloud Architect,Switzerland,136260.10,2015-11-03,1991-02-07
UI Designer,Norway,80409.33,2023-07-09,1983-02-17
Accountant,UK,68075.71,2020-05-21,1983-01-22
System Administrator,USA,55285.46,2023-10-15,1979-11-22
Network Engineer,New Zealand,91810.36,2024-11-23,1980-09-21
Cloud Architect,Switzerland,131093.03,2020-04-05,2000-03-10
System Administrator,Mexico,63118.08,2021-10-16,1992-02-03
Operations Manager,Canada,111516.48,2024-07-28,1979-04-03
Operations Manager,UAE,114476.07,2022-05-24,1974-12-31
Operations Manager,France,86880.72,2024-02-19,1981-10-21
UX Designer,Brazil,86569.23,2023-03-25,1998-04-16
Technical Writer,Australia,62180.49,2023-02-26,1970-07-05
Technical Writer,UK,72522.57,2018-04-20,1976-05-28
Software Engineer,Singapore,86105.99,2023-02-28,1997-05-02
Support Engineer,UK,76974.79,2016-07-31,1970-12-12
Database Administrator,Germany,74985.58,2022-03-13,1980-03-13
UX Designer,India,67117.55,2021-11-02,1970-11-26
Accountant,Germany,58443.55,2016-12-28,1972-04-09
Frontend Developer,Germany,71641.20,2016-02-08,1994-06-12
Accountant,Japan,63993.94,2015-05-24,1974-10-08
Business Analyst,Canada,66519.02,2024-02-23,2000-10-27
Cloud Architect,Sweden,103197.77,2016-02-29,1970-05-02
System Administrator,Brazil,59819.75,2020-07-20,1979-12-18
Customer Success Manager,UAE,75505.49,2016-07-10,1997-03-28
Security Analyst,UK,90461.54,2020-07-23,1974-01-27
Compliance Officer,UAE,81022.46,2017-12-31,1973-02-24
Security Analyst,Norway,100232.41,2021-01-28,1975-03-19
Software Engineer,USA,62231.03,2023-08-08,1998-11-03
UI Designer,Ireland,81054.93,2016-06-30,1983-06-11
VP of Engineering,Brazil,167678.14,2015-11-28,1970-07-24
Network Engineer,South Africa,93952.51,2022-12-12,1992-01-19
Network Engineer,Singapore,70708.83,2018-10-27,1985-06-12
Project Manager,UK,99010.15,2015-12-22,1986-10-06
Business Analyst,Norway,91669.08,2020-05-20,1995-08-14
Support Engineer,Brazil,63691.22,2023-08-07,1991-01-01
Compliance Officer,Singapore,114205.71,2018-10-12,1994-02-11
Data Scientist,Canada,123604.20,2015-03-23,1989-08-07
Machine Learning Engineer,France,108512.85,2023-03-18,1977-07-19
Business Analyst,France,64336.73,2020-07-01,1973-03-23
Financial Analyst,France,73839.27,2022-09-02,1988-09-03
IT Specialist,South Africa,78935.41,2021-05-13,1979-08-23
Graphic Designer,UAE,52177.01,2019-09-24,1981-04-27
Graphic Designer,Mexico,61384.15,2017-08-24,1992-09-11
UI Designer,India,94355.36,2015-11-25,1983-09-17
DevOps Engineer,Australia,122328.26,2017-07-10,1982-12-01
Operations Manager,Norway,76239.62,2016-08-11,1980-07-05
Business Analyst,Brazil,70995.11,2018-01-26,1972-08-30
Security Analyst,Ireland,98543.75,2022-09-16,1984-12-18
Content Writer,UK,54958.25,2015-09-05,1979-07-27
HR Manager,Brazil,89123.31,2022-06-06,1983-07-06
VP of Engineering,South Africa,197317.52,2024-09-18,1981-09-12
Senior Software Engineer,Brazil,90930.15,2023-02-24,1998-06-13
Customer Success Manager,Denmark,87826.10,2018-01-29,1991-06-24
Database Administrator,Canada,78022.74,2021-07-31,1985-02-06
Customer Success Manager,New Zealand,82318.27,2019-05-15,1985-11-26
Sales Manager,Ireland,95657.29,2024-02-27,1970-12-11
Compliance Officer,Canada,110625.86,2015-11-25,1993-02-03
Senior Software Engineer,Mexico,113484.60,2021-12-24,1976-08-18
Business Analyst,Sweden,61029.10,2019-09-16,1980-04-13
Senior Software Engineer,Denmark,99569.48,2022-11-03,1994-11-17
Backend Developer,Germany,91161.92,2022-03-22,1976-07-11
VP of Engineering,Switzerland,193685.93,2022-02-06,1993-09-11
Data Analyst,USA,84331.36,2018-07-30,1998-06-30
UX Designer,Brazil,89025.21,2016-01-13,1993-12-03
Data Scientist,Germany,88667.13,2021-11-04,1995-01-17
HR Manager,Japan,76280.82,2019-06-12,1974-05-16
Financial Analyst,Switzerland,98894.33,2019-05-26,1987-09-06
Graphic Designer,Germany,58555.50,2016-12-04,1973-08-06
Customer Success Manager,Germany,86418.52,2020-05-25,1980-06-14
Network Engineer,UK,99880.31,2016-01-12,1990-07-05
Database Administrator,Switzerland,99734.32,2018-02-05,1999-04-16
Support Engineer,Canada,70748.39,2018-12-08,1973-10-28
Backend Developer,Canada,77179.24,2020-06-06,1996-01-27
Machine Learning Engineer,Japan,132207.70,2015-07-31,1984-09-03
Network Engineer,Germany,78804.48,2019-10-04,2000-09-08
Marketing Manager,Switzerland,79793.12,2018-07-20,1993-02-13
Accountant,Switzerland,72892.22,2022-09-27,1994-01-06
Marketing Manager,Ireland,89168.08,2020-12-16,1971-04-18
Frontend Developer,Singapore,79295.50,2022-09-24,1992-01-03
Compliance Officer,Norway,95750.95,2019-11-11,1980-02-16
Compliance Officer,Canada,82251.84,2023-09-26,1976-06-09
UX Designer,Japan,81255.44,2020-09-09,1991-09-26
Frontend Developer,Canada,77585.65,2019-11-21,1975-06-23
Data Analyst,Japan,81783.23,2016-10-29,1983-10-19
CTO,India,232751.99,2024-05-16,1987-01-31
Legal Counsel,UK,94200.10,2023-08-21,1980-01-06
Operations Manager,France,111081.46,2024-07-03,1985-08-22
Junior Developer,Norway,64888.27,2017-05-27,1985-05-25
Full Stack Developer,Mexico,100624.15,2019-12-15,1983-03-14
Sales Manager,UAE,92654.78,2020-09-26,1976-05-23
Junior Developer,Switzerland,64778.01,2019-03-04,1993-12-15
Software Engineer,Switzerland,64178.30,2022-10-23,1983-09-14
Security Analyst,France,75465.78,2023-06-03,1989-07-03
System Administrator,Switzerland,61925.91,2020-01-12,1993-04-25
Scrum Master,Canada,101047.79,2020-03-09,1988-07-29
Engineering Manager,Japan,134604.48,2016-01-31,1979-08-19
Security Analyst,Germany,88637.08,2022-08-01,1998-05-04
System Administrator,South Africa,83674.23,2024-11-30,1994-05-11
Legal Counsel,Brazil,120942.79,2020-03-11,1989-11-29
UX Designer,Australia,77126.36,2016-05-18,1977-12-13
Customer Success Manager,India,86351.46,2016-12-29,1972-05-11
Content Writer,Canada,50060.00,2015-09-27,1979-05-22
Marketing Manager,Germany,84650.70,2021-06-14,1977-06-26
UI Designer,India,88877.02,2021-08-16,1978-12-12
Full Stack Developer,Canada,92680.87,2021-05-26,1993-07-25
Product Manager,New Zealand,114887.96,2017-03-09,1980-01-01
Senior Software Engineer,Japan,128886.60,2024-07-31,1976-12-13
DevOps Engineer,USA,90124.91,2022-10-14,1975-09-09
Network Engineer,Australia,75393.01,2022-05-09,1991-08-07
Database Administrator,USA,98732.40,2024-10-10,1972-09-19
Senior Software Engineer,Ireland,130143.04,2021-10-14,1984-01-02
Data Analyst,Norway,83599.40,2023-11-01,1997-05-06
Data Scientist,Japan,128290.41,2015-12-20,1981-09-25
DevOps Engineer,Japan,109242.77,2020-07-10,1980-09-21
Financial Analyst,South Africa,75054.25,2019-04-05,1976-04-22
Software Engineer,Ireland,64618.46,2023-02-02,1991-05-24
Backend Developer,Norway,91110.23,2023-05-01,1983-02-14
Technical Writer,Norway,66408.72,2020-05-13,1971-04-11
Accountant,Norway,51451.90,2015-01-05,1977-03-06
Junior Developer,UAE,58521.87,2022-06-20,1987-01-13
Content Writer,UAE,40785.11,2024-09-03,1985-10-25
Engineering Manager,Mexico,114575.41,2023-06-08,1985-05-19
Cloud Architect,Ireland,110598.00,2020-06-27,1994-08-28
Support Engineer,Japan,65931.12,2022-02-21,1984-07-09
Senior Software Engineer,Denmark,102476.64,2015-02-16,1997-09-06
Accountant,UK,57639.87,2015-01-06,1978-02-06
Security Analyst,Denmark,97845.56,2016-06-04,1981-10-07
Marketing Manager,Australia,91305.41,2016-12-02,1986-06-14
DevOps Engineer,New Zealand,121270.54,2022-04-02,1995-02-09
System Administrator,Germany,82644.98,2019-12-02,1972-04-04
Cloud Architect,Ireland,135353.27,2021-06-23,1977-06-04
Product Manager,Canada,135255.03,2024-08-30,1980-07-27
Database Administrator,Netherlands,77437.26,2019-10-03,1981-02-12
Finance Manager,UAE,123632.15,2023-09-09,1975-06-01
Security Analyst,New Zealand,89460.56,2016-10-20,1971-04-23
QA Engineer,Brazil,63665.06,2023-04-05,1992-10-10
Data Analyst,Ireland,67421.32,2018-02-07,1974-06-17
Customer Success Manager,Canada,83362.28,2018-06-07,1992-08-16
Senior Software Engineer,South Africa,120949.57,2018-10-11,1985-11-22
HR Manager,Japan,85953.39,2017-01-19,1999-01-21
Cloud Architect,Singapore,102300.87,2019-12-18,1982-07-14
Junior Developer,Switzerland,46990.78,2020-09-02,1994-01-22
Software Engineer,Canada,65929.27,2024-07-04,1971-01-27
Content Writer,Brazil,45461.96,2018-04-03,1984-08-12
Database Administrator,France,68131.59,2017-03-13,2000-07-30
Senior Software Engineer,Australia,135306.57,2015-01-01,1974-03-03
Machine Learning Engineer,Canada,102316.81,2022-11-04,1981-05-10
Scrum Master,Denmark,85516.33,2015-02-13,1980-07-27
System Administrator,India,88235.83,2017-06-17,1999-07-31
HR Manager,Canada,96231.96,2021-10-19,1993-02-26
Operations Manager,Canada,79913.24,2021-02-10,1993-05-31
Machine Learning Engineer,France,112229.34,2020-07-28,1977-11-20
Scrum Master,USA,90966.02,2020-08-12,1991-04-02
Support Engineer,Norway,65420.88,2022-02-22,1980-02-11
UX Designer,Brazil,75675.64,2023-06-19,1991-11-23
Sales Manager,Australia,111068.56,2015-06-13,1998-07-09
Project Manager,France,98486.78,2019-09-17,1981-12-16
Graphic Designer,Canada,60518.09,2023-10-13,1995-12-09
VP of Engineering,Mexico,218324.20,2018-03-20,1972-01-26
Senior Software Engineer,UAE,94659.79,2019-10-02,1996-04-19
Business Analyst,Denmark,88377.78,2018-10-26,1995-09-18
Content Writer,Germany,52009.37,2024-05-06,1981-08-17
Frontend Developer,Netherlands,92566.90,2021-04-29,1999-06-17
Engineering Manager,Japan,153693.80,2018-06-13,1982-07-25
CTO,Germany,264192.34,2023-04-10,1992-04-23
Accountant,Denmark,72282.86,2021-09-10,1974-02-02
Security Analyst,Singapore,83880.65,2015-12-26,1993-12-17
Sales Manager,India,85867.90,2022-05-21,1998-10-08
Finance Manager,Australia,95756.03,2023-07-22,1972-12-17
Content Writer,Australia,48218.14,2024-08-04,1979-01-21
Scrum Master,Singapore,107852.64,2021-01-22,1976-06-21
Full Stack Developer,UAE,94622.08,2019-08-26,1983-04-15
HR Manager,Germany,96657.72,2021-02-01,1971-09-18
Compliance Officer,UAE,75796.93,2022-03-29,1988-03-26
Content Writer,Sweden,53785.27,2023-03-20,1976-09-20
QA Engineer,UK,62694.93,2024-03-27,1973-03-20
Sales Manager,Netherlands,89421.71,2024-05-01,1982-10-14
CTO,Germany,219373.82,2018-05-30,1988-05-08
Scrum Master,India,88237.20,2021-09-27,1974-04-05
Sales Manager,Australia,93637.61,2022-04-21,1980-06-04
Product Manager,Brazil,135445.65,2020-09-24,1979-09-19
Scrum Master,Netherlands,98397.02,2020-06-15,1985-10-01
Financial Analyst,Singapore,71133.65,2022-10-25,1981-09-10
Backend Developer,Germany,88011.28,2018-01-18,1989-08-22
Engineering Manager,Netherlands,159881.95,2021-10-02,1978-06-26
HR Manager,Denmark,90021.81,2022-12-19,1981-02-02
Operations Manager,South Africa,89559.97,2017-03-03,1991-03-06
Customer Success Manager,New Zealand,90597.52,2022-11-02,1972-08-21
Compliance Officer,USA,86253.68,2016-12-31,1977-07-28
Finance Manager,New Zealand,85625.04,2015-02-01,1984-06-05
Marketing Manager,Sweden,73112.53,2017-05-08,1984-06-12
Technical Writer,UAE,64207.61,2023-02-04,1985-07-28
Database Administrator,India,87271.05,2021-07-09,2000-12-08
Engineering Manager,Japan,166272.04,2016-08-01,1987-07-12
Technical Writer,Australia,84738.57,2016-11-14,1978-07-27
Database Administrator,Ireland,96071.06,2019-03-29,1983-01-17
VP of Engineering,France,196785.62,2021-03-14,1998-04-11
Customer Success Manager,Switzerland,87345.42,2024-08-19,1994-08-24
Product Manager,Denmark,110273.10,2019-07-08,1975-05-15
Marketing Manager,Sweden,75622.14,2020-08-14,1981-11-23
Customer Success Manager,South Africa,73947.11,2020-04-12,1975-02-21
Operations Manager,UAE,114966.56,2015-04-15,1999-01-03
Cloud Architect,Sweden,122167.30,2022-04-08,1985-11-09
Finance Manager,Japan,125194.51,2022-09-06,1990-10-14
Content Writer,USA,49050.10,2017-04-27,1990-05-21
QA Engineer,Denmark,67884.65,2020-04-10,1999-10-17
Operations Manager,Sweden,77541.91,2019-02-12,1974-12-20
Accountant,Sweden,74546.21,2019-03-05,1995-01-17
CTO,Australia,260020.85,2023-04-11,1972-07-14
Legal Counsel,UK,103222.89,2023-11-21,1990-03-11
Business Analyst,USA,86575.83,2020-07-04,1981-04-17
Project Manager,New Zealand,91217.86,2020-12-16,1995-04-29
DevOps Engineer,Brazil,124047.01,2019-02-16,1976-01-22
Senior Software Engineer,Germany,112748.06,2023-10-25,1976-06-17
UI Designer,Japan,66073.34,2024-08-17,1999-09-08
Graphic Designer,USA,52809.28,2018-03-21,1998-12-16
Sales Manager,India,105368.97,2018-09-04,1978-06-16
Legal Counsel,Netherlands,94567.57,2020-06-05,1997-10-08
Graphic Designer,France,63059.79,2022-11-28,1989-03-27
Software Engineer,USA,88773.40,2022-10-12,1988-07-29
Technical Writer,Mexico,70390.38,2019-05-03,1986-03-06
Security Analyst,UK,82779.83,2024-12-11,1976-02-17
VP of Engineering,India,218996.63,2018-08-21,1993-11-19
Project Manager,Ireland,115927.35,2017-05-28,1998-06-14
Cloud Architect,Sweden,106871.42,2015-01-18,1986-05-28
Finance Manager,Australia,98503.44,2021-07-03,1974-09-18
IT Specialist,Japan,61304.70,2016-08-10,1998-08-28
Customer Success Manager,New Zealand,76688.12,2017-12-03,1981-08-14
QA Engineer,Australia,61360.61,2023-05-19,1974-10-09
Scrum Master,Mexico,105677.05,2019-09-11,1996-08-14
CTO,Singapore,244062.28,2018-03-25,1970-01-02
Project Manager,Germany,113022.06,2017-04-20,1992-12-27
Operations Manager,South Africa,88714.06,2015-03-15,1978-02-05
Security Analyst,Mexico,107178.69,2020-08-31,1990-02-01
Financial Analyst,Japan,93647.29,2016-04-02,1982-06-23
Compliance Officer,UK,80014.88,2017-06-30,1984-03-23
Junior Developer,South Africa,69636.11,2016-06-12,1999-07-03
Marketing Manager,Denmark,96734.05,2016-09-06,1990-04-21
Senior Software Engineer,Switzerland,111141.81,2016-12-10,1982-05-06
CTO,France,254794.51,2018-11-18,1986-09-27
Business Analyst,Switzerland,60081.65,2020-03-01,1988-06-16
Full Stack Developer,Germany,97742.55,2019-02-27,1985-08-27
Sales Manager,Sweden,98003.24,2015-03-20,1996-02-01
Junior Developer,South Africa,65892.21,2017-11-25,1999-03-06
Security Analyst,Netherlands,86162.68,2015-11-08,1997-02-05
System Administrator,Switzerland,88507.31,2016-07-19,1976-09-26
Compliance Officer,Denmark,95271.35,2016-11-01,1986-08-30
Engineering Manager,Brazil,168130.06,2019-09-23,1970-10-19
Accountant,Germany,63638.61,2019-05-30,1991-11-19
UI Designer,Netherlands,71658.24,2018-06-07,1989-04-06
Cloud Architect,Denmark,104379.04,2023-06-10,1978-07-16
Software Engineer,Canada,85864.03,2017-09-04,1980-03-06
Full Stack Developer,Denmark,80292.60,2022-10-06,1991-04-24
UI Designer,Germany,61517.86,2023-12-12,2000-12-07
Database Administrator,Norway,88543.11,2019-03-10,1980-05-05
Engineering Manager,Switzerland,147106.26,2023-03-13,1988-08-21
System Administrator,France,72604.67,2023-07-12,1982-12-10
Security Analyst,UAE,108085.64,2015-01-13,1979-01-10
Database Administrator,France,65645.97,2021-05-31,1986-10-07
Support Engineer,Germany,70964.08,2018-02-25,1980-05-06
Junior Developer,New Zealand,58391.89,2024-05-26,1992-03-23
UI Designer,Denmark,93905.76,2018-07-15,1975-01-13
UX Designer,South Africa,91795.06,2019-02-23,1978-02-09
Product Manager,Norway,92848.49,2023-04-16,1974-05-27
Content Writer,India,48644.19,2022-04-03,1983-02-06
DevOps Engineer,Sweden,122019.67,2022-03-24,1987-09-06
Network Engineer,USA,91909.48,2019-12-22,1980-12-11
Business Analyst,Singapore,74618.38,2017-08-09,1972-05-18
Engineering Manager,Germany,131079.28,2016-02-06,1992-05-21
Marketing Manager,Netherlands,75245.60,2018-03-19,1972-09-10
Software Engineer,Mexico,74053.09,2023-08-21,1999-02-08
Project Manager,New Zealand,80923.35,2021-05-24,1972-08-08
Customer Success Manager,Netherlands,86956.69,2016-09-09,1997-04-06
Senior Software Engineer,UK,111537.85,2022-05-25,1984-09-28
Backend Developer,Norway,68828.45,2019-10-03,1993-10-17
Finance Manager,Ireland,127605.72,2019-09-25,1979-04-01
Machine Learning Engineer,Ireland,134711.04,2016-12-27,1970-12-06
Financial Analyst,Mexico,91995.50,2016-08-18,1981-07-17
Customer Success Manager,Switzerland,80901.66,2024-01-23,1977-09-14
Marketing Manager,Netherlands,95567.08,2022-05-17,1994-03-11
Data Analyst,UK,60443.70,2017-11-03,1987-08-11
Marketing Manager,UK,79536.05,2020-07-05,1979-09-25
Junior Developer,South Africa,45026.47,2019-12-01,1976-09-10
Machine Learning Engineer,Switzerland,101535.83,2019-10-22,1980-10-02
Software Engineer,Switzerland,78730.07,2015-01-10,1972-12-21
CTO,Germany,217858.46,2017-04-05,1972-03-25
Financial Analyst,UK,72976.51,2021-03-25,1977-12-11
Senior Software Engineer,France,128191.13,2016-09-15,1988-02-08
System Administrator,Brazil,82390.02,2024-01-13,1986-02-07
Customer Success Manager,Netherlands,74501.29,2022-08-18,2000-11-11
Data Scientist,Japan,121696.28,2020-08-19,1984-05-06
CTO,New Zealand,192771.24,2015-09-01,1992-04-20
QA Engineer,USA,55492.70,2020-05-25,1982-08-15
Financial Analyst,Mexico,76214.60,2015-10-15,1991-05-27
Product Manager,India,127001.87,2015-09-07,1981-11-07
Backend Developer,Sweden,67447.26,2015-07-20,2000-08-21
Machine Learning Engineer,India,149440.28,2016-08-14,1983-01-24
UI Designer,Sweden,87286.94,2017-11-10,1997-01-21
Security Analyst,Sweden,107910.49,2018-07-18,1978-12-23
Scrum Master,Mexico,82374.65,2020-11-22,1987-10-03
Product Manager,India,121624.50,2023-08-31,1987-08-26
Product Manager,Denmark,141374.84,2024-06-24,1992-01-02
Content Writer,Denmark,41195.78,2023-01-11,1980-03-22
IT Specialist,Japan,69165.20,2020-12-03,1984-08-11
Financial Analyst,Switzerland,82377.85,2022-08-04,1976-06-12
Database Administrator,Japan,65528.24,2023-07-02,1974-06-17
Frontend Developer,Switzerland,94078.89,2019-10-22,1987-12-12
Data Scientist,Ireland,114227.02,2018-01-22,1970-09-21
Data Analyst,Ireland,75364.02,2016-04-08,1993-05-04
DevOps Engineer,UAE,118210.95,2022-01-20,1981-02-01
Project Manager,France,89595.77,2020-02-27,1983-05-13
Marketing Manager,Mexico,80862.67,2022-05-07,1972-01-27
Support Engineer,New Zealand,71934.06,2021-08-03,1977-06-28
Senior Software Engineer,UAE,121622.51,2017-09-07,1992-10-08
Engineering Manager,Norway,166735.60,2021-09-14,1996-07-24
Cloud Architect,South Africa,144760.55,2021-10-05,1990-06-17
Accountant,South Africa,54771.76,2024-05-25,1982-07-13
Marketing Manager,Australia,85534.71,2019-05-13,1970-03-03
System Administrator,UK,55878.79,2021-11-14,1997-09-15
UI Designer,Netherlands,71578.87,2020-05-13,1979-07-03
Scrum Master,Denmark,87750.68,2021-10-06,2000-10-10
DevOps Engineer,India,111904.87,2017-09-28,1996-03-31
Customer Success Manager,Brazil,89740.08,2022-05-19,1979-02-17
Operations Manager,Switzerland,112573.99,2024-10-17,1981-12-15
HR Manager,Mexico,90368.91,2023-06-27,1997-07-02
System Administrator,UK,68390.09,2023-10-06,2000-11-13
Marketing Manager,Ireland,75906.73,2023-11-06,1987-07-19
Data Analyst,Singapore,72674.64,2022-03-05,1982-07-18
Full Stack Developer,Denmark,94279.98,2017-07-05,1991-04-30
Legal Counsel,Singapore,112288.05,2023-06-23,1996-11-21
Sales Manager,Mexico,110849.61,2023-12-03,1978-10-23
Content Writer,Singapore,58330.88,2021-11-15,1986-04-28
Product Manager,Germany,114341.46,2023-08-03,1979-10-28
Legal Counsel,Germany,131486.56,2017-04-11,1997-11-07
Database Administrator,Mexico,94200.54,2017-10-03,1985-01-26
Customer Success Manager,Switzerland,93359.27,2020-09-01,1987-06-23
Marketing Manager,Brazil,93771.94,2017-03-12,1977-05-08
Marketing Manager,Brazil,94094.49,2023-02-15,1974-09-20
VP of Engineering,Canada,204101.59,2017-03-13,1984-07-25
Financial Analyst,France,72263.23,2020-11-28,1983-01-21
Frontend Developer,France,61179.37,2020-01-02,1976-09-16
Scrum Master,USA,98871.35,2024-03-08,1988-09-11
Operations Manager,Brazil,78177.90,2019-10-26,1975-12-28
Junior Developer,Ireland,58487.41,2021-03-18,1988-07-22
Security Analyst,UK,97880.84,2020-09-29,1990-05-23
Frontend Developer,Mexico,90474.37,2017-05-11,1973-08-21
Network Engineer,Japan,84143.08,2021-03-09,1993-07-30
Product Manager,Canada,119191.51,2023-01-26,1994-02-28
Business Analyst,Switzerland,66538.24,2023-12-07,1997-01-20
Data Scientist,South Africa,124034.43,2019-06-21,1998-10-29
Frontend Developer,France,97609.60,2020-11-08,1977-02-01
Graphic Designer,Mexico,45453.77,2021-07-07,1988-05-15
CTO,Canada,264648.18,2023-11-14,1991-06-05
Marketing Manager,Canada,83604.23,2020-12-08,1972-10-04
Marketing Manager,India,77204.40,2016-09-04,1974-01-11
Business Analyst,Ireland,90417.26,2018-11-16,1979-05-10
Product Manager,South Africa,118035.70,2020-10-01,1989-05-04
UI Designer,Sweden,81139.96,2016-05-17,1972-12-06
Junior Developer,Japan,57960.81,2020-01-07,1996-02-29
Finance Manager,Brazil,85545.27,2017-05-11,1974-02-20
Machine Learning Engineer,Canada,141966.65,2021-04-01,1988-07-01
Graphic Designer,Netherlands,61825.64,2024-10-05,1987-05-19
System Administrator,South Africa,74685.91,2023-01-27,1989-09-15
Compliance Officer,Netherlands,107544.93,2019-11-12,1979-10-25
Data Scientist,UAE,111558.13,2021-01-14,1978-05-12
Finance Manager,Mexico,111483.10,2016-02-24,1976-05-22
UI Designer,Ireland,86840.65,2019-04-01,1975-05-26
Database Administrator,India,83292.05,2018-11-28,1998-11-03
Project Manager,Brazil,96168.49,2017-01-09,1990-07-12
UX Designer,India,96738.78,2023-05-01,1999-02-15
Scrum Master,Singapore,99213.91,2016-08-04,1990-02-02
HR Manager,UK,65620.40,2017-10-18,1985-08-23
Data Scientist,Sweden,102544.37,2018-09-24,1996-06-14
Machine Learning Engineer,Netherlands,111078.31,2015-06-02,1982-06-04
Frontend Developer,Sweden,94764.26,2020-07-04,1973-01-02
Business Analyst,Australia,65507.78,2024-01-24,1983-05-23
Graphic Designer,Australia,54581.45,2024-04-14,1981-11-26
Sales Manager,Netherlands,108589.66,2022-02-13,1991-10-29
Operations Manager,Singapore,100613.21,2021-10-06,1991-06-30
Cloud Architect,Australia,100212.65,2024-05-08,1977-12-31
Operations Manager,South Africa,83367.95,2022-12-21,1971-01-31
Scrum Master,Sweden,80479.00,2022-01-31,1982-07-25
Data Scientist,Norway,84970.30,2021-11-26,1985-04-29
System Administrator,New Zealand,73700.17,2017-08-23,1980-02-13
Operations Manager,USA,100554.57,2020-05-19,1980-01-16
Senior Software Engineer,France,112362.60,2021-02-03,1989-11-05
Technical Writer,Germany,70612.21,2020-07-02,1987-05-17
Scrum Master,France,103788.73,2017-08-11,1996-05-30
Legal Counsel,Denmark,93207.28,2023-03-21,1990-06-22
Data Analyst,Canada,75291.80,2022-01-31,1996-10-31
Technical Writer,Australia,81120.54,2019-01-14,1974-07-17
UX Designer,Norway,91581.24,2016-06-29,1989-07-10
Accountant,UK,51036.69,2016-04-11,1976-03-05
Cloud Architect,New Zealand,120484.08,2021-07-02,1990-08-23
Software Engineer,UK,94352.89,2021-10-08,1987-11-21
Network Engineer,Norway,96719.09,2020-11-11,1976-09-29
IT Specialist,Ireland,56369.37,2015-04-13,1982-04-04
Full Stack Developer,Switzerland,86015.56,2019-03-24,1980-12-22
Operations Manager,Netherlands,110768.64,2020-10-16,1995-10-27
Support Engineer,Mexico,77336.32,2017-11-13,1988-05-13
Product Manager,Japan,138766.79,2021-09-10,1999-07-17
Frontend Developer,New Zealand,99234.89,2019-07-13,1972-03-30
Security Analyst,Brazil,84367.07,2015-05-05,1987-12-26
Operations Manager,Australia,75834.79,2022-06-24,1979-11-27
Project Manager,Canada,95956.01,2017-03-17,1971-09-25
Senior Software Engineer,UK,102985.09,2017-05-04,1971-09-25
Project Manager,Germany,101318.68,2018-03-31,1990-11-22
IT Specialist,New Zealand,69400.31,2016-12-23,1996-06-11
Security Analyst,Brazil,97271.89,2021-08-31,1993-10-21
Financial Analyst,Switzerland,86485.71,2024-05-24,1977-10-03
Backend Developer,South Africa,66657.33,2023-09-30,1979-04-28
Operations Manager,Netherlands,86914.89,2021-12-01,1979-09-12
Content Writer,Sweden,59860.66,2023-02-16,1998-09-09
Full Stack Developer,France,102987.76,2018-12-08,1994-12-03
CTO,UK,257903.62,2015-08-24,1996-02-06
Financial Analyst,UK,65456.07,2021-01-25,1973-06-02
Junior Developer,Japan,56941.63,2019-06-05,1991-04-05
Financial Analyst,Ireland,87240.78,2020-03-14,1992-06-07
IT Specialist,France,72224.72,2016-09-22,1992-01-04
Network Engineer,Netherlands,67824.73,2023-01-26,1979-03-06
Compliance Officer,Canada,96656.79,2016-09-23,1999-10-20
DevOps Engineer,India,108086.42,2019-07-31,1998-02-20
Machine Learning Engineer,Denmark,131996.16,2022-06-07,1986-05-16
Finance Manager,Norway,90435.67,2022-01-29,1988-10-13
UX Designer,UAE,72234.97,2019-11-13,1979-11-30
Product Manager,Germany,131650.96,2017-01-28,1997-11-27
Data Scientist,Netherlands,117865.74,2020-12-29,1978-04-21
System Administrator,USA,72090.40,2015-12-28,1973-05-01
QA Engineer,South Africa,60394.10,2015-08-20,1974-11-12
Engineering Manager,Brazil,150867.80,2020-01-16,1992-08-04
Product Manager,Switzerland,125692.72,2019-07-14,1990-05-11
Legal Counsel,Singapore,134098.46,2019-12-09,1994-11-09
Customer Success Manager,India,86643.48,2020-02-15,1974-08-23
Legal Counsel,India,127811.90,2023-04-24,1987-03-25
Junior Developer,Netherlands,68195.29,2019-12-25,1976-05-15
CTO,Denmark,269320.69,2024-01-17,1987-03-09
Technical Writer,Canada,57476.63,2023-09-05,1998-10-31
Marketing Manager,Norway,95544.86,2021-01-13,1995-09-24
Frontend Developer,India,99277.09,2024-07-27,1993-08-05
VP of Engineering,Netherlands,179057.62,2019-08-20,1991-05-31
DevOps Engineer,South Africa,98913.31,2019-12-21,1989-08-21
Full Stack Developer,Japan,89336.64,2022-07-10,1979-11-12
DevOps Engineer,Denmark,124595.50,2022-12-26,1984-09-23
Sales Manager,Mexico,96992.13,2017-07-26,2000-02-26
Security Analyst,UK,100791.29,2022-11-12,1975-04-04
Project Manager,USA,93862.71,2021-09-30,1972-02-24
Accountant,USA,63289.03,2020-05-28,1985-11-05
CTO,Australia,222030.00,2015-11-05,2000-10-02
Sales Manager,UK,81083.02,2020-12-22,1998-08-05
Junior Developer,Norway,62525.16,2015-10-04,1998-01-08
DevOps Engineer,Australia,81122.27,2021-10-29,1990-09-26
Customer Success Manager,Japan,73678.78,2015-07-05,1979-07-09
System Administrator,UK,88379.48,2019-01-09,1983-05-29
Project Manager,Singapore,116043.58,2022-04-24,1983-06-18
Data Scientist,India,118093.85,2021-06-18,1988-06-23
Project Manager,Denmark,87711.00,2019-11-29,1993-06-23
Scrum Master,UK,97799.69,2017-12-20,1985-05-24
Machine Learning Engineer,New Zealand,99137.94,2019-10-29,1970-02-02
Graphic Designer,USA,56587.69,2020-08-15,1971-08-27
Sales Manager,Australia,103599.26,2023-10-30,1997-10-27
Sales Manager,Norway,98620.11,2021-06-09,1983-03-13
UX Designer,Singapore,72138.94,2021-05-17,1990-02-10
HR Manager,South Africa,76568.55,2017-07-21,1997-08-29
UI Designer,UK,94620.96,2017-06-08,2000-05-05
System Administrator,South Africa,87721.37,2015-05-16,1981-09-16
Security Analyst,Denmark,77673.67,2019-01-20,1990-06-26
IT Specialist,Sweden,83642.65,2017-06-01,1999-11-13
Backend Developer,Denmark,76808.25,2022-10-06,1996-07-28
Data Analyst,New Zealand,83256.85,2020-06-13,1977-05-05
Financial Analyst,France,78411.47,2018-02-23,1996-04-05
VP of Engineering,Germany,176428.50,2015-06-25,1980-07-02
Network Engineer,UK,89350.68,2022-07-01,1999-01-16
Senior Software Engineer,Japan,100539.76,2019-10-05,1987-11-19
VP of Engineering,Switzerland,152637.86,2016-10-08,1999-03-15
Scrum Master,Ireland,88222.60,2017-11-15,1974-06-13
Database Administrator,Switzerland,93099.70,2016-07-28,1987-05-28
Frontend Developer,Sweden,65934.69,2019-05-08,1988-06-18
Legal Counsel,India,141439.61,2016-04-25,1976-12-01
Database Administrator,France,73229.94,2015-08-15,1997-05-05
CTO,Australia,219782.17,2022-12-14,1971-10-27
Project Manager,India,85611.80,2017-08-22,1994-06-07
Operations Manager,Singapore,80228.14,2017-09-16,1989-12-16
IT Specialist,France,84737.85,2016-09-12,1995-09-22
Sales Manager,Japan,92189.32,2018-02-19,1975-12-15
Product Manager,Sweden,130671.68,2021-03-27,1995-07-19
Frontend Developer,Singapore,99419.69,2022-10-09,1987-08-30
Junior Developer,France,56854.89,2020-04-18,1994-03-18
Cloud Architect,France,102288.21,2020-08-02,1987-03-12
Network Engineer,Japan,66688.55,2017-02-08,1980-06-03
Graphic Designer,Japan,56803.66,2019-05-15,1999-01-16
Graphic Designer,Australia,57901.76,2018-12-05,1989-02-23
Data Analyst,Canada,88578.69,2016-03-21,1991-12-23
Data Scientist,USA,91844.87,2020-12-03,1990-04-26
Business Analyst,South Africa,91776.05,2021-01-06,1989-03-09
Senior Software Engineer,Mexico,116418.17,2018-01-26,1980-05-07
Finance Manager,UK,124849.56,2023-09-30,1997-12-20
DevOps Engineer,USA,87403.42,2021-10-16,1986-10-30
Network Engineer,India,73947.28,2016-03-30,1987-04-21
Data Analyst,Japan,74018.44,2021-11-20,1980-05-01
UI Designer,UAE,61377.42,2021-01-06,1986-09-11
Security Analyst,India,95660.93,2024-03-28,1975-09-30
Machine Learning Engineer,UK,139347.55,2019-08-02,1991-04-25
HR Manager,India,65889.86,2023-06-17,1980-09-15
Financial Analyst,Japan,88124.60,2019-05-31,1988-01-30
Backend Developer,Canada,83836.96,2015-11-29,1970-07-07
UX Designer,France,97398.06,2017-05-16,1970-10-30
QA Engineer,Canada,79951.19,2016-08-01,1990-04-25
Cloud Architect,Netherlands,143199.65,2021-07-04,1986-03-16
Technical Writer,Brazil,76792.45,2018-05-18,1986-07-01
Data Analyst,Mexico,77935.58,2015-03-29,1970-07-03
Operations Manager,Brazil,93244.01,2019-06-28,1981-07-09
DevOps Engineer,New Zealand,113068.24,2017-09-02,1970-05-29
IT Specialist,Switzerland,78021.88,2019-02-01,1999-03-18
Frontend Developer,Japan,70856.95,2020-04-19,1995-01-26
Full Stack Developer,Australia,95508.71,2017-01-17,1982-05-15
Technical Writer,USA,75340.20,2017-12-19,1975-02-15
Content Writer,Sweden,58504.97,2020-03-28,1978-10-13
Product Manager,Australia,119664.38,2019-07-09,1992-11-22
IT Specialist,Australia,66110.93,2024-07-07,1980-05-19
DevOps Engineer,Netherlands,114035.56,2017-04-15,1992-06-14
Cloud Architect,Ireland,126991.65,2021-09-21,1995-09-26
Data Scientist,Mexico,81064.41,2021-03-05,1972-04-13
Network Engineer,South Africa,72884.58,2018-11-27,1974-05-21
Customer Success Manager,New Zealand,90602.62,2020-05-02,1972-12-22
Project Manager,Australia,95938.61,2023-08-02,1990-08-11
Accountant,UK,63835.04,2016-08-26,1984-03-27
Support Engineer,Sweden,71846.91,2024-01-23,1976-09-10
Backend Developer,UAE,90329.22,2019-06-14,1994-05-28
Business Analyst,UK,86262.49,2022-05-29,1998-12-18
UX Designer,Norway,101853.91,2022-11-05,1975-11-18
QA Engineer,Ireland,78046.35,2020-11-13,1970-03-15
UI Designer,Denmark,92608.31,2018-08-15,1998-10-22
Operations Manager,Switzerland,114086.60,2015-05-22,1991-01-17
Graphic Designer,Denmark,70003.73,2015-02-16,1996-10-16
Data Analyst,Sweden,55725.53,2020-03-19,1970-07-16
Senior Software Engineer,Denmark,119155.42,2016-07-26,1992-04-22
Marketing Manager,New Zealand,94719.59,2021-03-14,1991-09-07
Machine Learning Engineer,Sweden,129037.76,2022-08-04,1998-10-08
Support Engineer,South Africa,75151.41,2022-12-05,1996-01-19
Technical Writer,Sweden,61523.33,2018-05-09,1999-06-17
UX Designer,New Zealand,97984.65,2024-06-16,1992-07-17
Content Writer,Mexico,52077.07,2017-07-17,1994-02-02
Software Engineer,UK,69882.41,2020-09-12,2000-07-11
UX Designer,France,93649.26,2022-04-09,1988-01-13
VP of Engineering,Norway,178155.07,2022-12-26,1975-07-19
Marketing Manager,Sweden,76489.40,2022-10-15,1993-03-03
Security Analyst,New Zealand,109691.07,2018-12-24,1977-10-24
IT Specialist,UK,71141.41,2020-11-19,1986-10-06
Frontend Developer,Australia,71560.50,2023-09-09,1988-08-01
Sales Manager,France,112773.41,2024-10-16,1973-01-29
Database Administrator,Ireland,71775.88,2023-11-19,1988-07-31
Full Stack Developer,Denmark,105079.08,2015-02-03,1989-02-16
Scrum Master,UK,75868.16,2015-04-21,1981-09-15
Engineering Manager,Denmark,146712.18,2021-06-29,1971-10-20
Business Analyst,Switzerland,79059.94,2021-12-22,1977-09-04
Full Stack Developer,Netherlands,71041.62,2024-02-08,1994-10-10
Software Engineer,Ireland,76205.30,2021-08-08,1998-09-29
System Administrator,New Zealand,56129.71,2020-09-23,1970-03-02
Software Engineer,Germany,60820.93,2019-10-23,1975-11-19
Machine Learning Engineer,USA,116595.72,2019-11-12,1995-03-02
HR Manager,Singapore,91923.89,2022-09-13,1971-03-05
Legal Counsel,Norway,110970.83,2022-11-07,1976-06-29
Project Manager,Sweden,90475.65,2021-05-17,1977-08-31
Customer Success Manager,Netherlands,77152.61,2016-10-21,1978-01-20
Content Writer,USA,60310.98,2023-10-17,2000-06-23
Customer Success Manager,Singapore,92153.65,2022-10-27,1983-07-01
IT Specialist,Mexico,68024.99,2018-01-01,1983-03-13
Junior Developer,Canada,52265.36,2022-03-26,1987-05-27
QA Engineer,Switzerland,76342.63,2023-12-11,1989-06-06
CTO,Singapore,274847.79,2024-10-30,1973-09-28
Marketing Manager,Brazil,78432.76,2018-07-06,1988-07-15
Full Stack Developer,Brazil,75580.07,2022-09-27,1984-08-12
Cloud Architect,Norway,104840.10,2015-03-09,1974-02-24
Security Analyst,South Africa,96199.74,2018-08-31,1991-03-21
Business Analyst,Norway,88650.91,2015-09-23,1986-02-14
Technical Writer,UK,79605.85,2024-10-08,1995-03-11
Accountant,New Zealand,69039.67,2017-12-30,1989-06-02
UX Designer,Netherlands,67107.92,2021-11-29,1987-11-08
Accountant,Singapore,75280.62,2015-04-28,1988-05-10
Full Stack Developer,Canada,83958.32,2018-06-25,1978-03-21
Project Manager,Denmark,86554.16,2020-08-23,1988-02-05
Full Stack Developer,Denmark,88988.00,2023-06-22,1985-12-02
Engineering Manager,India,167469.98,2020-03-28,1992-05-02
Software Engineer,Sweden,94364.62,2023-05-21,1972-05-09
Security Analyst,Switzerland,118049.56,2017-07-04,1983-05-27
QA Engineer,UAE,75554.71,2018-11-13,1979-10-19
Engineering Manager,Japan,161934.52,2023-01-31,1994-06-04
Finance Manager,USA,109483.72,2021-10-23,1993-10-09
UI Designer,Netherlands,91740.88,2020-06-20,1979-01-08
Marketing Manager,Canada,101310.78,2019-03-15,1978-11-04
CTO,Mexico,254868.19,2018-01-24,1995-08-11
Backend Developer,Sweden,75329.40,2017-07-13,1977-11-16
Compliance Officer,Brazil,112329.27,2024-05-18,1978-11-14
DevOps Engineer,Norway,117931.00,2018-03-21,2000-03-19
Project Manager,Brazil,105490.63,2023-11-30,1993-06-02
Operations Manager,Ireland,100509.43,2018-08-10,1981-11-21
Compliance Officer,France,96410.65,2017-08-19,1971-02-19
Technical Writer,Switzerland,75741.24,2019-04-13,1997-12-06
Data Scientist,Canada,115674.06,2024-06-06,1995-12-04
Junior Developer,Denmark,67013.57,2018-04-17,1975-04-24
Backend Developer,Brazil,68162.98,2021-12-08,1978-05-26
Project Manager,Netherlands,86650.65,2021-05-04,1987-09-26
Customer Success Manager,UAE,77856.73,2019-05-24,1996-11-10
Machine Learning Engineer,Australia,96138.39,2016-02-15,1973-06-26
UX Designer,USA,77181.93,2023-01-10,1990-06-02
System Administrator,Mexico,85790.97,2015-09-09,1988-03-06
Backend Developer,Singapore,67403.08,2020-06-19,1981-06-07
Full Stack Developer,Japan,109262.91,2020-08-07,1995-11-03
Business Analyst,Ireland,83849.64,2023-02-03,1995-01-09
Data Scientist,France,118942.14,2021-06-08,1986-05-22
Project Manager,Netherlands,116903.69,2021-10-14,1990-02-01
Project Manager,Switzerland,85074.82,2022-02-18,1989-12-08
Engineering Manager,Germany,115995.42,2019-12-27,1983-04-20
HR Manager,New Zealand,80582.77,2020-02-13,1977-07-07
Full Stack Developer,UK,98094.72,2016-08-06,1989-12-05
Data Scientist,Switzerland,105826.62,2016-09-04,1979-05-29
Compliance Officer,Brazil,75031.64,2016-10-20,1984-02-19
CTO,Singapore,233080.15,2016-08-02,1995-06-23
Cloud Architect,India,105685.14,2022-10-28,1994-10-19
DevOps Engineer,South Africa,124285.02,2019-10-25,1981-09-30
Software Engineer,Netherlands,83082.76,2018-06-13,1972-06-24
Data Scientist,Norway,102693.81,2024-10-04,2000-06-18
Project Manager,Brazil,96622.73,2019-04-01,2000-08-06
Compliance Officer,South Africa,92156.39,2023-03-11,2000-07-06
Customer Success Manager,New Zealand,73154.27,2022-07-27,1990-07-02
Cloud Architect,India,122047.14,2015-12-13,1971-02-28
Sales Manager,Australia,78836.14,2023-06-25,1984-06-10
Project Manager,USA,86089.65,2018-08-19,1983-06-16
System Administrator,New Zealand,69637.71,2017-09-18,1991-01-06
Junior Developer,UK,50049.41,2017-08-28,1976-12-03
Customer Success Manager,Mexico,87870.87,2015-05-20,1972-02-27
Database Administrator,France,69009.11,2015-02-12,1997-10-29
Backend Developer,New Zealand,65499.80,2016-08-28,1975-12-26
HR Manager,Denmark,91769.04,2020-07-27,1989-06-09
Legal Counsel,Singapore,146159.70,2015-02-15,1982-01-06
Data Analyst,Germany,73694.61,2016-07-10,1987-06-04
Finance Manager,USA,108669.08,2020-02-29,2000-11-08
Product Manager,Mexico,113822.92,2023-09-11,1984-09-07
Finance Manager,Mexico,103863.30,2019-01-28,1976-05-10
Software Engineer,Mexico,85836.16,2023-04-28,1996-05-04
Project Manager,Brazil,92285.46,2015-09-03,1988-07-09
Compliance Officer,Netherlands,86632.99,2024-08-07,1990-08-09
Support Engineer,Brazil,76591.17,2024-06-30,1996-08-25
Frontend Developer,Singapore,73996.71,2020-05-04,1981-04-08
Graphic Designer,Japan,63206.30,2024-06-12,1991-02-22
Project Manager,USA,92434.48,2019-09-15,1974-12-20
HR Manager,New Zealand,84223.96,2024-01-11,1992-06-22
Security Analyst,Norway,90105.75,2024-10-16,1997-02-07
Software Engineer,Switzerland,82252.88,2021-11-09,1973-06-27
UI Designer,South Africa,70213.71,2020-04-10,1989-04-06
Technical Writer,New Zealand,60571.96,2023-07-27,1988-05-19
Network Engineer,New Zealand,71033.81,2022-10-09,1994-04-02
CTO,Norway,225936.59,2019-11-25,1971-12-15
Content Writer,Norway,63134.59,2022-10-12,1991-12-27
Operations Manager,Denmark,96534.74,2021-04-25,1980-06-03
Graphic Designer,Switzerland,70037.94,2017-09-23,1975-02-19
System Administrator,Germany,77402.77,2024-08-08,1972-01-24
Junior Developer,Australia,57282.82,2021-01-10,1971-04-16
Junior Developer,Canada,57059.64,2022-10-04,1973-07-21
Senior Software Engineer,USA,127669.76,2015-06-08,1990-02-03
Marketing Manager,USA,97220.59,2018-07-31,1995-07-12
Machine Learning Engineer,New Zealand,126489.77,2016-03-19,1991-02-17
Frontend Developer,Australia,63537.49,2017-10-29,1991-01-29
Scrum Master,India,96927.09,2019-01-07,1988-01-08
Data Scientist,Singapore,99287.32,2017-09-11,1987-03-09
Full Stack Developer,India,78982.14,2024-10-06,1999-12-28
Graphic Designer,Ireland,49832.57,2021-03-19,1972-02-01
Software Engineer,Japan,83382.52,2019-03-26,1972-05-08
UI Designer,Sweden,68720.40,2022-04-12,1978-01-10
Data Analyst,UK,71814.74,2021-08-31,1977-03-08
Operations Manager,Canada,108148.44,2022-08-07,1970-08-13
Project Manager,Germany,83993.95,2015-02-10,1971-02-12
Engineering Manager,Japan,150581.20,2016-04-24,1999-01-31
Customer Success Manager,UAE,65593.89,2019-11-17,1981-03-19
Sales Manager,Canada,102676.56,2020-10-13,2000-11-26
Senior Software Engineer,New Zealand,125624.15,2024-12-28,1989-04-17
Compliance Officer,Mexico,113649.92,2024-10-14,1983-10-25
Security Analyst,Sweden,105549.84,2015-10-16,1975-11-13
Business Analyst,Denmark,87860.76,2016-09-26,1979-09-29
Data Scientist,India,120535.90,2023-07-17,1992-12-13
System Administrator,Singapore,67290.14,2024-12-07,1977-06-25
QA Engineer,Canada,84867.79,2015-06-03,1976-02-15
UI Designer,India,63415.86,2020-08-01,1981-02-19
Software Engineer,Japan,81347.24,2018-11-01,1985-06-01
Legal Counsel,Denmark,112798.75,2024-10-13,1984-05-02
Sales Manager,South Africa,105034.31,2015-01-27,1978-02-08
Frontend Developer,South Africa,89496.98,2015-08-12,1976-04-29
Data Analyst,Sweden,59929.17,2015-04-14,1971-05-01
Network Engineer,UK,67028.41,2019-07-07,1997-01-09
Frontend Developer,Norway,72278.27,2021-11-11,1983-12-11
IT Specialist,South Africa,82326.60,2024-08-18,1974-07-20
Scrum Master,Singapore,80283.15,2023-08-22,1977-05-30
CTO,Singapore,251773.21,2021-12-05,1981-08-29
Sales Manager,Australia,93835.37,2022-09-02,1985-01-30
Scrum Master,South Africa,99570.64,2015-11-28,1999-05-14
Sales Manager,Australia,91262.91,2018-11-26,1988-01-03
Finance Manager,Japan,128402.55,2019-02-07,1978-05-05
Security Analyst,Japan,102388.87,2020-12-09,1998-05-31
Graphic Designer,Sweden,66154.41,2024-12-02,1998-01-25
DevOps Engineer,USA,110901.42,2018-11-19,1974-11-15
IT Specialist,Singapore,73868.28,2021-05-17,1976-08-19
Accountant,Switzerland,56898.14,2017-06-16,1971-01-15
Marketing Manager,Denmark,102174.07,2024-09-19,1977-08-06
Financial Analyst,South Africa,82679.36,2021-07-25,1986-03-13
HR Manager,Sweden,75192.40,2022-06-03,1981-07-26
Data Analyst,UK,68774.12,2016-10-04,1999-01-04
Security Analyst,Canada,116583.11,2024-09-12,1971-03-08
System Administrator,India,89582.42,2016-08-11,1995-11-19
UI Designer,Canada,88571.16,2024-09-19,1981-05-01
Operations Manager,Norway,102339.43,2017-11-24,1974-10-02
Content Writer,New Zealand,62716.62,2017-11-15,1973-07-30
Frontend Developer,New Zealand,90972.64,2018-07-29,1978-06-27
Project Manager,India,97376.35,2018-12-28,1995-07-14
UX Designer,Netherlands,86901.67,2019-11-22,1988-01-25
UX Designer,Netherlands,95557.73,2018-10-19,1984-12-13
Data Analyst,Germany,58048.13,2017-01-18,1981-09-15
Technical Writer,Brazil,76589.19,2017-05-18,1985-08-13
Technical Writer,New Zealand,76875.58,2017-01-13,1977-02-22
Finance Manager,USA,102892.24,2016-06-04,1984-10-09
DevOps Engineer,Japan,109773.77,2016-01-28,1984-01-18
Operations Manager,Japan,106662.82,2018-05-28,1974-05-18
Project Manager,Netherlands,87720.53,2023-05-02,1989-12-12
Network Engineer,India,98963.31,2021-01-04,1987-06-22
Marketing Manager,New Zealand,93027.51,2021-11-24,1984-05-01
Accountant,Netherlands,51739.55,2018-06-20,1988-08-25
Data Scientist,Australia,127082.33,2018-02-19,1997-07-08
Machine Learning Engineer,Japan,130139.74,2023-08-07,1995-02-22
Accountant,UAE,56463.96,2015-12-10,1979-11-19
HR Manager,South Africa,97587.02,2017-02-15,1988-12-03
UX Designer,Norway,75964.46,2021-12-22,1983-08-08
Compliance Officer,Switzerland,97697.05,2023-12-28,1997-01-01
Product Manager,Ireland,112407.67,2023-09-04,1984-07-07
Senior Software Engineer,Sweden,106086.58,2021-05-31,1971-03-04
Sales Manager,Singapore,98735.19,2021-06-11,1996-11-21
Sales Manager,Ireland,106157.26,2019-03-11,1999-05-15
Content Writer,USA,63320.58,2022-05-10,1977-12-05
QA Engineer,France,69963.23,2015-12-16,1988-04-14
UI Designer,USA,81543.94,2020-01-06,1976-08-13
Data Scientist,Singapore,125956.93,2019-07-05,1992-12-07
Database Administrator,Netherlands,98808.42,2021-04-29,1997-08-18
Compliance Officer,Norway,84953.10,2021-09-22,1991-08-17
Legal Counsel,Canada,119234.51,2017-03-26,1986-08-19
Graphic Designer,New Zealand,53843.80,2017-05-04,2000-05-05
VP of Engineering,New Zealand,199089.74,2015-08-01,1992-01-11
Junior Developer,Ireland,47352.40,2017-09-03,1976-11-05
Cloud Architect,Ireland,125464.26,2021-03-09,1972-08-30
Machine Learning Engineer,Norway,116320.22,2015-11-21,1999-10-08
QA Engineer,Switzerland,57830.15,2018-07-21,1978-08-06
VP of Engineering,Switzerland,187574.65,2019-11-13,1974-06-16
HR Manager,Australia,91081.63,2021-07-19,1982-11-12
Backend Developer,Singapore,74656.53,2018-09-01,1978-10-25
CTO,UAE,241723.42,2021-08-02,1970-06-14
CTO,Switzerland,208604.95,2015-06-20,1988-03-08
Accountant,Germany,59042.64,2020-05-26,1974-07-16
HR Manager,Japan,86094.69,2015-02-24,1983-06-07
System Administrator,New Zealand,62036.35,2018-12-01,1980-08-08
Content Writer,India,49770.98,2023-04-11,1977-12-15
Operations Manager,Japan,84450.28,2022-05-24,1992-11-20
QA Engineer,Norway,64055.05,2022-07-22,1992-06-12
QA Engineer,Canada,69490.56,2023-07-26,1986-06-05
Software Engineer,Canada,81141.23,2019-11-19,1993-09-16
VP of Engineering,France,216490.92,2021-09-14,1995-11-27
Data Analyst,USA,61028.68,2019-02-21,1997-11-24
Backend Developer,UK,98941.42,2022-12-11,1983-01-04
UI Designer,Norway,63648.68,2015-09-24,1990-04-24
Finance Manager,South Africa,115240.79,2015-02-23,1971-10-03
Data Scientist,Japan,108007.54,2024-05-31,1996-11-25
CTO,Netherlands,238923.22,2019-11-02,1999-07-24
System Administrator,Australia,74477.08,2024-03-21,1996-02-25
Data Scientist,Netherlands,97422.47,2024-03-01,1970-12-16
Sales Manager,UK,98679.61,2017-05-04,1988-08-05
System Administrator,Singapore,60402.78,2019-08-12,1996-10-23
VP of Engineering,Mexico,159789.90,2016-04-03,1995-10-22
Technical Writer,UAE,69303.30,2022-04-19,1994-07-18
Product Manager,Mexico,101315.29,2023-10-22,1975-02-06
Data Analyst,Canada,58572.74,2015-09-18,1994-10-05
Security Analyst,Norway,116609.77,2024-01-22,1995-05-25
Accountant,Canada,60128.57,2016-07-28,1975-10-08
Compliance Officer,Germany,78847.08,2020-10-26,1980-01-03
Finance Manager,New Zealand,115168.18,2024-07-20,1991-03-11
QA Engineer,Mexico,83529.81,2020-06-08,1973-03-16
Finance Manager,Ireland,110218.00,2018-04-08,1972-09-07
Scrum Master,UK,91273.76,2015-06-18,1981-07-26
Graphic Designer,Sweden,74484.10,2022-11-27,1983-08-10
Senior Software Engineer,USA,101147.05,2024-01-19,1995-12-14
Scrum Master,India,75245.71,2020-08-20,1972-08-22
HR Manager,Netherlands,92911.10,2022-04-08,1992-03-15
Business Analyst,Singapore,81800.68,2016-04-08,1974-04-25
HR Manager,Netherlands,99115.54,2015-09-19,1999-06-20
Compliance Officer,New Zealand,104691.41,2020-02-01,1974-09-09
Support Engineer,Singapore,57837.05,2024-04-12,1980-01-11
HR Manager,France,99555.93,2017-02-20,1999-08-03
Network Engineer,Australia,79886.39,2015-04-12,1988-12-09
Technical Writer,Mexico,76450.79,2022-09-14,1981-05-22
Graphic Designer,UAE,70493.43,2019-03-20,1989-01-06
Senior Software Engineer,Sweden,96452.87,2021-06-25,1994-03-30
QA Engineer,Japan,67028.06,2023-11-30,1997-07-24
HR Manager,India,86379.98,2021-09-28,1972-06-03
Customer Success Manager,Brazil,83061.54,2017-07-27,1987-04-09
Customer Success Manager,France,76587.54,2024-05-04,1993-11-20
Product Manager,UAE,131939.76,2020-12-12,1993-09-04
Software Engineer,Australia,74427.82,2016-08-18,1990-12-13
Senior Software Engineer,Brazil,98898.95,2015-10-11,1993-02-02
Engineering Manager,UK,138599.85,2018-02-02,1984-02-03
Compliance Officer,Australia,77886.01,2018-07-10,1994-03-05
Product Manager,France,95737.17,2016-06-26,1971-02-25
Content Writer,Canada,49289.17,2021-02-11,1978-06-30
Security Analyst,UK,104567.27,2019-12-11,1996-11-10
Product Manager,Brazil,124594.07,2024-12-21,1974-07-05
Accountant,Singapore,58912.16,2024-01-12,1976-05-19
Product Manager,Canada,104330.28,2020-10-28,1998-11-28
Frontend Developer,UK,78171.12,2021-07-15,1990-08-30
Marketing Manager,Canada,98467.70,2021-10-03,1991-09-16
Support Engineer,Switzerland,75020.31,2023-07-01,1997-09-19
System Administrator,India,55248.68,2021-07-05,1971-09-02
DevOps Engineer,Australia,81035.40,2024-12-19,1985-02-01
Security Analyst,India,111250.95,2021-05-03,1978-07-28
Data Analyst,UAE,70386.74,2019-06-13,2000-02-11
Cloud Architect,India,140977.02,2016-07-06,1994-04-14
Graphic Designer,Sweden,66276.78,2020-08-31,1992-05-29
Full Stack Developer,Canada,108199.89,2021-06-18,1984-12-06
HR Manager,Netherlands,81964.37,2017-08-18,1973-05-27
Financial Analyst,UAE,79682.74,2015-01-31,1992-09-29
Security Analyst,Switzerland,99060.67,2023-10-04,1997-12-20
Product Manager,France,118471.14,2022-03-13,1985-04-16
Engineering Manager,USA,116901.88,2017-02-05,1979-07-10
Backend Developer,USA,86824.96,2021-03-13,1981-04-16
Junior Developer,Mexico,51243.13,2018-03-21,1978-02-05
Scrum Master,Australia,81258.02,2015-08-20,1995-11-27
Full Stack Developer,Germany,87428.31,2019-01-17,1990-04-03
HR Manager,UK,82339.06,2016-08-14,1998-10-09
DevOps Engineer,Japan,114786.12,2015-11-03,1972-05-31
Network Engineer,Singapore,71877.77,2020-08-20,1980-04-24
Data Scientist,Germany,110332.38,2019-01-11,1995-07-01
Frontend Developer,South Africa,81626.33,2015-07-13,1990-10-01
Compliance Officer,New Zealand,100488.22,2018-08-05,1992-02-22
UX Designer,Netherlands,99947.60,2019-04-20,1979-02-10
Cloud Architect,Mexico,107652.87,2024-09-10,1980-05-29
Machine Learning Engineer,France,109086.68,2015-08-02,1993-01-18
Technical Writer,Denmark,58803.93,2021-04-11,1970-02-22
Cloud Architect,Singapore,149566.55,2017-02-16,1971-05-16
Engineering Manager,Australia,158208.43,2023-05-06,1981-05-04
Graphic Designer,Brazil,61232.47,2016-03-13,1974-01-21
Data Analyst,South Africa,59154.39,2021-05-27,1981-06-29
Legal Counsel,Canada,142359.09,2016-01-29,1999-12-14
Database Administrator,Canada,88217.58,2016-09-05,1978-09-09
Senior Software Engineer,South Africa,133997.90,2022-04-27,1977-05-27
Frontend Developer,Canada,92277.03,2019-07-31,1999-04-16
Compliance Officer,Brazil,87368.66,2015-08-07,1988-09-28
Data Analyst,Ireland,72052.10,2017-12-11,2000-10-06
UX Designer,Switzerland,93006.69,2022-11-14,1998-12-08
Network Engineer,Ireland,77349.62,2023-03-08,1997-05-20
Accountant,Japan,62221.52,2021-02-15,1984-01-06
Full Stack Developer,Singapore,102296.45,2018-12-20,1998-07-07
Graphic Designer,Australia,47961.19,2023-05-07,1983-06-30
Financial Analyst,South Africa,87565.54,2020-12-03,1975-07-12
UX Designer,UK,88148.01,2021-05-12,1970-05-11
Legal Counsel,Denmark,96552.82,2019-09-21,1981-11-04
IT Specialist,Singapore,74623.69,2018-08-28,1975-12-25
Legal Counsel,Brazil,107574.07,2017-12-15,1979-03-17
Scrum Master,Brazil,102155.65,2021-11-16,1976-04-30
Support Engineer,France,75931.05,2021-03-09,1970-08-18
Graphic Designer,New Zealand,62045.17,2015-10-06,1971-07-04
VP of Engineering,Brazil,196231.94,2021-02-22,2000-08-21
Network Engineer,Denmark,96037.27,2018-01-18,1994-09-29
IT Specialist,Australia,73880.66,2018-01-20,1987-05-08
UX Designer,UAE,98132.57,2015-03-05,1986-05-05
IT Specialist,Norway,70193.34,2021-08-30,1994-07-06
Security Analyst,Australia,104352.37,2024-10-19,1986-10-30
Full Stack Developer,Ireland,107626.18,2017-09-17,1977-10-22
Business Analyst,Mexico,70968.39,2021-02-04,1978-07-10
Cloud Architect,USA,115024.05,2024-04-22,1980-01-05
Machine Learning Engineer,Denmark,125802.94,2019-10-19,1981-08-23
Data Scientist,Canada,124758.10,2018-12-17,1995-03-15
Content Writer,Singapore,40204.85,2018-06-14,1991-10-18
Data Analyst,Ireland,58466.82,2020-02-24,1993-07-02
Data Analyst,Switzerland,71054.00,2015-10-12,1973-01-02
Engineering Manager,Japan,114409.16,2021-12-23,1997-08-11
Compliance Officer,USA,110465.71,2023-08-24,1980-04-10
Finance Manager,Germany,129084.09,2017-02-03,1983-05-21
Financial Analyst,France,89405.76,2020-08-08,1977-07-02
Finance Manager,Australia,126153.75,2022-03-12,1974-03-08
Marketing Manager,France,85407.04,2024-06-20,1972-11-08
Legal Counsel,Mexico,120114.11,2015-07-30,1982-10-09
Data Scientist,Denmark,96904.97,2022-09-16,1989-08-24
Customer Success Manager,Mexico,93965.42,2019-03-07,1998-12-03
IT Specialist,Switzerland,73047.23,2017-11-04,1982-09-06
Compliance Officer,Netherlands,108322.59,2020-09-21,1987-10-19
Data Scientist,Mexico,84805.57,2020-02-17,1991-01-10
Software Engineer,Norway,75781.26,2018-06-07,1984-02-15
Operations Manager,USA,85856.44,2020-12-08,1991-10-26
Backend Developer,France,87796.88,2020-04-17,1979-11-05
Content Writer,Brazil,63595.67,2015-06-01,1977-07-31
QA Engineer,Germany,55420.27,2018-10-09,1984-03-16
Business Analyst,Norway,78415.63,2019-06-23,1973-10-17
Finance Manager,Norway,114565.83,2019-04-08,1998-03-05
Project Manager,India,81151.83,2016-09-19,1981-03-25
Data Scientist,Brazil,120105.71,2017-07-10,1974-11-21
Finance Manager,India,124507.77,2015-04-23,1984-12-14
Database Administrator,Sweden,83825.10,2024-08-14,1988-10-30
Data Scientist,Brazil,116681.23,2023-10-24,1973-02-20
Cloud Architect,USA,109994.46,2023-02-24,1990-06-22
Security Analyst,Sweden,103584.60,2015-07-13,1978-07-09
UI Designer,Norway,90177.48,2024-05-07,1973-11-13
Sales Manager,UK,86764.11,2019-03-02,1977-12-18
Marketing Manager,Switzerland,73875.71,2019-05-27,1982-07-21
UX Designer,New Zealand,89708.77,2015-01-28,1980-02-22
System Administrator,France,68617.15,2021-07-21,1976-09-17
Finance Manager,Mexico,110013.18,2022-04-11,1975-03-13
Data Scientist,Singapore,94770.79,2018-06-18,1996-01-27
Finance Manager,Japan,91954.89,2018-01-19,1990-07-21
Security Analyst,Australia,100427.03,2022-01-08,1995-09-05
CTO,Mexico,226458.35,2019-05-22,1976-11-25
Security Analyst,Germany,86332.35,2024-10-10,1981-05-03
Finance Manager,Singapore,90703.66,2016-03-18,1991-04-02
QA Engineer,Sweden,67478.99,2019-01-17,1987-11-17
Content Writer,Sweden,47974.64,2015-02-13,1975-02-14
Customer Success Manager,Sweden,80843.29,2024-08-19,1990-09-29
Technical Writer,Sweden,58884.87,2016-02-03,1982-04-15
Backend Developer,Singapore,65570.22,2016-07-21,1972-03-05
Frontend Developer,Japan,66744.01,2024-06-02,1980-03-31
Support Engineer,Singapore,66504.09,2024-12-22,1984-09-09
QA Engineer,Switzerland,66545.01,2023-10-01,1998-07-23
Legal Counsel,UAE,115186.89,2022-07-18,1979-03-02
Network Engineer,Singapore,99674.21,2023-09-25,1971-09-06
Network Engineer,Switzerland,66531.18,2023-02-20,1971-10-03
Network Engineer,Netherlands,65468.25,2017-06-24,1984-11-25
Full Stack Developer,USA,70325.98,2018-10-02,1987-03-17
Accountant,Japan,67388.43,2015-08-04,1993-05-11
Legal Counsel,South Africa,91543.47,2019-09-05,1982-02-25
Cloud Architect,Japan,152129.71,2019-06-05,1975-07-22
Full Stack Developer,USA,104520.32,2022-01-17,1990-02-20
Data Analyst,USA,81894.18,2019-03-16,1976-12-31
QA Engineer,South Africa,70343.73,2024-08-22,1991-12-14
Software Engineer,India,60242.44,2019-03-21,1979-06-08
Content Writer,UAE,46185.72,2019-11-08,1982-02-27
Backend Developer,Switzerland,65018.49,2024-05-18,1972-07-02
Operations Manager,Denmark,112109.69,2015-08-15,1987-07-17
Content Writer,Norway,51401.62,2024-06-29,1995-05-06
Marketing Manager,Australia,76151.05,2024-04-22,1991-12-31
Database Administrator,UAE,99022.65,2019-01-14,1984-10-16
Cloud Architect,Japan,151916.00,2015-04-30,1981-10-14
Data Analyst,Denmark,80765.72,2018-11-30,1975-03-31
HR Manager,South Africa,87037.01,2021-12-04,1980-03-11
Product Manager,Australia,133228.71,2015-03-27,1978-03-02
Database Administrator,New Zealand,87947.64,2024-05-10,1987-03-22
Finance Manager,Mexico,113219.86,2020-09-25,1978-09-13
Data Analyst,Mexico,56789.06,2024-07-24,1970-04-02
Project Manager,France,110230.37,2019-01-17,1999-12-19
Backend Developer,Sweden,72625.33,2022-03-22,1974-08-12
Graphic Designer,New Zealand,58629.10,2019-03-07,1984-05-08
IT Specialist,Switzerland,56842.42,2022-10-22,1972-06-17
Legal Counsel,Netherlands,141522.24,2020-02-19,1994-09-27
Financial Analyst,Denmark,67188.24,2019-10-20,1998-09-30
Engineering Manager,Mexico,155815.60,2018-09-12,1995-12-17
Network Engineer,Japan,84988.61,2020-06-08,1975-11-30
Junior Developer,UAE,49251.38,2021-01-11,1975-11-25
Junior Developer,India,49157.57,2024-12-29,1997-07-06
CTO,Switzerland,267309.90,2021-06-11,1992-08-16
Security Analyst,Canada,101564.29,2017-05-21,1979-01-25
Full Stack Developer,Australia,85138.47,2024-04-06,1972-01-05
Project Manager,Canada,105901.53,2024-01-08,1996-06-27
Graphic Designer,India,50020.05,2020-05-04,1976-10-20
Cloud Architect,Singapore,121976.68,2021-06-04,1976-06-26
Security Analyst,India,78109.25,2022-11-05,1973-05-22
Marketing Manager,New Zealand,104048.82,2017-10-15,1980-01-27
VP of Engineering,Germany,198777.42,2021-07-18,1979-04-13
Sales Manager,Mexico,118899.26,2016-01-30,1990-11-04
Legal Counsel,Singapore,149528.05,2021-10-01,1971-05-16
Financial Analyst,Mexico,67082.82,2018-06-17,1981-05-08
Technical Writer,France,55078.25,2020-06-19,1999-12-13
Product Manager,Ireland,132822.90,2017-12-27,1984-06-10
Financial Analyst,South Africa,96316.90,2017-07-13,1971-11-12
Finance Manager,USA,105445.43,2020-03-05,1979-09-19
Project Manager,UK,85363.64,2016-09-14,1999-01-30
Security Analyst,South Africa,104841.90,2024-10-29,1993-01-25
Network Engineer,USA,94113.72,2021-05-11,1988-05-17
Customer Success Manager,Switzerland,89308.73,2024-06-16,1970-09-21
Data Analyst,Ireland,65788.87,2021-08-28,1992-04-05
DevOps Engineer,Netherlands,116967.76,2015-06-20,1977-05-16
Graphic Designer,Australia,49640.52,2022-11-27,1997-10-14
Engineering Manager,Singapore,143516.37,2017-02-20,1983-05-27
QA Engineer,New Zealand,61499.80,2018-08-26,1978-09-12
Security Analyst,India,99207.20,2024-10-01,1971-07-26
DevOps Engineer,New Zealand,118338.83,2016-09-16,1988-05-26
DevOps Engineer,Switzerland,93785.81,2015-12-05,1976-04-04
Business Analyst,Australia,65862.29,2022-10-13,1992-08-08
Financial Analyst,UAE,95870.89,2023-11-13,1990-07-10
Data Scientist,Australia,90011.66,2023-08-08,1978-06-03
UX Designer,Mexico,88305.04,2023-09-14,1982-04-23
Engineering Manager,Canada,163739.19,2021-05-09,1985-01-10
Backend Developer,Sweden,97801.40,2023-03-17,1975-07-17
Security Analyst,Japan,96929.74,2019-05-07,1976-03-14
System Administrator,France,77925.30,2024-01-23,1995-09-22
Business Analyst,Canada,81551.80,2024-06-30,1986-07-24
Customer Success Manager,UAE,77290.16,2015-03-16,1975-03-30
Backend Developer,USA,68537.86,2021-08-23,1997-07-30
Scrum Master,France,96328.13,2016-05-25,1989-10-23
Content Writer,Australia,59281.21,2015-04-21,2000-03-25
Finance Manager,Mexico,118591.34,2016-07-19,2000-09-08
System Administrator,USA,87905.11,2020-02-10,1976-07-18
Data Scientist,Netherlands,97972.83,2019-09-27,1994-02-01
System Administrator,Switzerland,84721.32,2023-10-07,1985-01-25
Database Administrator,Japan,82645.32,2018-01-19,1984-12-11
Accountant,Netherlands,63666.18,2020-07-29,1994-05-07
Junior Developer,Ireland,69159.07,2015-10-19,1987-03-18
Data Analyst,Norway,86227.99,2023-07-28,1992-05-24
Compliance Officer,Norway,100978.36,2023-08-18,1998-01-04
Accountant,Singapore,57876.34,2024-10-02,1980-11-09
Product Manager,Singapore,126013.70,2018-06-17,1975-05-12
Support Engineer,Australia,69429.18,2017-02-06,1987-01-08
Security Analyst,New Zealand,111721.85,2017-10-25,1971-10-11
Scrum Master,Denmark,78410.62,2022-07-30,1998-12-13
Marketing Manager,Switzerland,87387.03,2022-04-25,1976-12-05
Scrum Master,Mexico,98191.42,2017-07-22,1991-03-19
Data Scientist,Australia,81337.22,2016-11-20,1993-01-06
QA Engineer,Netherlands,64635.38,2015-11-27,1989-01-26
Customer Success Manager,South Africa,96859.46,2016-02-17,1978-10-20
Scrum Master,UK,92088.74,2015-11-01,1983-04-11
Business Analyst,Sweden,67278.47,2024-02-14,1993-12-28
Product Manager,Switzerland,128401.03,2022-02-03,1989-10-15
Data Scientist,Singapore,87479.32,2021-07-07,1988-10-21
Business Analyst,Switzerland,74328.34,2015-07-21,1986-03-22
HR Manager,South Africa,74515.59,2016-06-19,1987-08-02
QA Engineer,Singapore,72555.60,2019-11-25,1974-04-16
Full Stack Developer,Brazil,96769.72,2022-04-08,1975-12-24
Security Analyst,Japan,77569.46,2019-09-03,1993-10-08
Project Manager,Ireland,111579.73,2023-07-18,1972-06-25
Software Engineer,Mexico,83677.95,2022-07-22,1988-04-24
Graphic Designer,Ireland,69714.79,2016-07-01,1997-03-11
Security Analyst,Mexico,102437.46,2017-08-18,1985-08-21
Accountant,New Zealand,51934.53,2020-06-09,1984-04-06
Legal Counsel,Norway,118080.97,2020-01-18,1977-01-31
Financial Analyst,Canada,76471.11,2017-02-26,1975-08-10
IT Specialist,Germany,74759.23,2022-02-03,1974-09-24
Junior Developer,New Zealand,61302.07,2021-03-11,1971-08-07
Network Engineer,France,71548.58,2016-03-22,1996-10-07
Operations Manager,Canada,98831.94,2023-10-12,1984-11-07
CTO,Sweden,271644.00,2017-06-16,1979-07-07
Sales Manager,Japan,102681.25,2024-08-08,1973-07-19
Network Engineer,Australia,90570.84,2023-11-06,1987-11-04
Compliance Officer,New Zealand,78835.15,2017-10-18,1974-12-06
UI Designer,Canada,71490.45,2015-01-31,1984-12-28
Machine Learning Engineer,Norway,109479.25,2021-11-12,1987-02-25
Engineering Manager,Netherlands,142484.60,2021-01-09,1987-07-11
Junior Developer,Australia,65239.85,2017-09-23,1991-03-04
Customer Success Manager,Australia,84684.85,2016-02-05,1994-10-31
IT Specialist,Singapore,73479.27,2017-12-13,2000-09-21
Security Analyst,India,80444.54,2019-02-24,1985-02-19
System Administrator,Germany,76921.70,2016-10-27,1997-07-07
Data Scientist,France,105666.15,2017-10-20,1989-11-25
UI Designer,Ireland,71801.55,2020-07-03,1974-09-10
Graphic Designer,France,60482.55,2020-12-27,1979-06-19
Database Administrator,UAE,83761.19,2023-08-13,1982-01-11
Financial Analyst,Australia,81927.61,2023-12-02,1973-04-05
Frontend Developer,Sweden,83476.19,2015-02-23,1975-02-02
Finance Manager,UAE,86931.70,2017-04-29,1975-11-07
Accountant,Canada,51323.34,2018-06-18,1997-04-03
Technical Writer,New Zealand,81062.50,2019-04-30,1976-08-12
Backend Developer,South Africa,81835.53,2017-06-07,1998-05-06
Backend Developer,Singapore,87105.09,2023-12-22,1994-01-23
QA Engineer,India,78395.83,2017-03-14,2000-09-17
QA Engineer,Singapore,84104.75,2023-04-11,1993-04-24
IT Specialist,USA,65397.84,2024-11-21,1973-01-04
Graphic Designer,Singapore,61201.98,2017-01-10,1970-05-21
Database Administrator,UAE,65774.15,2020-10-10,1982-02-11
Operations Manager,Brazil,110410.86,2019-12-20,1977-07-24
UX Designer,Mexico,91271.44,2017-12-18,1979-07-13
Senior Software Engineer,Canada,139364.51,2022-02-06,1994-09-18
Graphic Designer,UK,69846.99,2016-09-20,1998-04-03
Machine Learning Engineer,Germany,125659.62,2024-01-03,2000-01-27
Data Analyst,Denmark,78170.11,2019-02-01,1984-07-22
Graphic Designer,UAE,55664.78,2019-09-04,1998-02-10
Product Manager,Netherlands,134119.13,2018-08-03,1978-02-12
VP of Engineering,Norway,155623.35,2019-07-11,1981-05-16
Software Engineer,UK,91620.49,2021-03-12,1990-03-25
System Administrator,Canada,64982.86,2019-05-28,1997-10-24
CTO,India,201032.14,2019-08-23,1987-12-17
Machine Learning Engineer,Mexico,136948.15,2023-07-12,1984-05-02
Cloud Architect,India,139863.11,2020-12-16,2000-11-25
Cloud Architect,Australia,119308.01,2015-05-20,1986-01-17
Engineering Manager,Australia,129290.61,2023-05-22,1983-01-04
Data Scientist,Denmark,87342.97,2022-05-20,1985-12-11
IT Specialist,Ireland,82228.99,2018-09-28,1971-12-07
Legal Counsel,Germany,97730.86,2021-03-18,1992-06-26
Product Manager,USA,108911.39,2015-06-16,1984-07-06
Full Stack Developer,Sweden,102771.24,2015-05-09,1984-06-29
Finance Manager,Japan,116387.48,2015-07-23,1981-09-19
Project Manager,Brazil,94944.45,2023-01-09,1994-04-04
System Administrator,Switzerland,77270.94,2019-01-15,1993-03-22
Project Manager,Mexico,100008.73,2021-03-28,1985-01-25
Operations Manager,Germany,103088.10,2021-06-16,1996-12-10
Business Analyst,Norway,79153.42,2022-05-17,1993-01-25
CTO,Australia,222434.74,2018-12-03,1998-05-11
Software Engineer,New Zealand,80992.73,2024-11-15,1971-12-21
Data Scientist,South Africa,80663.14,2022-11-05,1987-05-12
Compliance Officer,Sweden,79157.66,2023-06-15,1995-09-27
Data Scientist,Sweden,114728.09,2017-05-31,1972-04-04
CTO,Singapore,236212.59,2021-02-08,1983-09-22
VP of Engineering,Germany,158939.96,2016-04-19,1980-10-12
Engineering Manager,France,122663.83,2018-09-03,1995-12-30
Cloud Architect,Ireland,151431.34,2020-04-05,1994-08-12
VP of Engineering,France,169123.90,2024-05-01,1991-04-24
Customer Success Manager,Brazil,71553.15,2019-03-06,1993-02-07
Engineering Manager,Singapore,147240.67,2024-09-13,1993-09-09
DevOps Engineer,France,124155.12,2015-08-06,1994-03-21
Senior Software Engineer,Netherlands,104272.16,2016-01-15,1997-03-09
Cloud Architect,New Zealand,129009.78,2024-07-26,1995-12-14
Engineering Manager,France,112230.24,2018-07-10,1995-12-05
Project Manager,Australia,85416.79,2018-01-09,1982-12-12
Sales Manager,New Zealand,116004.16,2017-06-23,1997-11-18
Software Engineer,Norway,64063.12,2022-09-05,1998-09-24
Security Analyst,France,106167.86,2021-02-04,1994-06-08
CTO,Ireland,219314.65,2022-09-20,1983-08-30
UX Designer,South Africa,91035.06,2023-05-15,1982-07-23
Finance Manager,Switzerland,125686.64,2024-01-10,1970-01-19
Marketing Manager,Germany,82330.61,2018-09-26,1987-09-30
Frontend Developer,UK,70772.60,2020-02-03,1971-09-28
Data Analyst,Mexico,69873.94,2021-01-22,1976-07-21
Technical Writer,Canada,73644.80,2016-03-12,1987-05-31
Operations Manager,USA,89381.58,2021-04-12,1996-01-04
Backend Developer,India,103471.00,2022-02-16,1971-07-27
Financial Analyst,Australia,89118.36,2015-07-22,1995-08-14
Finance Manager,UAE,125389.28,2020-05-23,1998-07-08
Engineering Manager,India,160258.25,2020-02-03,1986-05-30
Software Engineer,Sweden,78643.04,2021-12-18,1996-09-27
IT Specialist,New Zealand,69531.93,2022-12-28,1983-10-17
Support Engineer,Germany,63742.36,2023-12-22,1972-03-05
VP of Engineering,UK,166997.12,2018-01-26,1985-06-29
Data Scientist,Singapore,124895.28,2021-12-11,2000-06-26
CTO,France,185436.04,2023-02-13,1998-11-17
Content Writer,Singapore,57154.93,2016-03-12,1975-12-15
Marketing Manager,Norway,78505.01,2023-12-18,1974-09-22
Database Administrator,UAE,80381.42,2018-03-01,1995-05-18
IT Specialist,Switzerland,75080.89,2024-11-13,1993-08-12
Compliance Officer,UAE,99128.75,2020-12-12,1995-09-28
IT Specialist,Brazil,83341.67,2020-10-29,1997-09-13
Backend Developer,France,68779.62,2024-10-08,1970-10-30
Database Administrator,Sweden,92454.11,2024-01-19,1978-05-28
UI Designer,UK,61987.53,2016-04-13,1970-01-15
Junior Developer,Mexico,62902.92,2018-11-24,1992-04-18
Business Analyst,Mexico,89033.31,2022-07-06,1990-11-09
CTO,Sweden,204984.59,2023-07-01,1992-05-16
Machine Learning Engineer,Netherlands,130251.93,2024-06-14,1978-09-14
CTO,Canada,210739.45,2022-02-12,1972-04-16
Business Analyst,India,86961.25,2023-10-29,1993-12-01
Frontend Developer,Mexico,63220.07,2024-06-02,1992-07-24
IT Specialist,Germany,55430.77,2016-04-12,1974-01-21
Full Stack Developer,India,80566.26,2018-04-23,1984-10-16
Technical Writer,Denmark,78246.64,2018-01-15,1980-04-23
System Administrator,Switzerland,56594.60,2019-10-18,1970-11-24
HR Manager,Denmark,70389.37,2019-07-23,1977-04-21
Backend Developer,France,72790.23,2016-01-15,1996-01-06
Backend Developer,UK,77641.26,2024-12-18,1979-11-21
Senior Software Engineer,Denmark,133397.20,2021-09-09,1979-04-11
Database Administrator,New Zealand,81685.65,2022-05-18,1979-02-06
Business Analyst,Netherlands,72048.55,2021-08-29,1987-05-18
HR Manager,India,73721.73,2018-10-29,1990-11-09
Business Analyst,Switzerland,94443.06,2017-10-31,1990-02-18
IT Specialist,Mexico,79783.93,2016-03-28,1972-09-20
Engineering Manager,USA,169559.35,2020-02-04,1985-07-04
System Administrator,Sweden,82112.16,2016-01-17,1976-04-30
Support Engineer,Ireland,72527.20,2015-05-26,1995-04-26
Network Engineer,France,97576.66,2015-01-16,1992-02-15
System Administrator,Netherlands,84714.06,2024-09-24,1995-12-10
Junior Developer,New Zealand,54453.66,2024-05-15,1976-02-18
System Administrator,New Zealand,88514.24,2019-07-24,1985-11-08
Project Manager,Netherlands,94396.79,2019-01-28,1980-07-02
Graphic Designer,Canada,55716.90,2019-08-27,1994-04-04
HR Manager,Australia,69857.38,2024-06-16,1983-10-19
HR Manager,Ireland,82812.31,2016-08-02,1974-07-15
Operations Manager,Sweden,97297.95,2019-06-09,1976-06-20
Network Engineer,France,97925.48,2019-05-21,1990-02-19
Operations Manager,Singapore,110072.06,2019-10-20,1996-05-16
Security Analyst,UK,91204.04,2021-01-05,1998-05-10
System Administrator,Japan,80365.12,2021-03-16,1974-08-31
Cloud Architect,Norway,125571.92,2019-01-22,1980-01-24
Support Engineer,Brazil,61535.46,2018-04-04,1976-06-08
Marketing Manager,USA,109430.45,2024-08-09,1986-10-07
Product Manager,Germany,117553.02,2023-10-16,1979-11-20
Product Manager,New Zealand,118882.88,2018-07-08,1981-02-24
Compliance Officer,Mexico,101313.70,2022-06-25,1976-04-11
HR Manager,Ireland,75845.80,2018-09-24,1986-01-14
Frontend Developer,India,98928.46,2017-08-20,1993-04-30
Support Engineer,Norway,64189.25,2023-09-19,1995-02-23
Scrum Master,Australia,82845.74,2024-10-18,1992-11-04
Frontend Developer,South Africa,62050.87,2022-02-09,1981-08-31
Backend Developer,Denmark,72030.09,2022-09-06,1998-12-07
Compliance Officer,India,89094.03,2019-06-23,2000-12-13
Database Administrator,India,79182.33,2017-06-19,1970-10-12
Security Analyst,Ireland,86925.87,2020-07-31,1983-08-18
Senior Software Engineer,USA,132425.49,2024-01-01,1973-07-17
IT Specialist,Sweden,62160.06,2020-07-25,1988-12-13
Product Manager,Australia,114459.81,2019-10-10,1977-10-02
CTO,Germany,230971.52,2019-11-11,1991-10-24
Machine Learning Engineer,India,102492.74,2019-01-16,1982-05-07
Engineering Manager,Denmark,125930.32,2021-10-11,1977-12-15
DevOps Engineer,Sweden,108200.47,2021-12-17,1976-02-25
VP of Engineering,UK,185610.66,2024-12-22,1974-05-12
Software Engineer,Germany,70073.97,2018-12-13,1975-10-10
HR Manager,Canada,65211.85,2021-12-07,2000-02-18
Operations Manager,Norway,107730.38,2021-09-21,1975-01-11
System Administrator,Switzerland,79130.19,2015-07-06,1973-12-17
Technical Writer,Singapore,64341.05,2016-11-21,1984-08-17
Database Administrator,Mexico,66232.92,2022-06-07,1983-07-04
Engineering Manager,Germany,149981.51,2017-07-25,1999-03-22
Finance Manager,Netherlands,102353.66,2018-02-02,1982-03-08
Database Administrator,Ireland,91780.28,2018-02-27,1983-11-28
Database Administrator,Brazil,81883.39,2023-09-05,1999-01-09
CTO,Switzerland,222739.92,2023-12-11,1993-01-25
Legal Counsel,South Africa,144570.78,2016-06-27,1985-09-21
Compliance Officer,USA,100950.40,2017-08-12,1970-09-10
Security Analyst,Australia,113373.75,2023-12-30,1976-07-15
Product Manager,Netherlands,118741.64,2021-04-17,2000-05-19
Project Manager,France,103621.52,2016-02-23,1983-05-26
Scrum Master,UK,97691.63,2024-05-12,1988-04-14
QA Engineer,Brazil,60934.71,2019-10-19,1973-04-14
Graphic Designer,Ireland,64348.14,2017-01-11,1970-10-27
Sales Manager,Ireland,113497.73,2017-01-25,2000-06-11
Data Scientist,Norway,98198.60,2019-04-11,1973-03-01
Legal Counsel,New Zealand,127010.43,2019-10-24,1987-06-12
HR Manager,Mexico,76399.23,2018-01-08,1993-12-15
Operations Manager,Canada,86176.36,2020-09-21,1974-03-14
IT Specialist,New Zealand,60344.93,2024-06-28,1970-02-27
Scrum Master,Mexico,93357.18,2018-06-22,1992-03-12
Junior Developer,New Zealand,47579.81,2021-11-19,1974-08-03
Technical Writer,Ireland,60728.58,2022-03-31,1981-01-26
Operations Manager,India,110380.12,2016-03-17,1991-08-16
Sales Manager,France,104145.91,2020-11-26,1991-09-27
VP of Engineering,Germany,170216.77,2022-04-08,2000-06-05
System Administrator,France,76559.95,2019-05-25,1996-01-16
VP of Engineering,India,193018.12,2016-02-01,1991-12-20
Project Manager,Denmark,113885.83,2018-07-02,1980-05-20
Customer Success Manager,Norway,96164.46,2019-04-26,1970-08-31
System Administrator,Denmark,80158.02,2024-12-10,1997-10-21
HR Manager,USA,67834.32,2016-10-18,1998-06-13
IT Specialist,South Africa,55174.26,2021-02-25,1998-04-17
Machine Learning Engineer,India,100936.95,2020-10-17,1985-01-08
Customer Success Manager,Ireland,89274.03,2017-08-15,1974-04-11
Financial Analyst,Japan,80452.03,2019-07-13,1983-08-14
Financial Analyst,UK,92432.10,2017-06-11,1998-06-15
Senior Software Engineer,New Zealand,104725.60,2022-12-27,1987-08-31
UX Designer,Brazil,97716.94,2018-10-04,1970-06-20
Engineering Manager,India,132741.12,2021-01-10,1990-01-17
QA Engineer,Germany,79894.65,2015-09-02,1978-07-15
Financial Analyst,Singapore,84092.64,2022-05-24,1992-02-19
Senior Software Engineer,Canada,138604.59,2019-03-13,1977-09-18
Support Engineer,Netherlands,75982.05,2023-06-07,1972-07-23
Marketing Manager,India,90790.70,2017-04-26,1983-10-20
Cloud Architect,USA,136216.89,2017-04-02,1971-10-13
Customer Success Manager,New Zealand,80347.13,2015-12-22,1980-11-30
Legal Counsel,Norway,149686.22,2022-05-20,1998-06-23
IT Specialist,Denmark,61700.55,2019-01-17,1977-12-26
Sales Manager,South Africa,93703.17,2015-12-03,2000-04-11
Security Analyst,Sweden,109634.46,2022-01-24,1983-05-21
Engineering Manager,Mexico,138219.73,2017-03-28,1970-05-29
Graphic Designer,Norway,74964.49,2015-11-13,1982-09-24
Software Engineer,Sweden,67192.29,2022-08-07,1983-08-11
Project Manager,Brazil,105434.62,2017-03-17,1970-12-02
Support Engineer,Brazil,73266.49,2018-11-16,1974-08-08
Operations Manager,Denmark,90617.43,2019-11-01,1977-02-05
Security Analyst,Brazil,117682.26,2016-04-10,1973-05-19
Operations Manager,India,96328.54,2024-02-22,1989-12-17
VP of Engineering,Switzerland,164856.42,2016-03-23,1994-12-06
Business Analyst,Brazil,77697.54,2019-12-25,1985-05-12
QA Engineer,Switzerland,57444.87,2015-01-20,1989-01-20
Business Analyst,Canada,82114.87,2016-11-02,1998-09-16
Security Analyst,Japan,79080.66,2020-06-10,1979-03-17
Data Scientist,Brazil,126125.84,2020-09-06,1999-06-05
Graphic Designer,USA,64959.07,2018-03-31,1983-12-04
Accountant,Japan,74155.21,2020-04-28,1978-12-21
Financial Analyst,Ireland,78408.48,2017-02-07,1987-12-10
Junior Developer,New Zealand,69189.54,2018-05-01,1973-02-10
Scrum Master,Germany,86073.65,2018-06-10,1982-04-15
UI Designer,Netherlands,83586.30,2020-02-12,1985-02-14
Data Analyst,UAE,73888.34,2024-04-24,1986-05-11
Customer Success Manager,South Africa,71616.81,2021-06-24,1971-06-19
Legal Counsel,Ireland,137364.91,2023-11-05,1973-10-21
Database Administrator,Japan,79499.09,2017-02-23,1977-01-06
Software Engineer,UAE,71132.35,2019-12-31,1996-12-01
Junior Developer,Australia,63140.85,2016-11-30,1970-09-17
Network Engineer,New Zealand,96681.58,2023-05-23,1981-04-09
Network Engineer,Germany,80645.88,2016-12-20,1980-09-17
Financial Analyst,Norway,84753.48,2017-07-17,1973-09-20
Engineering Manager,South Africa,112176.84,2023-08-20,1977-02-25
Machine Learning Engineer,Brazil,138346.91,2021-12-16,1993-09-22
Customer Success Manager,Canada,95083.93,2024-12-19,1989-07-03
Technical Writer,Denmark,60811.47,2024-01-16,1994-01-19
UI Designer,Canada,62267.53,2023-05-19,1989-01-21
QA Engineer,Japan,84784.85,2016-03-27,1989-03-12
Engineering Manager,Australia,111190.26,2020-05-30,1990-07-06
VP of Engineering,USA,172298.86,2023-07-25,1989-09-04
IT Specialist,Japan,80376.86,2019-04-07,1985-06-27
Accountant,Netherlands,58975.75,2015-11-08,1987-03-14
HR Manager,Denmark,69897.96,2021-11-04,1983-03-02
Legal Counsel,Singapore,127693.04,2022-11-02,1987-12-01
Operations Manager,Brazil,106991.95,2024-09-24,1997-05-17
Operations Manager,USA,105100.00,2019-07-27,1992-07-02
UX Designer,Singapore,77079.72,2021-04-02,2000-01-28
Network Engineer,UAE,76760.37,2016-10-19,1979-01-11
Compliance Officer,Australia,89694.09,2024-11-18,1987-03-04
IT Specialist,Canada,77875.53,2016-11-27,1980-11-10
Network Engineer,Sweden,97985.33,2018-11-19,1979-04-03
Scrum Master,UAE,89821.07,2020-11-09,1976-10-05
UI Designer,Singapore,71234.88,2021-02-15,1971-07-24
Senior Software Engineer,France,118263.97,2018-10-29,1995-07-05
Finance Manager,Japan,122798.87,2022-06-22,1982-08-30
Data Scientist,Ireland,112019.18,2020-11-10,1993-06-16
UI Designer,France,74551.62,2024-02-16,1974-03-31
Senior Software Engineer,Switzerland,94523.38,2018-01-24,1988-03-26
Operations Manager,Japan,76389.72,2022-06-02,1992-10-05
Network Engineer,Canada,83145.02,2017-03-18,1985-11-28
Full Stack Developer,South Africa,88040.87,2016-05-07,1978-07-20
Frontend Developer,UAE,68388.18,2017-06-01,1973-10-31
Scrum Master,New Zealand,102345.22,2022-02-12,1996-02-14
IT Specialist,Singapore,75847.71,2022-11-28,1995-12-16
UX Designer,USA,74670.78,2023-06-05,1999-08-06
Frontend Developer,New Zealand,83260.85,2018-07-10,1996-10-04
Frontend Developer,Denmark,72281.97,2022-10-22,1970-01-28
Senior Software Engineer,Denmark,98552.47,2022-08-23,2000-11-07
QA Engineer,South Africa,62078.28,2022-08-20,1993-07-22
Legal Counsel,Switzerland,134614.15,2020-07-22,1991-03-07
Scrum Master,Norway,84158.15,2018-05-31,1971-06-29
UX Designer,Mexico,88320.04,2015-03-03,1973-01-06
Data Scientist,Denmark,88621.40,2020-12-01,1983-08-26
Financial Analyst,Brazil,71175.44,2020-01-07,1987-01-24
Accountant,New Zealand,61093.41,2018-06-13,1975-01-26
Graphic Designer,Singapore,60489.96,2020-01-05,1993-02-09
Marketing Manager,Ireland,108584.84,2018-01-26,1991-01-25
Finance Manager,UK,93150.61,2015-04-24,1972-07-20
Operations Manager,UK,88901.15,2024-09-14,1998-03-08
Business Analyst,USA,89284.33,2020-01-24,1977-05-04
Software Engineer,UAE,62714.63,2017-03-10,1991-05-15
Financial Analyst,South Africa,68556.85,2021-11-03,1980-03-31
Backend Developer,New Zealand,80328.39,2020-05-06,1997-11-16
Compliance Officer,Australia,82165.57,2016-09-12,1975-10-22
Technical Writer,South Africa,75983.58,2021-06-11,1981-12-15
Operations Manager,Japan,85799.64,2022-01-18,1987-06-29
Senior Software Engineer,UK,100383.06,2019-09-16,1990-09-15
Data Scientist,Norway,85134.20,2016-03-03,1994-02-21
HR Manager,New Zealand,92415.68,2023-05-14,1980-05-16
Content Writer,Ireland,54923.23,2020-06-18,1973-12-31
VP of Engineering,Netherlands,186002.69,2018-11-23,1983-09-04
Scrum Master,Switzerland,89407.91,2019-07-27,2000-12-11
Support Engineer,New Zealand,54013.93,2018-10-30,1987-05-30
System Administrator,Denmark,79529.19,2019-12-05,1982-07-27
QA Engineer,Ireland,59615.76,2020-06-09,1977-01-27
VP of Engineering,Brazil,156974.39,2021-08-12,1984-12-22
QA Engineer,France,62693.06,2021-05-30,1971-04-18
Sales Manager,New Zealand,115624.91,2024-01-31,1992-10-17
IT Specialist,Sweden,55998.91,2024-07-07,1993-03-15
Operations Manager,USA,95986.54,2015-08-16,1977-11-19
Support Engineer,UK,52228.02,2019-04-26,1980-08-31
Legal Counsel,Germany,147737.46,2016-05-25,1976-05-05
Business Analyst,Singapore,60100.75,2020-09-06,1981-11-17
Senior Software Engineer,Switzerland,121566.10,2017-09-21,1998-05-15
Engineering Manager,France,139075.73,2023-04-23,1978-11-25
Business Analyst,Canada,68134.56,2018-03-30,1998-01-01
Senior Software Engineer,South Africa,104837.54,2017-12-11,1988-06-07
Financial Analyst,Singapore,72274.36,2016-09-03,1995-08-17
Finance Manager,Mexico,97592.57,2018-09-08,1989-05-16
Finance Manager,Ireland,103680.34,2016-05-24,1998-02-11
Support Engineer,Norway,55443.74,2015-12-20,1983-09-09
Product Manager,Australia,144986.85,2020-09-03,2000-02-13
Content Writer,Singapore,62164.36,2015-06-03,1990-02-01
Financial Analyst,Netherlands,78137.65,2021-09-12,2000-05-28
CTO,New Zealand,276012.08,2018-07-19,1992-01-04
Junior Developer,Denmark,51140.96,2017-12-03,1979-07-22
Machine Learning Engineer,India,115165.22,2018-09-29,1976-08-30
Scrum Master,Singapore,84720.62,2018-07-06,1981-03-05
System Administrator,New Zealand,79862.26,2015-11-16,1992-01-28
Customer Success Manager,India,87341.12,2021-07-24,1977-01-15
Operations Manager,Japan,98696.73,2022-06-06,1981-06-21
Backend Developer,USA,86891.31,2016-05-31,1996-07-12
Graphic Designer,Sweden,73278.20,2018-03-31,1977-05-22
Compliance Officer,Switzerland,76509.18,2016-03-03,1997-02-11
Network Engineer,France,70986.93,2019-02-20,1977-06-07
Cloud Architect,UAE,109044.86,2016-06-13,1999-02-15
Financial Analyst,Mexico,77599.53,2020-10-05,1973-11-22
UX Designer,UK,93882.29,2019-11-05,1981-01-29
Data Analyst,Norway,58084.97,2017-08-28,1980-05-04
CTO,New Zealand,247800.96,2018-06-28,1976-03-14
Junior Developer,Mexico,68914.37,2021-02-19,1983-09-19
Machine Learning Engineer,UAE,107526.97,2017-10-25,1970-03-29
Financial Analyst,Switzerland,77285.14,2015-01-25,1987-08-25
Full Stack Developer,Germany,104899.54,2015-10-01,1973-03-24
Project Manager,South Africa,98993.91,2019-10-11,1993-03-11
Compliance Officer,Switzerland,100984.83,2024-06-22,1988-01-28
Business Analyst,Australia,83399.24,2023-09-03,2000-09-26
Content Writer,USA,63074.71,2015-12-23,1997-07-23
Operations Manager,Netherlands,89634.23,2022-07-10,1998-12-18
System Administrator,Germany,64213.33,2020-01-24,1982-12-12
HR Manager,Sweden,91055.44,2015-07-16,1988-02-18
CTO,France,245910.79,2024-12-27,1970-11-26
Technical Writer,Brazil,71079.53,2024-04-30,1986-01-15
Backend Developer,Sweden,71778.89,2022-04-16,1987-10-09
Finance Manager,Canada,87308.12,2022-06-27,1996-05-25
Project Manager,Australia,115344.95,2019-04-09,1976-09-15
Legal Counsel,Mexico,98502.70,2017-10-28,1990-02-01
VP of Engineering,UAE,200569.58,2021-10-21,1981-04-26
Support Engineer,Sweden,57374.46,2016-04-25,1986-08-22
Project Manager,Germany,91492.19,2018-05-31,1971-03-19
Finance Manager,UK,106176.22,2018-06-07,1986-06-09
Customer Success Manager,Australia,95703.62,2018-08-25,1988-03-29
Full Stack Developer,Netherlands,80258.80,2017-05-19,1997-09-15
HR Manager,India,96205.38,2017-10-02,1986-01-31
Database Administrator,India,97466.02,2020-07-09,1999-11-21
Business Analyst,Denmark,92648.13,2022-09-23,1993-07-01
Technical Writer,Brazil,79082.99,2018-12-02,1977-07-14
Marketing Manager,New Zealand,105863.42,2024-06-15,1987-02-25
Product Manager,Norway,92500.22,2017-01-04,1973-09-29
Senior Software Engineer,Switzerland,110280.32,2015-03-24,1989-04-07
Frontend Developer,Mexico,63074.36,2016-01-30,1996-02-25
Senior Software Engineer,Switzerland,95796.21,2024-03-08,1974-04-02
Frontend Developer,Canada,69027.46,2019-01-12,1978-12-16
DevOps Engineer,Mexico,80765.19,2019-04-11,1982-05-28
UX Designer,Netherlands,75653.68,2021-11-15,1979-12-24
Customer Success Manager,Australia,87960.81,2016-01-27,1998-03-14
Support Engineer,Japan,77382.22,2018-02-04,1993-06-06
HR Manager,Germany,69732.16,2019-11-19,2000-04-15
Security Analyst,Brazil,91370.58,2022-07-20,1973-03-02
Financial Analyst,UAE,87209.57,2016-03-23,1977-01-02
Frontend Developer,UAE,67852.85,2019-04-04,1985-03-16
IT Specialist,India,56545.11,2022-09-06,1995-02-20
QA Engineer,India,69754.44,2018-05-08,1972-02-10
Software Engineer,Switzerland,86320.33,2015-11-10,1978-04-26
VP of Engineering,Denmark,179318.10,2018-12-07,1984-05-10
Technical Writer,India,78841.26,2024-11-17,1987-08-01
Sales Manager,Brazil,119109.42,2020-04-25,1977-08-04
DevOps Engineer,Sweden,109908.28,2017-07-22,1973-09-27
Content Writer,Denmark,45473.35,2017-02-08,1996-11-23
UI Designer,France,72809.41,2020-04-30,1989-11-06
Marketing Manager,South Africa,84308.40,2019-10-09,1982-02-13
Legal Counsel,Ireland,104391.68,2020-10-21,1991-04-28
HR Manager,USA,77972.21,2018-01-11,1989-07-20
Graphic Designer,France,61644.44,2015-01-30,1972-02-18
Full Stack Developer,India,91032.63,2023-02-12,1983-06-12
QA Engineer,France,59615.21,2021-12-10,1983-04-30
HR Manager,Singapore,74122.23,2015-12-30,1972-08-13
Business Analyst,UK,67346.35,2017-04-05,1983-05-04
Finance Manager,Netherlands,110372.34,2017-12-30,1976-08-07
DevOps Engineer,UAE,99744.20,2015-10-21,1981-12-12
Full Stack Developer,Brazil,91195.00,2022-01-21,1974-11-14
Database Administrator,France,78634.20,2020-07-05,1982-12-12
Operations Manager,Australia,97421.85,2020-09-06,1976-07-27
QA Engineer,Switzerland,56313.87,2015-10-09,2000-05-19
Scrum Master,Norway,87083.26,2015-03-05,1988-09-06
CTO,Brazil,215957.26,2021-12-08,1984-02-19
VP of Engineering,South Africa,199800.74,2015-01-24,1986-10-31
QA Engineer,Denmark,61255.02,2020-06-17,1976-12-14
Security Analyst,Singapore,113858.11,2016-03-31,1988-12-12
Scrum Master,Ireland,82085.36,2021-06-08,1973-02-26
Accountant,Ireland,65738.77,2019-03-14,1987-09-22
Technical Writer,New Zealand,68825.48,2020-05-27,1972-06-16
Security Analyst,New Zealand,118811.69,2022-03-16,1981-07-02
HR Manager,India,98930.84,2016-02-23,1988-02-13
Project Manager,Sweden,96242.24,2022-05-15,1983-04-27
Product Manager,USA,111357.25,2018-05-10,1981-01-17
Data Scientist,South Africa,108900.25,2018-11-13,1971-03-13
Compliance Officer,USA,86557.62,2016-02-21,1971-03-20
Backend Developer,India,77159.28,2018-06-30,1989-09-05
DevOps Engineer,Sweden,100517.81,2021-07-15,1977-03-09
Database Administrator,Singapore,96815.81,2019-01-08,1983-09-16
Product Manager,UAE,91442.44,2016-02-09,1990-10-09
Sales Manager,Canada,95474.14,2018-02-19,1987-08-25
UX Designer,Singapore,77585.44,2021-07-13,1987-05-12
Finance Manager,Netherlands,99991.63,2024-08-11,2000-12-06
Frontend Developer,Netherlands,87176.31,2022-09-29,1970-06-17
Graphic Designer,New Zealand,56750.35,2022-04-22,1986-01-05
Full Stack Developer,USA,101270.77,2019-01-11,1979-10-11
UX Designer,USA,85632.94,2018-08-31,1973-03-21
Product Manager,Singapore,132093.09,2020-12-19,1979-10-09
Data Analyst,Switzerland,77184.16,2023-09-09,1997-08-31
UX Designer,UK,94904.05,2017-02-14,1991-07-25
CTO,Sweden,244552.58,2021-01-31,1993-09-22
Engineering Manager,Japan,129384.48,2020-06-15,1979-05-30
Marketing Manager,Japan,107332.49,2024-08-13,1990-09-25
UI Designer,France,90363.08,2017-05-21,1982-09-26
UI Designer,UAE,77389.30,2019-04-21,1991-06-07
Operations Manager,Denmark,106564.96,2021-02-26,1986-11-17
System Administrator,New Zealand,79911.30,2015-05-29,1987-01-15
Finance Manager,UK,90988.13,2024-10-11,1997-01-22
Machine Learning Engineer,UAE,106107.56,2020-03-27,1980-01-23
HR Manager,Netherlands,75131.56,2016-12-17,1992-02-11
Project Manager,Norway,81685.23,2021-09-02,1991-03-11
Accountant,New Zealand,57206.93,2019-06-03,1991-08-08
UX Designer,South Africa,67450.34,2019-10-13,1978-04-27
Compliance Officer,Germany,84563.14,2023-02-23,1983-09-09
Business Analyst,UK,62242.59,2015-11-16,1977-11-27
Junior Developer,Mexico,47625.96,2024-06-22,1981-07-11
Technical Writer,Sweden,56115.36,2024-09-29,1977-07-29
IT Specialist,Sweden,67887.58,2020-10-20,1991-08-27
Customer Success Manager,Japan,84729.64,2015-07-23,1992-11-16
Security Analyst,India,112715.75,2020-12-31,1983-12-29
Content Writer,Brazil,42518.25,2017-11-19,1973-03-27
Content Writer,Singapore,61193.60,2017-09-15,1977-11-26
Scrum Master,Mexico,88363.05,2020-11-01,1994-03-03
Content Writer,Norway,46054.49,2020-10-25,1999-12-04
Sales Manager,South Africa,101628.08,2024-12-03,1992-01-19
IT Specialist,South Africa,77853.22,2015-10-08,1998-09-23
Engineering Manager,Canada,157818.19,2019-04-17,1988-06-28
VP of Engineering,Norway,156363.75,2024-04-13,1974-10-03
Project Manager,Australia,92048.87,2021-01-24,1975-12-30
VP of Engineering,Japan,200311.84,2018-06-27,1992-08-21
Technical Writer,Denmark,80000.77,2020-12-08,1976-06-27
Financial Analyst,Sweden,99156.94,2016-07-27,1989-02-20
Machine Learning Engineer,Japan,103469.24,2024-08-13,1974-09-27
Network Engineer,UK,78926.35,2020-04-02,1977-02-25
Marketing Manager,Singapore,75343.06,2023-01-01,1982-07-17
Database Administrator,Germany,70054.49,2016-11-26,1996-02-29
UX Designer,Sweden,71308.61,2017-03-11,1997-06-23
UI Designer,Norway,74390.52,2022-04-25,1994-11-02
Scrum Master,Mexico,104968.72,2024-12-05,1990-09-15
Senior Software Engineer,Netherlands,138592.62,2015-04-06,1990-02-09
Project Manager,UK,84824.57,2024-03-25,1997-05-01
Graphic Designer,Singapore,45059.37,2021-09-01,1995-06-12
HR Manager,Canada,92001.25,2021-10-10,1996-12-05
UI Designer,Ireland,82260.54,2015-05-09,1982-11-09
Finance Manager,Norway,126845.17,2020-02-10,1999-07-20
Customer Success Manager,Norway,75428.13,2015-03-13,1992-08-27
Graphic Designer,Sweden,49369.28,2023-11-01,1973-04-15
VP of Engineering,Germany,201677.04,2018-06-30,1996-02-23
Senior Software Engineer,South Africa,97809.97,2023-02-11,1983-12-24
Scrum Master,France,85053.53,2019-04-27,1971-09-02
DevOps Engineer,Singapore,81006.17,2018-02-02,1988-04-05
Senior Software Engineer,Switzerland,101572.04,2017-10-24,1994-09-26
Graphic Designer,Germany,48945.03,2018-10-26,1975-06-19
Finance Manager,UK,116610.65,2015-01-14,1977-12-18
UI Designer,Germany,60527.66,2017-08-25,1990-07-20
Marketing Manager,Australia,73860.38,2015-03-31,1985-07-26
Frontend Developer,France,65176.51,2022-06-08,1988-01-08
CTO,Netherlands,232642.64,2015-01-29,1974-01-18
Security Analyst,Switzerland,102162.14,2019-03-27,1970-06-25
UX Designer,Switzerland,86782.93,2022-07-13,1983-03-15
Marketing Manager,Norway,96883.15,2015-01-11,1971-08-27
Database Administrator,Germany,74266.50,2017-12-07,1995-01-29
CTO,Canada,203579.50,2019-01-04,1989-01-30
Frontend Developer,Brazil,62454.88,2022-12-31,1991-03-08
Backend Developer,Switzerland,88442.07,2023-02-12,1978-06-02
Business Analyst,India,77090.76,2016-05-24,1976-06-04
Graphic Designer,India,47876.48,2022-07-24,1984-07-08
QA Engineer,New Zealand,82960.65,2021-11-04,1993-05-19
QA Engineer,Canada,65069.52,2021-11-22,1987-08-14
Full Stack Developer,France,100357.30,2015-07-14,1992-07-30
IT Specialist,Australia,73124.98,2020-09-26,1981-12-09
Network Engineer,India,99061.21,2015-12-09,1993-05-10
Full Stack Developer,Japan,74662.97,2024-05-28,1973-03-21
Junior Developer,Singapore,68524.53,2020-10-03,1971-05-10
Junior Developer,Norway,69935.54,2020-05-17,1986-12-23
Support Engineer,Singapore,55513.80,2017-08-03,1977-03-01
Engineering Manager,Mexico,126840.67,2017-05-14,1982-05-18
Junior Developer,South Africa,63412.86,2015-08-05,1990-08-23
Finance Manager,New Zealand,108375.05,2015-04-27,1973-05-01
Sales Manager,Sweden,93355.44,2016-12-27,1987-05-15
Accountant,UK,64645.77,2020-07-12,1985-08-02
Marketing Manager,Mexico,85034.03,2022-02-26,1987-07-27
Technical Writer,Singapore,56680.14,2024-03-29,1997-08-14
DevOps Engineer,Canada,114543.07,2019-03-27,1978-09-18
Project Manager,New Zealand,110144.70,2017-09-06,1998-03-19
VP of Engineering,UAE,212877.18,2023-01-05,1994-01-08
Scrum Master,UAE,95862.84,2016-07-22,1988-10-23
Financial Analyst,India,80900.74,2024-01-22,1984-03-20
Project Manager,Japan,103200.86,2020-02-15,1973-02-13
Legal Counsel,Brazil,111774.07,2017-01-20,1978-03-07
Financial Analyst,South Africa,78158.74,2016-11-12,1971-02-24
Operations Manager,Denmark,111204.20,2017-04-26,1985-01-31
Sales Manager,Switzerland,75156.43,2023-10-09,1981-10-16
Project Manager,Netherlands,87568.77,2020-07-25,1974-12-22
Financial Analyst,Switzerland,87467.85,2017-06-28,1985-12-01
System Administrator,UK,56391.01,2024-05-03,1975-10-11
Database Administrator,Canada,66881.38,2019-10-14,1992-07-14
Machine Learning Engineer,UAE,108529.11,2021-11-16,1971-03-08
Finance Manager,Japan,126845.05,2024-08-11,1991-09-09
Operations Manager,Mexico,90068.71,2018-08-20,1992-06-25
Junior Developer,New Zealand,48221.51,2015-08-31,1988-11-21
Software Engineer,UAE,93194.50,2017-12-08,1983-06-07
Junior Developer,Sweden,67747.43,2024-04-27,1990-11-03
Scrum Master,New Zealand,100246.23,2017-04-30,1991-09-09
UI Designer,UAE,71702.56,2016-08-21,1970-05-08
Senior Software Engineer,Mexico,113494.15,2022-04-12,1975-02-04
Support Engineer,Sweden,71721.01,2019-04-30,1988-11-08
Frontend Developer,South Africa,76855.87,2024-12-26,1996-01-28
Backend Developer,UAE,84595.33,2015-07-03,1986-11-02
